#
# There is insufficient memory for the Java Runtime Environment to continue.
# Native memory allocation (mmap) failed to map 1115684864 bytes. Error detail: G1 virtual space
# Possible reasons:
#   The system is out of physical RAM or swap space
#   This process is running with CompressedOops enabled, and the Java Heap may be blocking the growth of the native heap
# Possible solutions:
#   Reduce memory load on the system
#   Increase physical memory or swap space
#   Check if swap backing store is full
#   Decrease Java heap size (-Xmx/-Xms)
#   Decrease number of Java threads
#   Decrease Java thread stack sizes (-Xss)
#   Set larger code cache with -XX:ReservedCodeCacheSize=
#   JVM is running with Zero Based Compressed Oops mode in which the Java heap is
#     placed in the first 32GB address space. The Java Heap base address is the
#     maximum limit for the native heap growth. Please use -XX:HeapBaseMinAddress
#     to set the Java Heap base and to place the Java Heap above 32GB virtual address.
# This output file may be truncated or incomplete.
#
#  Out of Memory Error (os_windows.cpp:3679), pid=12096, tid=25420
#
# JRE version: OpenJDK Runtime Environment Microsoft-10376486 (17.0.13+11) (build 17.0.13+11-LTS)
# Java VM: OpenJDK 64-Bit Server VM Microsoft-10376486 (17.0.13+11-LTS, mixed mode, sharing, tiered, compressed oops, compressed class ptrs, g1 gc, windows-amd64)
# No core dump will be written. Minidumps are not enabled by default on client versions of Windows
#

---------------  S U M M A R Y ------------

Command Line: --add-opens=java.base/java.lang=ALL-UNNAMED --add-opens=java.base/java.lang.invoke=ALL-UNNAMED --add-opens=java.base/java.util=ALL-UNNAMED --add-opens=java.prefs/java.util.prefs=ALL-UNNAMED --add-exports=jdk.compiler/com.sun.tools.javac.api=ALL-UNNAMED --add-exports=jdk.compiler/com.sun.tools.javac.util=ALL-UNNAMED --add-opens=java.base/java.util=ALL-UNNAMED --add-opens=java.prefs/java.util.prefs=ALL-UNNAMED --add-opens=java.base/java.nio.charset=ALL-UNNAMED --add-opens=java.base/java.net=ALL-UNNAMED --add-opens=java.base/java.util.concurrent.atomic=ALL-UNNAMED --add-opens=java.xml/javax.xml.namespace=ALL-UNNAMED -XX:MaxMetaspaceSize=1024m -Xmx4096m -Dfile.encoding=windows-1252 -Duser.country=IN -Duser.language=en -Duser.variant -javaagent:C:\Users\laxman\.gradle\wrapper\dists\gradle-8.13-bin\5xuhj0ry160q40clulazy9h7d\gradle-8.13\lib\agents\gradle-instrumentation-agent-8.13.jar org.gradle.launcher.daemon.bootstrap.GradleDaemon 8.13

Host: AMD Ryzen 5 5500U with Radeon Graphics         , 12 cores, 5G,  Windows 11 , 64 bit Build 22621 (10.0.22621.5262)
Time: Thu Jun 19 15:43:21 2025 India Standard Time elapsed time: 114.977598 seconds (0d 0h 1m 54s)

---------------  T H R E A D  ---------------

Current thread (0x000002c77f053c10):  VMThread "VM Thread" [stack: 0x000000e2d4400000,0x000000e2d4500000] [id=25420]

Stack: [0x000000e2d4400000,0x000000e2d4500000]
Native frames: (J=compiled Java code, j=interpreted, Vv=VM code, C=native code)
V  [jvm.dll+0x687fc9]
V  [jvm.dll+0x83eeb8]
V  [jvm.dll+0x840963]
V  [jvm.dll+0x840fd3]
V  [jvm.dll+0x24951f]
V  [jvm.dll+0x684f89]
V  [jvm.dll+0x6794aa]
V  [jvm.dll+0x30ad27]
V  [jvm.dll+0x312296]
V  [jvm.dll+0x362bde]
V  [jvm.dll+0x362e1d]
V  [jvm.dll+0x2e1fbc]
V  [jvm.dll+0x2e0369]
V  [jvm.dll+0x2dfacc]
V  [jvm.dll+0x32267b]
V  [jvm.dll+0x84580d]
V  [jvm.dll+0x846543]
V  [jvm.dll+0x846a6f]
V  [jvm.dll+0x846e54]
V  [jvm.dll+0x846f1e]
V  [jvm.dll+0x7eea6c]
V  [jvm.dll+0x686ea7]
C  [ucrtbase.dll+0x29333]
C  [KERNEL32.DLL+0x1259d]
C  [ntdll.dll+0x5af58]

VM_Operation (0x000000e2dd3f9880): G1CollectForAllocation, mode: safepoint, requested by thread 0x000002c73eac4f20


---------------  P R O C E S S  ---------------

Threads class SMR info:
_java_thread_list=0x000002c73faa6860, length=214, elements={
0x000002c75bcab410, 0x000002c77f0591c0, 0x000002c77f059f50, 0x000002c77f06f860,
0x000002c77f071740, 0x000002c77f074020, 0x000002c77f0748f0, 0x000002c77f0754f0,
0x000002c77f079890, 0x000002c77f07a1a0, 0x000002c77f044450, 0x000002c77f3655d0,
0x000002c739cd23a0, 0x000002c739b67fc0, 0x000002c73996d030, 0x000002c77fd91ea0,
0x000002c77fd92380, 0x000002c73a3d2580, 0x000002c73a3d48f0, 0x000002c73a3d2070,
0x000002c73a3d2a90, 0x000002c73a3d39c0, 0x000002c73a3d3ed0, 0x000002c73a3d43e0,
0x000002c73a3d4e00, 0x000002c73a3d5310, 0x000002c73a3d5820, 0x000002c73a3d2fa0,
0x000002c73ce05970, 0x000002c73ce021c0, 0x000002c73ce026d0, 0x000002c73ce03b10,
0x000002c73ce00870, 0x000002c73ce05e80, 0x000002c73ce02be0, 0x000002c73ce01290,
0x000002c73ce06390, 0x000002c73ce03600, 0x000002c73ce04020, 0x000002c73ce04530,
0x000002c73cdfef20, 0x000002c73ce04f50, 0x000002c73ce05460, 0x000002c73ce00d80,
0x000002c73ce00360, 0x000002c73ce068a0, 0x000002c73cdff430, 0x000002c73cef4150,
0x000002c73cef2800, 0x000002c73cef7e10, 0x000002c73cef4b70, 0x000002c73cef7900,
0x000002c73cef8320, 0x000002c73cef8830, 0x000002c73cef5aa0, 0x000002c73cefa180,
0x000002c73cef9760, 0x000002c73cef2d10, 0x000002c73cef5080, 0x000002c73cef5590,
0x000002c73cef6ee0, 0x000002c73cef5fb0, 0x000002c73cef64c0, 0x000002c73cef9250,
0x000002c73cef69d0, 0x000002c73cef8d40, 0x000002c73cef73f0, 0x000002c73cef9c70,
0x000002c73cef4660, 0x000002c73cef3220, 0x000002c73cef3730, 0x000002c73cef3c40,
0x000002c7396ac000, 0x000002c7396ae880, 0x000002c7396ac510, 0x000002c7396a9780,
0x000002c7396ae370, 0x000002c7396aca20, 0x000002c7396afcc0, 0x000002c7396acf30,
0x000002c7396ab5e0, 0x000002c7396b01d0, 0x000002c7396ad440, 0x000002c7396ad950,
0x000002c7396b06e0, 0x000002c7396a9270, 0x000002c7396aed90, 0x000002c7396aabc0,
0x000002c7396af2a0, 0x000002c7396ab0d0, 0x000002c7396abaf0, 0x000002c73eb13b60,
0x000002c73eb103b0, 0x000002c73eb0db30, 0x000002c73eb11d00, 0x000002c73eb12720,
0x000002c73eb0e040, 0x000002c73eb108c0, 0x000002c73eb0cc00, 0x000002c73eb117f0,
0x000002c73eb0c6f0, 0x000002c73eb14070, 0x000002c73eb0f480, 0x000002c73eb12210,
0x000002c73eb12c30, 0x000002c73eb0e550, 0x000002c73eb13140, 0x000002c73eb0d110,
0x000002c73eb0f990, 0x000002c73eb112e0, 0x000002c73eb0d620, 0x000002c73eb0ea60,
0x000002c73eb10dd0, 0x000002c73eb0ef70, 0x000002c73eb0fea0, 0x000002c73eb13650,
0x000002c73eac4500, 0x000002c73eabf910, 0x000002c73eac2bb0, 0x000002c73eac5940,
0x000002c73eac26a0, 0x000002c73eac6360, 0x000002c73eac4a10, 0x000002c73eac0d50,
0x000002c73eac4f20, 0x000002c73eac1c80, 0x000002c73eac0840, 0x000002c73eac1260,
0x000002c73eabfe20, 0x000002c73eac30c0, 0x000002c73eac1770, 0x000002c73eac2190,
0x000002c73eac35d0, 0x000002c73eac3ff0, 0x000002c73eac3ae0, 0x000002c73eac5430,
0x000002c73eac5e50, 0x000002c73eabeef0, 0x000002c73eac6870, 0x000002c73eabf400,
0x000002c73d721bc0, 0x000002c73d71fd60, 0x000002c73d720780, 0x000002c73d722af0,
0x000002c73d720270, 0x000002c73d71d4e0, 0x000002c73d720c90, 0x000002c73d7216b0,
0x000002c73d71f340, 0x000002c73d7211a0, 0x000002c73d7220d0, 0x000002c73d71c5b0,
0x000002c73d7225e0, 0x000002c73d723510, 0x000002c73d723000, 0x000002c73d723a20,
0x000002c73d71f850, 0x000002c73d71e920, 0x000002c73d723f30, 0x000002c73d71cac0,
0x000002c73d71cfd0, 0x000002c73d71d9f0, 0x000002c73d71ee30, 0x000002c73d71df00,
0x000002c73d71e410, 0x000002c73edea3e0, 0x000002c73ede6720, 0x000002c73ede9ed0,
0x000002c73edea8f0, 0x000002c73ede94b0, 0x000002c73ede7650, 0x000002c73ede5d00,
0x000002c73ede8a90, 0x000002c73edeae00, 0x000002c73edeb310, 0x000002c73ede6210,
0x000002c73edeb820, 0x000002c73ede6c30, 0x000002c73ede8580, 0x000002c73ede7b60,
0x000002c73edebd30, 0x000002c73edec240, 0x000002c73eded170, 0x000002c73ede8fa0,
0x000002c73ede7140, 0x000002c73e1c4740, 0x000002c73e1c74d0, 0x000002c73e1c79e0,
0x000002c73e1c6090, 0x000002c73e1c8e20, 0x000002c73e1c9330, 0x000002c73e1ca260,
0x000002c73e1c3810, 0x000002c740952780, 0x000002c740951850, 0x000002c740952c90,
0x000002c74094e0a0, 0x000002c7409540d0, 0x000002c7409536b0, 0x000002c740953bc0,
0x000002c73e1cac80, 0x000002c73f08edf0, 0x000002c73e1c8400, 0x000002c73e1c5670,
0x000002c73e1cb190, 0x000002c73f08f340, 0x000002c73e1c8910, 0x000002c73ce017a0,
0x000002c7476fc4b0, 0x000002c747700680, 0x000002c747701ac0, 0x000002c7476fc9c0,
0x000002c747700b90, 0x000002c7476fed30
}

Java Threads: ( => current thread )
  0x000002c75bcab410 JavaThread "main" [_thread_blocked, id=18568, stack(0x000000e2d3e00000,0x000000e2d3f00000)]
  0x000002c77f0591c0 JavaThread "Reference Handler" daemon [_thread_blocked, id=16572, stack(0x000000e2d4500000,0x000000e2d4600000)]
  0x000002c77f059f50 JavaThread "Finalizer" daemon [_thread_blocked, id=4476, stack(0x000000e2d4600000,0x000000e2d4700000)]
  0x000002c77f06f860 JavaThread "Signal Dispatcher" daemon [_thread_blocked, id=26432, stack(0x000000e2d4700000,0x000000e2d4800000)]
  0x000002c77f071740 JavaThread "Attach Listener" daemon [_thread_blocked, id=21760, stack(0x000000e2d4800000,0x000000e2d4900000)]
  0x000002c77f074020 JavaThread "Service Thread" daemon [_thread_blocked, id=19148, stack(0x000000e2d4900000,0x000000e2d4a00000)]
  0x000002c77f0748f0 JavaThread "Monitor Deflation Thread" daemon [_thread_blocked, id=16116, stack(0x000000e2d4a00000,0x000000e2d4b00000)]
  0x000002c77f0754f0 JavaThread "C2 CompilerThread0" daemon [_thread_in_native, id=7880, stack(0x000000e2d4b00000,0x000000e2d4c00000)]
  0x000002c77f079890 JavaThread "C1 CompilerThread0" daemon [_thread_blocked, id=1252, stack(0x000000e2d4c00000,0x000000e2d4d00000)]
  0x000002c77f07a1a0 JavaThread "Sweeper thread" daemon [_thread_blocked, id=18248, stack(0x000000e2d4d00000,0x000000e2d4e00000)]
  0x000002c77f044450 JavaThread "Common-Cleaner" daemon [_thread_blocked, id=6324, stack(0x000000e2d4e00000,0x000000e2d4f00000)]
  0x000002c77f3655d0 JavaThread "Notification Thread" daemon [_thread_blocked, id=11736, stack(0x000000e2d4f00000,0x000000e2d5000000)]
  0x000002c739cd23a0 JavaThread "Daemon health stats" [_thread_blocked, id=5604, stack(0x000000e2d5200000,0x000000e2d5300000)]
  0x000002c739b67fc0 JavaThread "Incoming local TCP Connector on port 62757" [_thread_in_native, id=20132, stack(0x000000e2d5700000,0x000000e2d5800000)]
  0x000002c73996d030 JavaThread "Daemon periodic checks" [_thread_blocked, id=21284, stack(0x000000e2d5800000,0x000000e2d5900000)]
  0x000002c77fd91ea0 JavaThread "Daemon" [_thread_blocked, id=24748, stack(0x000000e2d5900000,0x000000e2d5a00000)]
  0x000002c77fd92380 JavaThread "Handler for socket connection from /127.0.0.1:62757 to /127.0.0.1:62758" [_thread_in_native, id=25508, stack(0x000000e2d5a00000,0x000000e2d5b00000)]
  0x000002c73a3d2580 JavaThread "Cancel handler" [_thread_blocked, id=25100, stack(0x000000e2d5100000,0x000000e2d5200000)]
  0x000002c73a3d48f0 JavaThread "Daemon worker" [_thread_blocked, id=22348, stack(0x000000e2d5b00000,0x000000e2d5c00000)]
  0x000002c73a3d2070 JavaThread "Asynchronous log dispatcher for DefaultDaemonConnection: socket connection from /127.0.0.1:62757 to /127.0.0.1:62758" [_thread_blocked, id=23688, stack(0x000000e2d5c00000,0x000000e2d5d00000)]
  0x000002c73a3d2a90 JavaThread "Stdin handler" [_thread_blocked, id=12988, stack(0x000000e2d5d00000,0x000000e2d5e00000)]
  0x000002c73a3d39c0 JavaThread "Daemon client event forwarder" [_thread_blocked, id=22516, stack(0x000000e2d5e00000,0x000000e2d5f00000)]
  0x000002c73a3d3ed0 JavaThread "Cache worker for journal cache (C:\Users\laxman\.gradle\caches\journal-1)" [_thread_blocked, id=21580, stack(0x000000e2d6500000,0x000000e2d6600000)]
  0x000002c73a3d43e0 JavaThread "File lock request listener" [_thread_in_native, id=12952, stack(0x000000e2d6600000,0x000000e2d6700000)]
  0x000002c73a3d4e00 JavaThread "Cache worker for file hash cache (C:\Users\laxman\.gradle\caches\8.13\fileHashes)" [_thread_blocked, id=23944, stack(0x000000e2d6700000,0x000000e2d6800000)]
  0x000002c73a3d5310 JavaThread "Cache worker for file hash cache (C:\InternshipTask\oxfan\android\.gradle\8.13\fileHashes)" [_thread_blocked, id=18244, stack(0x000000e2d6800000,0x000000e2d6900000)]
  0x000002c73a3d5820 JavaThread "Cache worker for Build Output Cleanup Cache (C:\InternshipTask\oxfan\android\.gradle\buildOutputCleanup)" [_thread_blocked, id=23100, stack(0x000000e2d6900000,0x000000e2d6a00000)]
  0x000002c73a3d2fa0 JavaThread "File watcher server" daemon [_thread_blocked, id=6332, stack(0x000000e2d6c00000,0x000000e2d6d00000)]
  0x000002c73ce05970 JavaThread "File watcher consumer" daemon [_thread_blocked, id=25948, stack(0x000000e2d6d00000,0x000000e2d6e00000)]
  0x000002c73ce021c0 JavaThread "jar transforms" [_thread_blocked, id=23712, stack(0x000000e2d6f00000,0x000000e2d7000000)]
  0x000002c73ce026d0 JavaThread "Cache worker for checksums cache (C:\InternshipTask\oxfan\android\.gradle\8.13\checksums)" [_thread_blocked, id=23596, stack(0x000000e2d7000000,0x000000e2d7100000)]
  0x000002c73ce03b10 JavaThread "Cache worker for file content cache (C:\Users\laxman\.gradle\caches\8.13\fileContent)" [_thread_blocked, id=25160, stack(0x000000e2d7100000,0x000000e2d7200000)]
  0x000002c73ce00870 JavaThread "Cache worker for cache directory md-supplier (C:\Users\laxman\.gradle\caches\8.13\md-supplier)" [_thread_blocked, id=20788, stack(0x000000e2d7200000,0x000000e2d7300000)]
  0x000002c73ce05e80 JavaThread "Cache worker for cache directory md-rule (C:\Users\laxman\.gradle\caches\8.13\md-rule)" [_thread_blocked, id=26140, stack(0x000000e2d7300000,0x000000e2d7400000)]
  0x000002c73ce02be0 JavaThread "Cache worker for Build Output Cleanup Cache (C:\InternshipTask\oxfan\node_modules\@react-native\gradle-plugin\.gradle\buildOutputCleanup)" [_thread_blocked, id=26484, stack(0x000000e2d7400000,0x000000e2d7500000)]
  0x000002c73ce01290 JavaThread "Unconstrained build operations" [_thread_blocked, id=17560, stack(0x000000e2d7500000,0x000000e2d7600000)]
  0x000002c73ce06390 JavaThread "Unconstrained build operations Thread 2" [_thread_blocked, id=7912, stack(0x000000e2d7600000,0x000000e2d7700000)]
  0x000002c73ce03600 JavaThread "Unconstrained build operations Thread 3" [_thread_blocked, id=21768, stack(0x000000e2d7700000,0x000000e2d7800000)]
  0x000002c73ce04020 JavaThread "Unconstrained build operations Thread 4" [_thread_blocked, id=6740, stack(0x000000e2d7800000,0x000000e2d7900000)]
  0x000002c73ce04530 JavaThread "Unconstrained build operations Thread 5" [_thread_blocked, id=14468, stack(0x000000e2d7900000,0x000000e2d7a00000)]
  0x000002c73cdfef20 JavaThread "Unconstrained build operations Thread 6" [_thread_blocked, id=14700, stack(0x000000e2d7a00000,0x000000e2d7b00000)]
  0x000002c73ce04f50 JavaThread "Unconstrained build operations Thread 7" [_thread_blocked, id=13584, stack(0x000000e2d7b00000,0x000000e2d7c00000)]
  0x000002c73ce05460 JavaThread "Unconstrained build operations Thread 8" [_thread_blocked, id=24292, stack(0x000000e2d7c00000,0x000000e2d7d00000)]
  0x000002c73ce00d80 JavaThread "Unconstrained build operations Thread 9" [_thread_blocked, id=23908, stack(0x000000e2d7d00000,0x000000e2d7e00000)]
  0x000002c73ce00360 JavaThread "Unconstrained build operations Thread 10" [_thread_blocked, id=11960, stack(0x000000e2d7e00000,0x000000e2d7f00000)]
  0x000002c73ce068a0 JavaThread "Unconstrained build operations Thread 11" [_thread_blocked, id=12808, stack(0x000000e2d7f00000,0x000000e2d8000000)]
  0x000002c73cdff430 JavaThread "Unconstrained build operations Thread 12" [_thread_blocked, id=5752, stack(0x000000e2d8000000,0x000000e2d8100000)]
  0x000002c73cef4150 JavaThread "Unconstrained build operations Thread 13" [_thread_blocked, id=17124, stack(0x000000e2d8100000,0x000000e2d8200000)]
  0x000002c73cef2800 JavaThread "Unconstrained build operations Thread 14" [_thread_blocked, id=26048, stack(0x000000e2d8200000,0x000000e2d8300000)]
  0x000002c73cef7e10 JavaThread "Unconstrained build operations Thread 15" [_thread_blocked, id=25072, stack(0x000000e2d8300000,0x000000e2d8400000)]
  0x000002c73cef4b70 JavaThread "Unconstrained build operations Thread 16" [_thread_blocked, id=23972, stack(0x000000e2d8400000,0x000000e2d8500000)]
  0x000002c73cef7900 JavaThread "Unconstrained build operations Thread 17" [_thread_blocked, id=25184, stack(0x000000e2d8500000,0x000000e2d8600000)]
  0x000002c73cef8320 JavaThread "Unconstrained build operations Thread 18" [_thread_blocked, id=13860, stack(0x000000e2d8600000,0x000000e2d8700000)]
  0x000002c73cef8830 JavaThread "Unconstrained build operations Thread 19" [_thread_blocked, id=19424, stack(0x000000e2d8700000,0x000000e2d8800000)]
  0x000002c73cef5aa0 JavaThread "Unconstrained build operations Thread 20" [_thread_blocked, id=18588, stack(0x000000e2d8800000,0x000000e2d8900000)]
  0x000002c73cefa180 JavaThread "Unconstrained build operations Thread 21" [_thread_blocked, id=25644, stack(0x000000e2d8900000,0x000000e2d8a00000)]
  0x000002c73cef9760 JavaThread "Unconstrained build operations Thread 22" [_thread_blocked, id=24696, stack(0x000000e2d8a00000,0x000000e2d8b00000)]
  0x000002c73cef2d10 JavaThread "Unconstrained build operations Thread 23" [_thread_blocked, id=25380, stack(0x000000e2d8b00000,0x000000e2d8c00000)]
  0x000002c73cef5080 JavaThread "Unconstrained build operations Thread 24" [_thread_blocked, id=8036, stack(0x000000e2d8c00000,0x000000e2d8d00000)]
  0x000002c73cef5590 JavaThread "Unconstrained build operations Thread 25" [_thread_blocked, id=21780, stack(0x000000e2d8d00000,0x000000e2d8e00000)]
  0x000002c73cef6ee0 JavaThread "Unconstrained build operations Thread 26" [_thread_blocked, id=22964, stack(0x000000e2d8e00000,0x000000e2d8f00000)]
  0x000002c73cef5fb0 JavaThread "Unconstrained build operations Thread 27" [_thread_blocked, id=10272, stack(0x000000e2d8f00000,0x000000e2d9000000)]
  0x000002c73cef64c0 JavaThread "Unconstrained build operations Thread 28" [_thread_blocked, id=5200, stack(0x000000e2d9000000,0x000000e2d9100000)]
  0x000002c73cef9250 JavaThread "Unconstrained build operations Thread 29" [_thread_blocked, id=24584, stack(0x000000e2d9100000,0x000000e2d9200000)]
  0x000002c73cef69d0 JavaThread "Unconstrained build operations Thread 30" [_thread_blocked, id=13484, stack(0x000000e2d9200000,0x000000e2d9300000)]
  0x000002c73cef8d40 JavaThread "Unconstrained build operations Thread 31" [_thread_blocked, id=23344, stack(0x000000e2d9300000,0x000000e2d9400000)]
  0x000002c73cef73f0 JavaThread "Unconstrained build operations Thread 32" [_thread_blocked, id=10448, stack(0x000000e2d9400000,0x000000e2d9500000)]
  0x000002c73cef9c70 JavaThread "Unconstrained build operations Thread 33" [_thread_blocked, id=25712, stack(0x000000e2d9500000,0x000000e2d9600000)]
  0x000002c73cef4660 JavaThread "Unconstrained build operations Thread 34" [_thread_blocked, id=23604, stack(0x000000e2d9600000,0x000000e2d9700000)]
  0x000002c73cef3220 JavaThread "Unconstrained build operations Thread 35" [_thread_blocked, id=25356, stack(0x000000e2d9700000,0x000000e2d9800000)]
  0x000002c73cef3730 JavaThread "Unconstrained build operations Thread 36" [_thread_blocked, id=10344, stack(0x000000e2d9800000,0x000000e2d9900000)]
  0x000002c73cef3c40 JavaThread "Unconstrained build operations Thread 37" [_thread_blocked, id=5316, stack(0x000000e2d9900000,0x000000e2d9a00000)]
  0x000002c7396ac000 JavaThread "Unconstrained build operations Thread 38" [_thread_blocked, id=16224, stack(0x000000e2d9a00000,0x000000e2d9b00000)]
  0x000002c7396ae880 JavaThread "Unconstrained build operations Thread 39" [_thread_blocked, id=19840, stack(0x000000e2d9b00000,0x000000e2d9c00000)]
  0x000002c7396ac510 JavaThread "build event listener" [_thread_blocked, id=15416, stack(0x000000e2d6400000,0x000000e2d6500000)]
  0x000002c7396a9780 JavaThread "Memory manager" [_thread_blocked, id=2752, stack(0x000000e2d6e00000,0x000000e2d6f00000)]
  0x000002c7396ae370 JavaThread "ForkJoinPool.commonPool-worker-1" daemon [_thread_blocked, id=11900, stack(0x000000e2d9f00000,0x000000e2da000000)]
  0x000002c7396aca20 JavaThread "ForkJoinPool.commonPool-worker-2" daemon [_thread_blocked, id=26312, stack(0x000000e2da000000,0x000000e2da100000)]
  0x000002c7396afcc0 JavaThread "ForkJoinPool.commonPool-worker-3" daemon [_thread_blocked, id=22972, stack(0x000000e2da100000,0x000000e2da200000)]
  0x000002c7396acf30 JavaThread "ForkJoinPool.commonPool-worker-4" daemon [_thread_blocked, id=25256, stack(0x000000e2da200000,0x000000e2da300000)]
  0x000002c7396ab5e0 JavaThread "ForkJoinPool.commonPool-worker-5" daemon [_thread_blocked, id=19928, stack(0x000000e2da300000,0x000000e2da400000)]
  0x000002c7396b01d0 JavaThread "ForkJoinPool.commonPool-worker-6" daemon [_thread_blocked, id=3560, stack(0x000000e2da400000,0x000000e2da500000)]
  0x000002c7396ad440 JavaThread "ForkJoinPool.commonPool-worker-8" daemon [_thread_blocked, id=15580, stack(0x000000e2da600000,0x000000e2da700000)]
  0x000002c7396ad950 JavaThread "ForkJoinPool.commonPool-worker-9" daemon [_thread_blocked, id=25956, stack(0x000000e2da700000,0x000000e2da800000)]
  0x000002c7396b06e0 JavaThread "ForkJoinPool.commonPool-worker-10" daemon [_thread_blocked, id=20228, stack(0x000000e2da800000,0x000000e2da900000)]
  0x000002c7396a9270 JavaThread "ForkJoinPool.commonPool-worker-11" daemon [_thread_blocked, id=23660, stack(0x000000e2da900000,0x000000e2daa00000)]
  0x000002c7396aed90 JavaThread "included builds" [_thread_blocked, id=26492, stack(0x000000e2dad00000,0x000000e2dae00000)]
  0x000002c7396aabc0 JavaThread "Execution worker" [_thread_blocked, id=18724, stack(0x000000e2dae00000,0x000000e2daf00000)]
  0x000002c7396af2a0 JavaThread "Execution worker Thread 2" [_thread_blocked, id=24804, stack(0x000000e2daf00000,0x000000e2db000000)]
  0x000002c7396ab0d0 JavaThread "Execution worker Thread 3" [_thread_blocked, id=24592, stack(0x000000e2db000000,0x000000e2db100000)]
  0x000002c7396abaf0 JavaThread "Execution worker Thread 4" [_thread_blocked, id=16332, stack(0x000000e2db100000,0x000000e2db200000)]
  0x000002c73eb13b60 JavaThread "Execution worker Thread 5" [_thread_blocked, id=15932, stack(0x000000e2db200000,0x000000e2db300000)]
  0x000002c73eb103b0 JavaThread "Execution worker Thread 6" [_thread_blocked, id=4488, stack(0x000000e2db300000,0x000000e2db400000)]
  0x000002c73eb0db30 JavaThread "Execution worker Thread 7" [_thread_blocked, id=23808, stack(0x000000e2db400000,0x000000e2db500000)]
  0x000002c73eb11d00 JavaThread "Execution worker Thread 8" [_thread_blocked, id=14816, stack(0x000000e2db500000,0x000000e2db600000)]
  0x000002c73eb12720 JavaThread "Execution worker Thread 9" [_thread_blocked, id=5588, stack(0x000000e2db600000,0x000000e2db700000)]
  0x000002c73eb0e040 JavaThread "Execution worker Thread 10" [_thread_blocked, id=23256, stack(0x000000e2db700000,0x000000e2db800000)]
  0x000002c73eb108c0 JavaThread "Execution worker Thread 11" [_thread_blocked, id=25848, stack(0x000000e2db800000,0x000000e2db900000)]
  0x000002c73eb0cc00 JavaThread "Cache worker for execution history cache (C:\InternshipTask\oxfan\node_modules\@react-native\gradle-plugin\.gradle\8.13\executionHistory)" [_thread_blocked, id=19520, stack(0x000000e2db900000,0x000000e2dba00000)]
  0x000002c73eb117f0 JavaThread "Unconstrained build operations Thread 40" [_thread_blocked, id=14680, stack(0x000000e2dba00000,0x000000e2dbb00000)]
  0x000002c73eb0c6f0 JavaThread "Unconstrained build operations Thread 41" [_thread_blocked, id=22472, stack(0x000000e2dbb00000,0x000000e2dbc00000)]
  0x000002c73eb14070 JavaThread "Unconstrained build operations Thread 42" [_thread_blocked, id=18356, stack(0x000000e2dbc00000,0x000000e2dbd00000)]
  0x000002c73eb0f480 JavaThread "Unconstrained build operations Thread 43" [_thread_blocked, id=20332, stack(0x000000e2dbd00000,0x000000e2dbe00000)]
  0x000002c73eb12210 JavaThread "Unconstrained build operations Thread 44" [_thread_blocked, id=2264, stack(0x000000e2dbe00000,0x000000e2dbf00000)]
  0x000002c73eb12c30 JavaThread "Unconstrained build operations Thread 45" [_thread_blocked, id=18288, stack(0x000000e2dbf00000,0x000000e2dc000000)]
  0x000002c73eb0e550 JavaThread "Unconstrained build operations Thread 46" [_thread_blocked, id=23560, stack(0x000000e2dc000000,0x000000e2dc100000)]
  0x000002c73eb13140 JavaThread "Unconstrained build operations Thread 47" [_thread_blocked, id=19504, stack(0x000000e2dc100000,0x000000e2dc200000)]
  0x000002c73eb0d110 JavaThread "Unconstrained build operations Thread 48" [_thread_blocked, id=21956, stack(0x000000e2dc200000,0x000000e2dc300000)]
  0x000002c73eb0f990 JavaThread "Unconstrained build operations Thread 49" [_thread_blocked, id=26560, stack(0x000000e2dc300000,0x000000e2dc400000)]
  0x000002c73eb112e0 JavaThread "Unconstrained build operations Thread 50" [_thread_blocked, id=16628, stack(0x000000e2dc400000,0x000000e2dc500000)]
  0x000002c73eb0d620 JavaThread "Unconstrained build operations Thread 51" [_thread_blocked, id=25480, stack(0x000000e2dc500000,0x000000e2dc600000)]
  0x000002c73eb0ea60 JavaThread "Unconstrained build operations Thread 52" [_thread_blocked, id=16900, stack(0x000000e2dc600000,0x000000e2dc700000)]
  0x000002c73eb10dd0 JavaThread "Unconstrained build operations Thread 53" [_thread_blocked, id=23432, stack(0x000000e2dc700000,0x000000e2dc800000)]
  0x000002c73eb0ef70 JavaThread "Unconstrained build operations Thread 54" [_thread_blocked, id=11492, stack(0x000000e2dc800000,0x000000e2dc900000)]
  0x000002c73eb0fea0 JavaThread "Unconstrained build operations Thread 55" [_thread_blocked, id=25592, stack(0x000000e2dc900000,0x000000e2dca00000)]
  0x000002c73eb13650 JavaThread "Unconstrained build operations Thread 56" [_thread_blocked, id=19924, stack(0x000000e2dca00000,0x000000e2dcb00000)]
  0x000002c73eac4500 JavaThread "Unconstrained build operations Thread 57" [_thread_blocked, id=15524, stack(0x000000e2dcb00000,0x000000e2dcc00000)]
  0x000002c73eabf910 JavaThread "Unconstrained build operations Thread 58" [_thread_blocked, id=3684, stack(0x000000e2dcc00000,0x000000e2dcd00000)]
  0x000002c73eac2bb0 JavaThread "Unconstrained build operations Thread 59" [_thread_blocked, id=26520, stack(0x000000e2dcd00000,0x000000e2dce00000)]
  0x000002c73eac5940 JavaThread "Unconstrained build operations Thread 60" [_thread_blocked, id=9448, stack(0x000000e2dce00000,0x000000e2dcf00000)]
  0x000002c73eac26a0 JavaThread "Unconstrained build operations Thread 61" [_thread_blocked, id=26320, stack(0x000000e2dcf00000,0x000000e2dd000000)]
  0x000002c73eac6360 JavaThread "Unconstrained build operations Thread 62" [_thread_blocked, id=24268, stack(0x000000e2dd000000,0x000000e2dd100000)]
  0x000002c73eac4a10 JavaThread "Unconstrained build operations Thread 63" [_thread_blocked, id=24720, stack(0x000000e2dd100000,0x000000e2dd200000)]
  0x000002c73eac0d50 JavaThread "Unconstrained build operations Thread 64" [_thread_blocked, id=25408, stack(0x000000e2dd200000,0x000000e2dd300000)]
  0x000002c73eac4f20 JavaThread "Unconstrained build operations Thread 65" [_thread_blocked, id=9628, stack(0x000000e2dd300000,0x000000e2dd400000)]
  0x000002c73eac1c80 JavaThread "Unconstrained build operations Thread 66" [_thread_blocked, id=7428, stack(0x000000e2dd400000,0x000000e2dd500000)]
  0x000002c73eac0840 JavaThread "Unconstrained build operations Thread 67" [_thread_blocked, id=14200, stack(0x000000e2dd500000,0x000000e2dd600000)]
  0x000002c73eac1260 JavaThread "Unconstrained build operations Thread 68" [_thread_blocked, id=7816, stack(0x000000e2dd600000,0x000000e2dd700000)]
  0x000002c73eabfe20 JavaThread "Unconstrained build operations Thread 69" [_thread_blocked, id=14872, stack(0x000000e2dd700000,0x000000e2dd800000)]
  0x000002c73eac30c0 JavaThread "Unconstrained build operations Thread 70" [_thread_blocked, id=13632, stack(0x000000e2dd800000,0x000000e2dd900000)]
  0x000002c73eac1770 JavaThread "Unconstrained build operations Thread 71" [_thread_blocked, id=25200, stack(0x000000e2dd900000,0x000000e2dda00000)]
  0x000002c73eac2190 JavaThread "Unconstrained build operations Thread 72" [_thread_blocked, id=11780, stack(0x000000e2dda00000,0x000000e2ddb00000)]
  0x000002c73eac35d0 JavaThread "Unconstrained build operations Thread 73" [_thread_blocked, id=1384, stack(0x000000e2ddb00000,0x000000e2ddc00000)]
  0x000002c73eac3ff0 JavaThread "Unconstrained build operations Thread 74" [_thread_blocked, id=20096, stack(0x000000e2ddc00000,0x000000e2ddd00000)]
  0x000002c73eac3ae0 JavaThread "Unconstrained build operations Thread 75" [_thread_blocked, id=7824, stack(0x000000e2ddd00000,0x000000e2dde00000)]
  0x000002c73eac5430 JavaThread "Unconstrained build operations Thread 76" [_thread_blocked, id=11796, stack(0x000000e2dde00000,0x000000e2ddf00000)]
  0x000002c73eac5e50 JavaThread "Unconstrained build operations Thread 77" [_thread_blocked, id=22236, stack(0x000000e2ddf00000,0x000000e2de000000)]
  0x000002c73eabeef0 JavaThread "Unconstrained build operations Thread 78" [_thread_blocked, id=14368, stack(0x000000e2de000000,0x000000e2de100000)]
  0x000002c73eac6870 JavaThread "Unconstrained build operations Thread 79" [_thread_blocked, id=17104, stack(0x000000e2de100000,0x000000e2de200000)]
  0x000002c73eabf400 JavaThread "Unconstrained build operations Thread 80" [_thread_blocked, id=26000, stack(0x000000e2de200000,0x000000e2de300000)]
  0x000002c73d721bc0 JavaThread "Unconstrained build operations Thread 81" [_thread_blocked, id=25716, stack(0x000000e2de300000,0x000000e2de400000)]
  0x000002c73d71fd60 JavaThread "Unconstrained build operations Thread 82" [_thread_blocked, id=23780, stack(0x000000e2de400000,0x000000e2de500000)]
  0x000002c73d720780 JavaThread "Unconstrained build operations Thread 83" [_thread_blocked, id=23684, stack(0x000000e2de500000,0x000000e2de600000)]
  0x000002c73d722af0 JavaThread "Unconstrained build operations Thread 84" [_thread_blocked, id=19016, stack(0x000000e2de600000,0x000000e2de700000)]
  0x000002c73d720270 JavaThread "Unconstrained build operations Thread 85" [_thread_blocked, id=16124, stack(0x000000e2de700000,0x000000e2de800000)]
  0x000002c73d71d4e0 JavaThread "Unconstrained build operations Thread 86" [_thread_blocked, id=24644, stack(0x000000e2de800000,0x000000e2de900000)]
  0x000002c73d720c90 JavaThread "Unconstrained build operations Thread 87" [_thread_blocked, id=20680, stack(0x000000e2de900000,0x000000e2dea00000)]
  0x000002c73d7216b0 JavaThread "Unconstrained build operations Thread 88" [_thread_blocked, id=19472, stack(0x000000e2dea00000,0x000000e2deb00000)]
  0x000002c73d71f340 JavaThread "Unconstrained build operations Thread 89" [_thread_blocked, id=26488, stack(0x000000e2deb00000,0x000000e2dec00000)]
  0x000002c73d7211a0 JavaThread "Unconstrained build operations Thread 90" [_thread_blocked, id=26084, stack(0x000000e2dec00000,0x000000e2ded00000)]
  0x000002c73d7220d0 JavaThread "Unconstrained build operations Thread 91" [_thread_blocked, id=17752, stack(0x000000e2ded00000,0x000000e2dee00000)]
  0x000002c73d71c5b0 JavaThread "Unconstrained build operations Thread 92" [_thread_blocked, id=12136, stack(0x000000e2dee00000,0x000000e2def00000)]
  0x000002c73d7225e0 JavaThread "Unconstrained build operations Thread 93" [_thread_blocked, id=14988, stack(0x000000e2def00000,0x000000e2df000000)]
  0x000002c73d723510 JavaThread "Unconstrained build operations Thread 94" [_thread_blocked, id=17116, stack(0x000000e2df000000,0x000000e2df100000)]
  0x000002c73d723000 JavaThread "Unconstrained build operations Thread 95" [_thread_blocked, id=10560, stack(0x000000e2df100000,0x000000e2df200000)]
  0x000002c73d723a20 JavaThread "Unconstrained build operations Thread 96" [_thread_blocked, id=22116, stack(0x000000e2df200000,0x000000e2df300000)]
  0x000002c73d71f850 JavaThread "Unconstrained build operations Thread 97" [_thread_blocked, id=15296, stack(0x000000e2df300000,0x000000e2df400000)]
  0x000002c73d71e920 JavaThread "Unconstrained build operations Thread 98" [_thread_blocked, id=21508, stack(0x000000e2df400000,0x000000e2df500000)]
  0x000002c73d723f30 JavaThread "Unconstrained build operations Thread 99" [_thread_blocked, id=13168, stack(0x000000e2df500000,0x000000e2df600000)]
  0x000002c73d71cac0 JavaThread "Unconstrained build operations Thread 100" [_thread_blocked, id=20620, stack(0x000000e2df600000,0x000000e2df700000)]
  0x000002c73d71cfd0 JavaThread "Unconstrained build operations Thread 101" [_thread_blocked, id=25336, stack(0x000000e2df700000,0x000000e2df800000)]
  0x000002c73d71d9f0 JavaThread "Unconstrained build operations Thread 102" [_thread_blocked, id=21544, stack(0x000000e2df800000,0x000000e2df900000)]
  0x000002c73d71ee30 JavaThread "Unconstrained build operations Thread 103" [_thread_blocked, id=24888, stack(0x000000e2df900000,0x000000e2dfa00000)]
  0x000002c73d71df00 JavaThread "Unconstrained build operations Thread 104" [_thread_blocked, id=14776, stack(0x000000e2dfa00000,0x000000e2dfb00000)]
  0x000002c73d71e410 JavaThread "Unconstrained build operations Thread 105" [_thread_blocked, id=9624, stack(0x000000e2dfb00000,0x000000e2dfc00000)]
  0x000002c73edea3e0 JavaThread "Unconstrained build operations Thread 106" [_thread_blocked, id=25780, stack(0x000000e2dfc00000,0x000000e2dfd00000)]
  0x000002c73ede6720 JavaThread "Unconstrained build operations Thread 107" [_thread_blocked, id=23056, stack(0x000000e2dfd00000,0x000000e2dfe00000)]
  0x000002c73ede9ed0 JavaThread "Unconstrained build operations Thread 108" [_thread_blocked, id=12856, stack(0x000000e2dfe00000,0x000000e2dff00000)]
  0x000002c73edea8f0 JavaThread "Unconstrained build operations Thread 109" [_thread_blocked, id=22264, stack(0x000000e2dff00000,0x000000e2e0000000)]
  0x000002c73ede94b0 JavaThread "Unconstrained build operations Thread 110" [_thread_blocked, id=13440, stack(0x000000e2e0000000,0x000000e2e0100000)]
  0x000002c73ede7650 JavaThread "jar transforms Thread 2" [_thread_blocked, id=16604, stack(0x000000e2e0100000,0x000000e2e0200000)]
  0x000002c73ede5d00 JavaThread "jar transforms Thread 3" [_thread_blocked, id=21960, stack(0x000000e2e0200000,0x000000e2e0300000)]
  0x000002c73ede8a90 JavaThread "Unconstrained build operations Thread 111" [_thread_blocked, id=9980, stack(0x000000e2d9d00000,0x000000e2d9e00000)]
  0x000002c73edeae00 JavaThread "Unconstrained build operations Thread 112" [_thread_blocked, id=14056, stack(0x000000e2e0300000,0x000000e2e0400000)]
  0x000002c73edeb310 JavaThread "Unconstrained build operations Thread 113" [_thread_blocked, id=24948, stack(0x000000e2e0400000,0x000000e2e0500000)]
  0x000002c73ede6210 JavaThread "Unconstrained build operations Thread 114" [_thread_blocked, id=23076, stack(0x000000e2e0500000,0x000000e2e0600000)]
  0x000002c73edeb820 JavaThread "Unconstrained build operations Thread 115" [_thread_blocked, id=24732, stack(0x000000e2e0600000,0x000000e2e0700000)]
  0x000002c73ede6c30 JavaThread "Unconstrained build operations Thread 116" [_thread_blocked, id=15844, stack(0x000000e2e0700000,0x000000e2e0800000)]
  0x000002c73ede8580 JavaThread "Unconstrained build operations Thread 117" [_thread_blocked, id=25448, stack(0x000000e2e0800000,0x000000e2e0900000)]
  0x000002c73ede7b60 JavaThread "Unconstrained build operations Thread 118" [_thread_blocked, id=21444, stack(0x000000e2e0900000,0x000000e2e0a00000)]
  0x000002c73edebd30 JavaThread "Unconstrained build operations Thread 119" [_thread_blocked, id=18576, stack(0x000000e2e0a00000,0x000000e2e0b00000)]
  0x000002c73edec240 JavaThread "Unconstrained build operations Thread 120" [_thread_blocked, id=11484, stack(0x000000e2e0b00000,0x000000e2e0c00000)]
  0x000002c73eded170 JavaThread "jar transforms Thread 4" [_thread_blocked, id=9376, stack(0x000000e2e0d00000,0x000000e2e0e00000)]
  0x000002c73ede8fa0 JavaThread "jar transforms Thread 5" [_thread_blocked, id=21532, stack(0x000000e2e0e00000,0x000000e2e0f00000)]
  0x000002c73ede7140 JavaThread "jar transforms Thread 6" [_thread_blocked, id=24820, stack(0x000000e2e0f00000,0x000000e2e1000000)]
  0x000002c73e1c4740 JavaThread "Problems report writer" [_thread_blocked, id=17216, stack(0x000000e2e1000000,0x000000e2e1100000)]
  0x000002c73e1c74d0 JavaThread "build event listener" [_thread_blocked, id=26360, stack(0x000000e2e1100000,0x000000e2e1200000)]
  0x000002c73e1c79e0 JavaThread "jar transforms Thread 7" [_thread_blocked, id=25532, stack(0x000000e2e1200000,0x000000e2e1300000)]
  0x000002c73e1c6090 JavaThread "jar transforms Thread 8" [_thread_blocked, id=7104, stack(0x000000e2e1300000,0x000000e2e1400000)]
  0x000002c73e1c8e20 JavaThread "jar transforms Thread 9" [_thread_blocked, id=2880, stack(0x000000e2e0c00000,0x000000e2e0d00000)]
  0x000002c73e1c9330 JavaThread "jar transforms Thread 10" [_thread_blocked, id=11860, stack(0x000000e2e1400000,0x000000e2e1500000)]
  0x000002c73e1ca260 JavaThread "jar transforms Thread 11" [_thread_blocked, id=6464, stack(0x000000e2e1500000,0x000000e2e1600000)]
  0x000002c73e1c3810 JavaThread "jar transforms Thread 12" [_thread_blocked, id=3748, stack(0x000000e2e1600000,0x000000e2e1700000)]
  0x000002c740952780 JavaThread "pool-3-thread-1" [_thread_blocked, id=26392, stack(0x000000e2d9c00000,0x000000e2d9d00000)]
  0x000002c740951850 JavaThread "build event listener" [_thread_blocked, id=8404, stack(0x000000e2e1b00000,0x000000e2e1c00000)]
  0x000002c740952c90 JavaThread "Cache worker for execution history cache (C:\InternshipTask\oxfan\android\.gradle\8.13\executionHistory)" [_thread_blocked, id=25556, stack(0x000000e2e1c00000,0x000000e2e1d00000)]
  0x000002c74094e0a0 JavaThread "WorkerExecutor Queue" [_thread_blocked, id=25524, stack(0x000000e2e1f00000,0x000000e2e2000000)]
  0x000002c7409540d0 JavaThread "RMI Scheduler(0)" daemon [_thread_blocked, id=23648, stack(0x000000e2e1e00000,0x000000e2e1f00000)]
  0x000002c7409536b0 JavaThread "RMI RenewClean-[127.0.0.1:17197,org.jetbrains.kotlin.daemon.common.LoopbackNetworkInterface$ClientLoopbackSocketFactory@10772bea]" daemon [_thread_blocked, id=19576, stack(0x000000e2e2000000,0x000000e2e2100000)]
  0x000002c740953bc0 JavaThread "RMI GC Daemon" daemon [_thread_blocked, id=25440, stack(0x000000e2e2100000,0x000000e2e2200000)]
  0x000002c73e1cac80 JavaThread "WorkerExecutor Queue Thread 2" [_thread_in_native, id=18924, stack(0x000000e2e2200000,0x000000e2e2300000)]
  0x000002c73f08edf0 JavaThread "C2 CompilerThread1" daemon [_thread_blocked, id=13480, stack(0x000000e2e2300000,0x000000e2e2400000)]
  0x000002c73e1c8400 JavaThread "RMI TCP Accept-0" daemon [_thread_in_native, id=9056, stack(0x000000e2e2400000,0x000000e2e2500000)]
  0x000002c73e1c5670 JavaThread "RMI Reaper" [_thread_blocked, id=12412, stack(0x000000e2e2500000,0x000000e2e2600000)]
  0x000002c73e1cb190 JavaThread "RMI RenewClean-[127.0.0.1:17197,org.jetbrains.kotlin.daemon.common.LoopbackNetworkInterface$ClientLoopbackSocketFactory@435c970e]" daemon [_thread_blocked, id=25680, stack(0x000000e2e2600000,0x000000e2e2700000)]
  0x000002c73f08f340 JavaThread "C2 CompilerThread2" daemon [_thread_in_native, id=21628, stack(0x000000e2e2700000,0x000000e2e2800000)]
  0x000002c73e1c8910 JavaThread "RMI TCP Connection(idle)" daemon [_thread_blocked, id=17568, stack(0x000000e2e2800000,0x000000e2e2900000)]
  0x000002c73ce017a0 JavaThread "RMI TCP Connection(idle)" daemon [_thread_blocked, id=24980, stack(0x000000e2e2900000,0x000000e2e2a00000)]
  0x000002c7476fc4b0 JavaThread "WorkerExecutor Queue Thread 3" [_thread_blocked, id=18996, stack(0x000000e2e2a00000,0x000000e2e2b00000)]
  0x000002c747700680 JavaThread "RMI RenewClean-[127.0.0.1:17197,org.jetbrains.kotlin.daemon.common.LoopbackNetworkInterface$ClientLoopbackSocketFactory@7bac8519]" daemon [_thread_blocked, id=17584, stack(0x000000e2e2b00000,0x000000e2e2c00000)]
  0x000002c747701ac0 JavaThread "RMI TCP Connection(6)-127.0.0.1" daemon [_thread_blocked, id=4832, stack(0x000000e2e2c00000,0x000000e2e2d00000)]
  0x000002c7476fc9c0 JavaThread "WorkerExecutor Queue Thread 4" [_thread_in_native, id=24040, stack(0x000000e2e2d00000,0x000000e2e2e00000)]
  0x000002c747700b90 JavaThread "RMI RenewClean-[127.0.0.1:17197,org.jetbrains.kotlin.daemon.common.LoopbackNetworkInterface$ClientLoopbackSocketFactory@562a10b7]" daemon [_thread_blocked, id=1192, stack(0x000000e2e2e00000,0x000000e2e2f00000)]
  0x000002c7476fed30 JavaThread "RMI TCP Connection(idle)" daemon [_thread_blocked, id=26548, stack(0x000000e2e2f00000,0x000000e2e3000000)]

Other Threads:
=>0x000002c77f053c10 VMThread "VM Thread" [stack: 0x000000e2d4400000,0x000000e2d4500000] [id=25420]
  0x000002c75bcac0a0 WatcherThread [stack: 0x000000e2d5000000,0x000000e2d5100000] [id=12596]
  0x000002c75bd177f0 GCTaskThread "GC Thread#0" [stack: 0x000000e2d3f00000,0x000000e2d4000000] [id=24600]
  0x000002c77fd1dc80 GCTaskThread "GC Thread#1" [stack: 0x000000e2d5300000,0x000000e2d5400000] [id=24428]
  0x000002c77fc481c0 GCTaskThread "GC Thread#2" [stack: 0x000000e2d5400000,0x000000e2d5500000] [id=5216]
  0x000002c7396a8f60 GCTaskThread "GC Thread#3" [stack: 0x000000e2d5500000,0x000000e2d5600000] [id=11104]
  0x000002c739233ef0 GCTaskThread "GC Thread#4" [stack: 0x000000e2d5600000,0x000000e2d5700000] [id=3712]
  0x000002c73a499810 GCTaskThread "GC Thread#5" [stack: 0x000000e2d5f00000,0x000000e2d6000000] [id=7028]
  0x000002c73a76f010 GCTaskThread "GC Thread#6" [stack: 0x000000e2d6000000,0x000000e2d6100000] [id=25260]
  0x000002c77fce76b0 GCTaskThread "GC Thread#7" [stack: 0x000000e2d6100000,0x000000e2d6200000] [id=15888]
  0x000002c73a4b7e00 GCTaskThread "GC Thread#8" [stack: 0x000000e2d6200000,0x000000e2d6300000] [id=11992]
  0x000002c77f5b49e0 GCTaskThread "GC Thread#9" [stack: 0x000000e2d6300000,0x000000e2d6400000] [id=1900]
  0x000002c75bd27f80 ConcurrentGCThread "G1 Main Marker" [stack: 0x000000e2d4000000,0x000000e2d4100000] [id=12908]
  0x000002c75bd29050 ConcurrentGCThread "G1 Conc#0" [stack: 0x000000e2d4100000,0x000000e2d4200000] [id=26120]
  0x000002c73c454640 ConcurrentGCThread "G1 Conc#1" [stack: 0x000000e2d6a00000,0x000000e2d6b00000] [id=5572]
  0x000002c73c455f00 ConcurrentGCThread "G1 Conc#2" [stack: 0x000000e2d6b00000,0x000000e2d6c00000] [id=18396]
  0x000002c75bd4e4b0 ConcurrentGCThread "G1 Refine#0" [stack: 0x000000e2d4200000,0x000000e2d4300000] [id=10328]
  0x000002c7397c3810 ConcurrentGCThread "G1 Refine#1" [stack: 0x000000e2d9e00000,0x000000e2d9f00000] [id=1884]
  0x000002c745f6af60 ConcurrentGCThread "G1 Refine#2" [stack: 0x000000e2e1d00000,0x000000e2e1e00000] [id=5404]
  0x000002c745f6b830 ConcurrentGCThread "G1 Refine#3" [stack: 0x000000e2e3000000,0x000000e2e3100000] [id=8836]
  0x000002c73d8ace50 ConcurrentGCThread "G1 Refine#4" [stack: 0x000000e2e3100000,0x000000e2e3200000] [id=22900]
  0x000002c73c1db320 ConcurrentGCThread "G1 Refine#5" [stack: 0x000000e2e3200000,0x000000e2e3300000] [id=21424]
  0x000002c73cb3b1c0 ConcurrentGCThread "G1 Refine#6" [stack: 0x000000e2e3300000,0x000000e2e3400000] [id=5016]
  0x000002c74634c430 ConcurrentGCThread "G1 Refine#7" [stack: 0x000000e2e3400000,0x000000e2e3500000] [id=18608]
  0x000002c73cf17c30 ConcurrentGCThread "G1 Refine#8" [stack: 0x000000e2e3500000,0x000000e2e3600000] [id=20384]
  0x000002c745f6c9d0 ConcurrentGCThread "G1 Refine#9" [stack: 0x000000e2e3600000,0x000000e2e3700000] [id=25784]
  0x000002c77ef0a450 ConcurrentGCThread "G1 Service" [stack: 0x000000e2d4300000,0x000000e2d4400000] [id=12640]

Threads with active compile tasks:
C2 CompilerThread0   115080 30982       4       com.android.tools.r8.internal.gC::a (71 bytes)
C2 CompilerThread1   115080 30930       4       com.android.tools.r8.internal.Ma::a (1175 bytes)
C2 CompilerThread2   115080 30374 %     4       com.android.tools.r8.internal.vA::a @ 10 (186 bytes)

VM state: at safepoint (normal execution)

VM Mutex/Monitor currently owned by a thread:  ([mutex/lock_event])
[0x000002c75bca7130] Threads_lock - owner thread: 0x000002c77f053c10
[0x000002c75bca8060] Heap_lock - owner thread: 0x000002c73eac4f20

Heap address: 0x0000000700000000, size: 4096 MB, Compressed Oops mode: Zero based, Oop shift amount: 3

CDS archive(s) mapped at: [0x000002c700000000-0x000002c700bb0000-0x000002c700bb0000), size 12255232, SharedBaseAddress: 0x000002c700000000, ArchiveRelocationMode: 1.
Compressed class space mapped at: 0x000002c701000000-0x000002c735000000, reserved size: 872415232
Narrow klass base: 0x000002c700000000, Narrow klass shift: 0, Narrow klass range: 0x100000000

GC Precious Log:
 CPUs: 12 total, 12 available
 Memory: 5989M
 Large Page Support: Disabled
 NUMA Support: Disabled
 Compressed Oops: Enabled (Zero based)
 Heap Region Size: 2M
 Heap Min Capacity: 8M
 Heap Initial Capacity: 94M
 Heap Max Capacity: 4G
 Pre-touch: Disabled
 Parallel Workers: 10
 Concurrent Workers: 3
 Concurrent Refinement Workers: 10
 Periodic GC: Disabled

Heap:
 garbage-first heap   total 1470464K, used 545174K [0x0000000700000000, 0x0000000800000000)
  region size 2048K, 2 young (4096K), 2 survivors (4096K)
 Metaspace       used 149251K, committed 151232K, reserved 983040K
  class space    used 20732K, committed 21696K, reserved 851968K

Heap Regions: E=young(eden), S=young(survivor), O=old, HS=humongous(starts), HC=humongous(continues), CS=collection set, F=free, OA=open archive, CA=closed archive, TAMS=top-at-mark-start (previous, next)
|   0|0x0000000700000000, 0x0000000700200000, 0x0000000700200000|100%|HS|  |TAMS 0x0000000700200000, 0x0000000700000000| Complete 
|   1|0x0000000700200000, 0x0000000700400000, 0x0000000700400000|100%|HC|  |TAMS 0x0000000700400000, 0x0000000700200000| Complete 
|   2|0x0000000700400000, 0x0000000700600000, 0x0000000700600000|100%| O|  |TAMS 0x0000000700600000, 0x0000000700400000| Untracked 
|   3|0x0000000700600000, 0x0000000700800000, 0x0000000700800000|100%| O|  |TAMS 0x0000000700800000, 0x0000000700600000| Untracked 
|   4|0x0000000700800000, 0x0000000700a00000, 0x0000000700a00000|100%| O|  |TAMS 0x0000000700a00000, 0x0000000700800000| Untracked 
|   5|0x0000000700a00000, 0x0000000700c00000, 0x0000000700c00000|100%| O|  |TAMS 0x0000000700c00000, 0x0000000700a00000| Untracked 
|   6|0x0000000700c00000, 0x0000000700e00000, 0x0000000700e00000|100%| O|  |TAMS 0x0000000700e00000, 0x0000000700c00000| Untracked 
|   7|0x0000000700e00000, 0x0000000701000000, 0x0000000701000000|100%| O|  |TAMS 0x0000000701000000, 0x0000000700e00000| Untracked 
|   8|0x0000000701000000, 0x0000000701200000, 0x0000000701200000|100%| O|  |TAMS 0x0000000701200000, 0x0000000701000000| Untracked 
|   9|0x0000000701200000, 0x0000000701400000, 0x0000000701400000|100%| O|  |TAMS 0x0000000701400000, 0x0000000701200000| Untracked 
|  10|0x0000000701400000, 0x0000000701600000, 0x0000000701600000|100%|HS|  |TAMS 0x0000000701600000, 0x0000000701400000| Complete 
|  11|0x0000000701600000, 0x0000000701800000, 0x0000000701800000|100%| O|  |TAMS 0x0000000701800000, 0x0000000701600000| Untracked 
|  12|0x0000000701800000, 0x0000000701a00000, 0x0000000701a00000|100%| O|  |TAMS 0x0000000701a00000, 0x0000000701800000| Untracked 
|  13|0x0000000701a00000, 0x0000000701c00000, 0x0000000701c00000|100%| O|  |TAMS 0x0000000701c00000, 0x0000000701a00000| Untracked 
|  14|0x0000000701c00000, 0x0000000701e00000, 0x0000000701e00000|100%| O|  |TAMS 0x0000000701e00000, 0x0000000701c00000| Untracked 
|  15|0x0000000701e00000, 0x0000000702000000, 0x0000000702000000|100%|HS|  |TAMS 0x0000000702000000, 0x0000000701e00000| Complete 
|  16|0x0000000702000000, 0x0000000702200000, 0x0000000702200000|100%| O|  |TAMS 0x0000000702200000, 0x0000000702000000| Untracked 
|  17|0x0000000702200000, 0x0000000702400000, 0x0000000702400000|100%| O|  |TAMS 0x0000000702400000, 0x0000000702200000| Untracked 
|  18|0x0000000702400000, 0x0000000702600000, 0x0000000702600000|100%|HS|  |TAMS 0x0000000702600000, 0x0000000702400000| Complete 
|  19|0x0000000702600000, 0x0000000702800000, 0x0000000702800000|100%|HC|  |TAMS 0x0000000702800000, 0x0000000702600000| Complete 
|  20|0x0000000702800000, 0x0000000702a00000, 0x0000000702a00000|100%| O|  |TAMS 0x0000000702a00000, 0x0000000702800000| Untracked 
|  21|0x0000000702a00000, 0x0000000702c00000, 0x0000000702c00000|100%|HS|  |TAMS 0x0000000702c00000, 0x0000000702a00000| Complete 
|  22|0x0000000702c00000, 0x0000000702e00000, 0x0000000702e00000|100%|HC|  |TAMS 0x0000000702e00000, 0x0000000702c00000| Complete 
|  23|0x0000000702e00000, 0x0000000703000000, 0x0000000703000000|100%| O|  |TAMS 0x0000000703000000, 0x0000000702e00000| Untracked 
|  24|0x0000000703000000, 0x0000000703200000, 0x0000000703200000|100%| O|  |TAMS 0x0000000703200000, 0x0000000703000000| Untracked 
|  25|0x0000000703200000, 0x0000000703400000, 0x0000000703400000|100%| O|  |TAMS 0x0000000703400000, 0x0000000703200000| Untracked 
|  26|0x0000000703400000, 0x0000000703600000, 0x0000000703600000|100%| O|  |TAMS 0x0000000703600000, 0x0000000703400000| Untracked 
|  27|0x0000000703600000, 0x0000000703800000, 0x0000000703800000|100%| O|  |TAMS 0x0000000703800000, 0x0000000703600000| Untracked 
|  28|0x0000000703800000, 0x0000000703a00000, 0x0000000703a00000|100%| O|  |TAMS 0x0000000703a00000, 0x0000000703800000| Untracked 
|  29|0x0000000703a00000, 0x0000000703c00000, 0x0000000703c00000|100%| O|  |TAMS 0x0000000703c00000, 0x0000000703a00000| Untracked 
|  30|0x0000000703c00000, 0x0000000703e00000, 0x0000000703e00000|100%| O|  |TAMS 0x0000000703e00000, 0x0000000703c00000| Untracked 
|  31|0x0000000703e00000, 0x0000000704000000, 0x0000000704000000|100%|HS|  |TAMS 0x0000000704000000, 0x0000000703e00000| Complete 
|  32|0x0000000704000000, 0x0000000704200000, 0x0000000704200000|100%| O|  |TAMS 0x0000000704200000, 0x0000000704000000| Untracked 
|  33|0x0000000704200000, 0x0000000704400000, 0x0000000704400000|100%| O|  |TAMS 0x0000000704400000, 0x0000000704200000| Untracked 
|  34|0x0000000704400000, 0x0000000704600000, 0x0000000704600000|100%| O|  |TAMS 0x0000000704600000, 0x0000000704400000| Untracked 
|  35|0x0000000704600000, 0x0000000704800000, 0x0000000704800000|100%| O|  |TAMS 0x0000000704800000, 0x0000000704600000| Untracked 
|  36|0x0000000704800000, 0x0000000704a00000, 0x0000000704a00000|100%| O|  |TAMS 0x0000000704a00000, 0x0000000704800000| Untracked 
|  37|0x0000000704a00000, 0x0000000704c00000, 0x0000000704c00000|100%| O|  |TAMS 0x0000000704c00000, 0x0000000704a00000| Untracked 
|  38|0x0000000704c00000, 0x0000000704e00000, 0x0000000704e00000|100%| O|  |TAMS 0x0000000704c00000, 0x0000000704c00000| Untracked 
|  39|0x0000000704e00000, 0x0000000705000000, 0x0000000705000000|100%| O|  |TAMS 0x0000000705000000, 0x0000000704e00000| Untracked 
|  40|0x0000000705000000, 0x0000000705200000, 0x0000000705200000|100%| O|  |TAMS 0x0000000705200000, 0x0000000705000000| Untracked 
|  41|0x0000000705200000, 0x0000000705400000, 0x0000000705400000|100%| O|  |TAMS 0x0000000705400000, 0x0000000705200000| Untracked 
|  42|0x0000000705400000, 0x0000000705600000, 0x0000000705600000|100%| O|  |TAMS 0x0000000705600000, 0x0000000705400000| Untracked 
|  43|0x0000000705600000, 0x0000000705800000, 0x0000000705800000|100%| O|  |TAMS 0x0000000705800000, 0x0000000705600000| Untracked 
|  44|0x0000000705800000, 0x0000000705a00000, 0x0000000705a00000|100%| O|  |TAMS 0x0000000705a00000, 0x0000000705800000| Untracked 
|  45|0x0000000705a00000, 0x0000000705c00000, 0x0000000705c00000|100%| O|  |TAMS 0x0000000705c00000, 0x0000000705a00000| Untracked 
|  46|0x0000000705c00000, 0x0000000705e00000, 0x0000000705e00000|100%| O|  |TAMS 0x0000000705e00000, 0x0000000705c00000| Untracked 
|  47|0x0000000705e00000, 0x0000000706000000, 0x0000000706000000|100%| O|  |TAMS 0x0000000706000000, 0x0000000705e00000| Untracked 
|  48|0x0000000706000000, 0x0000000706200000, 0x0000000706200000|100%|HS|  |TAMS 0x0000000706200000, 0x0000000706000000| Complete 
|  49|0x0000000706200000, 0x0000000706400000, 0x0000000706400000|100%| O|  |TAMS 0x0000000706400000, 0x0000000706200000| Untracked 
|  50|0x0000000706400000, 0x0000000706600000, 0x0000000706600000|100%| O|  |TAMS 0x0000000706600000, 0x0000000706400000| Untracked 
|  51|0x0000000706600000, 0x0000000706800000, 0x0000000706800000|100%| O|  |TAMS 0x0000000706800000, 0x0000000706600000| Untracked 
|  52|0x0000000706800000, 0x0000000706a00000, 0x0000000706a00000|100%| O|  |TAMS 0x0000000706a00000, 0x0000000706800000| Untracked 
|  53|0x0000000706a00000, 0x0000000706c00000, 0x0000000706c00000|100%| O|  |TAMS 0x0000000706c00000, 0x0000000706a00000| Untracked 
|  54|0x0000000706c00000, 0x0000000706e00000, 0x0000000706e00000|100%| O|  |TAMS 0x0000000706e00000, 0x0000000706c00000| Untracked 
|  55|0x0000000706e00000, 0x0000000707000000, 0x0000000707000000|100%| O|  |TAMS 0x0000000707000000, 0x0000000706e00000| Untracked 
|  56|0x0000000707000000, 0x0000000707200000, 0x0000000707200000|100%| O|  |TAMS 0x0000000707200000, 0x0000000707000000| Untracked 
|  57|0x0000000707200000, 0x0000000707400000, 0x0000000707400000|100%| O|  |TAMS 0x0000000707400000, 0x0000000707200000| Untracked 
|  58|0x0000000707400000, 0x0000000707600000, 0x0000000707600000|100%| O|  |TAMS 0x0000000707600000, 0x0000000707400000| Untracked 
|  59|0x0000000707600000, 0x0000000707800000, 0x0000000707800000|100%| O|  |TAMS 0x0000000707800000, 0x0000000707600000| Untracked 
|  60|0x0000000707800000, 0x0000000707a00000, 0x0000000707a00000|100%| O|  |TAMS 0x0000000707a00000, 0x0000000707800000| Untracked 
|  61|0x0000000707a00000, 0x0000000707c00000, 0x0000000707c00000|100%| O|  |TAMS 0x0000000707c00000, 0x0000000707a00000| Untracked 
|  62|0x0000000707c00000, 0x0000000707e00000, 0x0000000707e00000|100%| O|  |TAMS 0x0000000707e00000, 0x0000000707c00000| Untracked 
|  63|0x0000000707e00000, 0x0000000708000000, 0x0000000708000000|100%| O|  |TAMS 0x0000000708000000, 0x0000000707e00000| Untracked 
|  64|0x0000000708000000, 0x0000000708200000, 0x0000000708200000|100%| O|  |TAMS 0x0000000708200000, 0x0000000708000000| Untracked 
|  65|0x0000000708200000, 0x0000000708400000, 0x0000000708400000|100%| O|  |TAMS 0x0000000708278200, 0x0000000708200000| Untracked 
|  66|0x0000000708400000, 0x0000000708600000, 0x0000000708600000|100%|HS|  |TAMS 0x0000000708600000, 0x0000000708400000| Complete 
|  67|0x0000000708600000, 0x0000000708800000, 0x0000000708800000|100%|HS|  |TAMS 0x0000000708600000, 0x0000000708600000| Complete 
|  68|0x0000000708800000, 0x0000000708a00000, 0x0000000708a00000|100%| O|  |TAMS 0x0000000708800000, 0x0000000708800000| Untracked 
|  69|0x0000000708a00000, 0x0000000708c00000, 0x0000000708c00000|100%| O|  |TAMS 0x0000000708a00000, 0x0000000708a00000| Untracked 
|  70|0x0000000708c00000, 0x0000000708e00000, 0x0000000708e00000|100%| O|  |TAMS 0x0000000708c00000, 0x0000000708c00000| Untracked 
|  71|0x0000000708e00000, 0x0000000709000000, 0x0000000709000000|100%| O|  |TAMS 0x0000000708e00000, 0x0000000708e00000| Untracked 
|  72|0x0000000709000000, 0x0000000709200000, 0x0000000709200000|100%| O|  |TAMS 0x0000000709000000, 0x0000000709000000| Untracked 
|  73|0x0000000709200000, 0x0000000709400000, 0x0000000709400000|100%| O|  |TAMS 0x0000000709200000, 0x0000000709200000| Untracked 
|  74|0x0000000709400000, 0x0000000709600000, 0x0000000709600000|100%| O|  |TAMS 0x0000000709400000, 0x0000000709400000| Untracked 
|  75|0x0000000709600000, 0x0000000709800000, 0x0000000709800000|100%| O|  |TAMS 0x0000000709600000, 0x0000000709600000| Untracked 
|  76|0x0000000709800000, 0x0000000709a00000, 0x0000000709a00000|100%| O|  |TAMS 0x0000000709800000, 0x0000000709800000| Untracked 
|  77|0x0000000709a00000, 0x0000000709c00000, 0x0000000709c00000|100%| O|  |TAMS 0x0000000709a00000, 0x0000000709a00000| Untracked 
|  78|0x0000000709c00000, 0x0000000709e00000, 0x0000000709e00000|100%| O|  |TAMS 0x0000000709c00000, 0x0000000709c00000| Untracked 
|  79|0x0000000709e00000, 0x000000070a000000, 0x000000070a000000|100%| O|  |TAMS 0x0000000709e00000, 0x0000000709e00000| Untracked 
|  80|0x000000070a000000, 0x000000070a200000, 0x000000070a200000|100%| O|  |TAMS 0x000000070a000000, 0x000000070a000000| Untracked 
|  81|0x000000070a200000, 0x000000070a400000, 0x000000070a400000|100%| O|  |TAMS 0x000000070a200000, 0x000000070a200000| Untracked 
|  82|0x000000070a400000, 0x000000070a600000, 0x000000070a600000|100%| O|  |TAMS 0x000000070a400000, 0x000000070a400000| Untracked 
|  83|0x000000070a600000, 0x000000070a800000, 0x000000070a800000|100%| O|  |TAMS 0x000000070a600000, 0x000000070a600000| Untracked 
|  84|0x000000070a800000, 0x000000070aa00000, 0x000000070aa00000|100%| O|  |TAMS 0x000000070a800000, 0x000000070a800000| Untracked 
|  85|0x000000070aa00000, 0x000000070ac00000, 0x000000070ac00000|100%| O|  |TAMS 0x000000070aa00000, 0x000000070aa00000| Untracked 
|  86|0x000000070ac00000, 0x000000070ae00000, 0x000000070ae00000|100%| O|  |TAMS 0x000000070ac00000, 0x000000070ac00000| Untracked 
|  87|0x000000070ae00000, 0x000000070b000000, 0x000000070b000000|100%| O|  |TAMS 0x000000070ae00000, 0x000000070ae00000| Untracked 
|  88|0x000000070b000000, 0x000000070b200000, 0x000000070b200000|100%| O|  |TAMS 0x000000070b000000, 0x000000070b000000| Untracked 
|  89|0x000000070b200000, 0x000000070b400000, 0x000000070b400000|100%| O|  |TAMS 0x000000070b200000, 0x000000070b200000| Untracked 
|  90|0x000000070b400000, 0x000000070b600000, 0x000000070b600000|100%| O|  |TAMS 0x000000070b400000, 0x000000070b400000| Untracked 
|  91|0x000000070b600000, 0x000000070b800000, 0x000000070b800000|100%| O|  |TAMS 0x000000070b600000, 0x000000070b600000| Untracked 
|  92|0x000000070b800000, 0x000000070ba00000, 0x000000070ba00000|100%| O|  |TAMS 0x000000070b800000, 0x000000070b800000| Untracked 
|  93|0x000000070ba00000, 0x000000070bc00000, 0x000000070bc00000|100%| O|  |TAMS 0x000000070ba00000, 0x000000070ba00000| Untracked 
|  94|0x000000070bc00000, 0x000000070be00000, 0x000000070be00000|100%| O|  |TAMS 0x000000070bc00000, 0x000000070bc00000| Untracked 
|  95|0x000000070be00000, 0x000000070c000000, 0x000000070c000000|100%| O|  |TAMS 0x000000070be00000, 0x000000070be00000| Untracked 
|  96|0x000000070c000000, 0x000000070c200000, 0x000000070c200000|100%| O|  |TAMS 0x000000070c000000, 0x000000070c000000| Untracked 
|  97|0x000000070c200000, 0x000000070c400000, 0x000000070c400000|100%| O|  |TAMS 0x000000070c200000, 0x000000070c200000| Untracked 
|  98|0x000000070c400000, 0x000000070c600000, 0x000000070c600000|100%| O|  |TAMS 0x000000070c400000, 0x000000070c400000| Untracked 
|  99|0x000000070c600000, 0x000000070c800000, 0x000000070c800000|100%| O|  |TAMS 0x000000070c600000, 0x000000070c600000| Untracked 
| 100|0x000000070c800000, 0x000000070ca00000, 0x000000070ca00000|100%| O|  |TAMS 0x000000070c800000, 0x000000070c800000| Untracked 
| 101|0x000000070ca00000, 0x000000070cc00000, 0x000000070cc00000|100%| O|  |TAMS 0x000000070ca00000, 0x000000070ca00000| Untracked 
| 102|0x000000070cc00000, 0x000000070ce00000, 0x000000070ce00000|100%| O|  |TAMS 0x000000070cc00000, 0x000000070cc00000| Untracked 
| 103|0x000000070ce00000, 0x000000070d000000, 0x000000070d000000|100%| O|  |TAMS 0x000000070ce00000, 0x000000070ce00000| Untracked 
| 104|0x000000070d000000, 0x000000070d200000, 0x000000070d200000|100%| O|  |TAMS 0x000000070d000000, 0x000000070d000000| Untracked 
| 105|0x000000070d200000, 0x000000070d400000, 0x000000070d400000|100%| O|  |TAMS 0x000000070d200000, 0x000000070d200000| Untracked 
| 106|0x000000070d400000, 0x000000070d600000, 0x000000070d600000|100%| O|  |TAMS 0x000000070d400000, 0x000000070d400000| Untracked 
| 107|0x000000070d600000, 0x000000070d800000, 0x000000070d800000|100%| O|  |TAMS 0x000000070d600000, 0x000000070d600000| Untracked 
| 108|0x000000070d800000, 0x000000070da00000, 0x000000070da00000|100%| O|  |TAMS 0x000000070d800000, 0x000000070d800000| Untracked 
| 109|0x000000070da00000, 0x000000070dc00000, 0x000000070dc00000|100%| O|  |TAMS 0x000000070da00000, 0x000000070da00000| Untracked 
| 110|0x000000070dc00000, 0x000000070de00000, 0x000000070de00000|100%| O|  |TAMS 0x000000070dc00000, 0x000000070dc00000| Untracked 
| 111|0x000000070de00000, 0x000000070e000000, 0x000000070e000000|100%| O|  |TAMS 0x000000070de00000, 0x000000070de00000| Untracked 
| 112|0x000000070e000000, 0x000000070e200000, 0x000000070e200000|100%| O|  |TAMS 0x000000070e000000, 0x000000070e000000| Untracked 
| 113|0x000000070e200000, 0x000000070e400000, 0x000000070e400000|100%| O|  |TAMS 0x000000070e200000, 0x000000070e200000| Untracked 
| 114|0x000000070e400000, 0x000000070e600000, 0x000000070e600000|100%| O|  |TAMS 0x000000070e400000, 0x000000070e400000| Untracked 
| 115|0x000000070e600000, 0x000000070e800000, 0x000000070e800000|100%| O|  |TAMS 0x000000070e600000, 0x000000070e600000| Untracked 
| 116|0x000000070e800000, 0x000000070ea00000, 0x000000070ea00000|100%| O|  |TAMS 0x000000070e800000, 0x000000070e800000| Untracked 
| 117|0x000000070ea00000, 0x000000070ec00000, 0x000000070ec00000|100%| O|  |TAMS 0x000000070ea00000, 0x000000070ea00000| Untracked 
| 118|0x000000070ec00000, 0x000000070ee00000, 0x000000070ee00000|100%| O|  |TAMS 0x000000070ec00000, 0x000000070ec00000| Untracked 
| 119|0x000000070ee00000, 0x000000070f000000, 0x000000070f000000|100%| O|  |TAMS 0x000000070ee00000, 0x000000070ee00000| Untracked 
| 120|0x000000070f000000, 0x000000070f200000, 0x000000070f200000|100%| O|  |TAMS 0x000000070f000000, 0x000000070f000000| Untracked 
| 121|0x000000070f200000, 0x000000070f400000, 0x000000070f400000|100%| O|  |TAMS 0x000000070f200000, 0x000000070f200000| Untracked 
| 122|0x000000070f400000, 0x000000070f600000, 0x000000070f600000|100%| O|  |TAMS 0x000000070f400000, 0x000000070f400000| Untracked 
| 123|0x000000070f600000, 0x000000070f800000, 0x000000070f800000|100%| O|  |TAMS 0x000000070f600000, 0x000000070f600000| Untracked 
| 124|0x000000070f800000, 0x000000070fa00000, 0x000000070fa00000|100%| O|  |TAMS 0x000000070f800000, 0x000000070f800000| Untracked 
| 125|0x000000070fa00000, 0x000000070fc00000, 0x000000070fc00000|100%| O|  |TAMS 0x000000070fa00000, 0x000000070fa00000| Untracked 
| 126|0x000000070fc00000, 0x000000070fe00000, 0x000000070fe00000|100%| O|  |TAMS 0x000000070fc00000, 0x000000070fc00000| Untracked 
| 127|0x000000070fe00000, 0x0000000710000000, 0x0000000710000000|100%| O|  |TAMS 0x000000070fe00000, 0x000000070fe00000| Untracked 
| 128|0x0000000710000000, 0x0000000710200000, 0x0000000710200000|100%| O|  |TAMS 0x0000000710000000, 0x0000000710000000| Untracked 
| 129|0x0000000710200000, 0x0000000710400000, 0x0000000710400000|100%| O|  |TAMS 0x0000000710200000, 0x0000000710200000| Untracked 
| 130|0x0000000710400000, 0x0000000710600000, 0x0000000710600000|100%| O|  |TAMS 0x0000000710400000, 0x0000000710400000| Untracked 
| 131|0x0000000710600000, 0x0000000710800000, 0x0000000710800000|100%| O|  |TAMS 0x0000000710600000, 0x0000000710600000| Untracked 
| 132|0x0000000710800000, 0x0000000710a00000, 0x0000000710a00000|100%| O|  |TAMS 0x0000000710800000, 0x0000000710800000| Untracked 
| 133|0x0000000710a00000, 0x0000000710c00000, 0x0000000710c00000|100%| O|  |TAMS 0x0000000710a00000, 0x0000000710a00000| Untracked 
| 134|0x0000000710c00000, 0x0000000710e00000, 0x0000000710e00000|100%| O|  |TAMS 0x0000000710c00000, 0x0000000710c00000| Untracked 
| 135|0x0000000710e00000, 0x0000000711000000, 0x0000000711000000|100%| O|  |TAMS 0x0000000710e00000, 0x0000000710e00000| Untracked 
| 136|0x0000000711000000, 0x0000000711200000, 0x0000000711200000|100%| O|  |TAMS 0x0000000711000000, 0x0000000711000000| Untracked 
| 137|0x0000000711200000, 0x0000000711400000, 0x0000000711400000|100%| O|  |TAMS 0x0000000711200000, 0x0000000711200000| Untracked 
| 138|0x0000000711400000, 0x0000000711600000, 0x0000000711600000|100%| O|  |TAMS 0x0000000711400000, 0x0000000711400000| Untracked 
| 139|0x0000000711600000, 0x0000000711800000, 0x0000000711800000|100%| O|  |TAMS 0x0000000711600000, 0x0000000711600000| Untracked 
| 140|0x0000000711800000, 0x0000000711a00000, 0x0000000711a00000|100%| O|  |TAMS 0x0000000711800000, 0x0000000711800000| Untracked 
| 141|0x0000000711a00000, 0x0000000711c00000, 0x0000000711c00000|100%| O|  |TAMS 0x0000000711a00000, 0x0000000711a00000| Untracked 
| 142|0x0000000711c00000, 0x0000000711e00000, 0x0000000711e00000|100%| O|  |TAMS 0x0000000711c00000, 0x0000000711c00000| Untracked 
| 143|0x0000000711e00000, 0x0000000712000000, 0x0000000712000000|100%| O|  |TAMS 0x0000000711e00000, 0x0000000711e00000| Untracked 
| 144|0x0000000712000000, 0x0000000712200000, 0x0000000712200000|100%| O|  |TAMS 0x0000000712000000, 0x0000000712000000| Untracked 
| 145|0x0000000712200000, 0x0000000712400000, 0x0000000712400000|100%| O|  |TAMS 0x0000000712200000, 0x0000000712200000| Untracked 
| 146|0x0000000712400000, 0x0000000712600000, 0x0000000712600000|100%| O|  |TAMS 0x0000000712400000, 0x0000000712400000| Untracked 
| 147|0x0000000712600000, 0x0000000712800000, 0x0000000712800000|100%| O|  |TAMS 0x0000000712600000, 0x0000000712600000| Untracked 
| 148|0x0000000712800000, 0x0000000712a00000, 0x0000000712a00000|100%| O|  |TAMS 0x0000000712800000, 0x0000000712800000| Untracked 
| 149|0x0000000712a00000, 0x0000000712c00000, 0x0000000712c00000|100%| O|  |TAMS 0x0000000712a00000, 0x0000000712a00000| Untracked 
| 150|0x0000000712c00000, 0x0000000712e00000, 0x0000000712e00000|100%| O|  |TAMS 0x0000000712c00000, 0x0000000712c00000| Untracked 
| 151|0x0000000712e00000, 0x0000000713000000, 0x0000000713000000|100%| O|  |TAMS 0x0000000712e00000, 0x0000000712e00000| Untracked 
| 152|0x0000000713000000, 0x0000000713200000, 0x0000000713200000|100%| O|  |TAMS 0x0000000713000000, 0x0000000713000000| Untracked 
| 153|0x0000000713200000, 0x0000000713400000, 0x0000000713400000|100%| O|  |TAMS 0x0000000713200000, 0x0000000713200000| Untracked 
| 154|0x0000000713400000, 0x0000000713600000, 0x0000000713600000|100%| O|  |TAMS 0x0000000713400000, 0x0000000713400000| Untracked 
| 155|0x0000000713600000, 0x0000000713800000, 0x0000000713800000|100%| O|  |TAMS 0x0000000713600000, 0x0000000713600000| Untracked 
| 156|0x0000000713800000, 0x0000000713a00000, 0x0000000713a00000|100%| O|  |TAMS 0x0000000713800000, 0x0000000713800000| Untracked 
| 157|0x0000000713a00000, 0x0000000713c00000, 0x0000000713c00000|100%| O|  |TAMS 0x0000000713a00000, 0x0000000713a00000| Untracked 
| 158|0x0000000713c00000, 0x0000000713e00000, 0x0000000713e00000|100%| O|  |TAMS 0x0000000713c00000, 0x0000000713c00000| Untracked 
| 159|0x0000000713e00000, 0x0000000714000000, 0x0000000714000000|100%| O|  |TAMS 0x0000000713e00000, 0x0000000713e00000| Untracked 
| 160|0x0000000714000000, 0x0000000714200000, 0x0000000714200000|100%| O|  |TAMS 0x0000000714000000, 0x0000000714000000| Untracked 
| 161|0x0000000714200000, 0x0000000714400000, 0x0000000714400000|100%| O|  |TAMS 0x0000000714200000, 0x0000000714200000| Untracked 
| 162|0x0000000714400000, 0x0000000714600000, 0x0000000714600000|100%| O|  |TAMS 0x0000000714400000, 0x0000000714400000| Untracked 
| 163|0x0000000714600000, 0x0000000714800000, 0x0000000714800000|100%| O|  |TAMS 0x0000000714600000, 0x0000000714600000| Untracked 
| 164|0x0000000714800000, 0x0000000714a00000, 0x0000000714a00000|100%| O|  |TAMS 0x0000000714800000, 0x0000000714800000| Untracked 
| 165|0x0000000714a00000, 0x0000000714c00000, 0x0000000714c00000|100%| O|  |TAMS 0x0000000714a00000, 0x0000000714a00000| Untracked 
| 166|0x0000000714c00000, 0x0000000714e00000, 0x0000000714e00000|100%| O|  |TAMS 0x0000000714c00000, 0x0000000714c00000| Untracked 
| 167|0x0000000714e00000, 0x0000000715000000, 0x0000000715000000|100%| O|  |TAMS 0x0000000714e00000, 0x0000000714e00000| Untracked 
| 168|0x0000000715000000, 0x0000000715200000, 0x0000000715200000|100%| O|  |TAMS 0x0000000715000000, 0x0000000715000000| Untracked 
| 169|0x0000000715200000, 0x0000000715400000, 0x0000000715400000|100%| O|  |TAMS 0x0000000715200000, 0x0000000715200000| Untracked 
| 170|0x0000000715400000, 0x0000000715600000, 0x0000000715600000|100%| O|  |TAMS 0x0000000715400000, 0x0000000715400000| Untracked 
| 171|0x0000000715600000, 0x0000000715800000, 0x0000000715800000|100%| O|  |TAMS 0x0000000715600000, 0x0000000715600000| Untracked 
| 172|0x0000000715800000, 0x0000000715a00000, 0x0000000715a00000|100%| O|  |TAMS 0x0000000715800000, 0x0000000715800000| Untracked 
| 173|0x0000000715a00000, 0x0000000715c00000, 0x0000000715c00000|100%| O|  |TAMS 0x0000000715a00000, 0x0000000715a00000| Untracked 
| 174|0x0000000715c00000, 0x0000000715e00000, 0x0000000715e00000|100%| O|  |TAMS 0x0000000715c00000, 0x0000000715c00000| Untracked 
| 175|0x0000000715e00000, 0x0000000716000000, 0x0000000716000000|100%| O|  |TAMS 0x0000000715e00000, 0x0000000715e00000| Untracked 
| 176|0x0000000716000000, 0x0000000716200000, 0x0000000716200000|100%| O|  |TAMS 0x0000000716000000, 0x0000000716000000| Untracked 
| 177|0x0000000716200000, 0x0000000716400000, 0x0000000716400000|100%| O|  |TAMS 0x0000000716200000, 0x0000000716200000| Untracked 
| 178|0x0000000716400000, 0x0000000716600000, 0x0000000716600000|100%| O|  |TAMS 0x0000000716400000, 0x0000000716400000| Untracked 
| 179|0x0000000716600000, 0x0000000716800000, 0x0000000716800000|100%| O|  |TAMS 0x0000000716600000, 0x0000000716600000| Untracked 
| 180|0x0000000716800000, 0x0000000716a00000, 0x0000000716a00000|100%| O|  |TAMS 0x0000000716800000, 0x0000000716800000| Untracked 
| 181|0x0000000716a00000, 0x0000000716c00000, 0x0000000716c00000|100%| O|  |TAMS 0x0000000716a00000, 0x0000000716a00000| Untracked 
| 182|0x0000000716c00000, 0x0000000716e00000, 0x0000000716e00000|100%| O|  |TAMS 0x0000000716c00000, 0x0000000716c00000| Untracked 
| 183|0x0000000716e00000, 0x0000000717000000, 0x0000000717000000|100%| O|  |TAMS 0x0000000716e00000, 0x0000000716e00000| Untracked 
| 184|0x0000000717000000, 0x0000000717200000, 0x0000000717200000|100%| O|  |TAMS 0x0000000717000000, 0x0000000717000000| Untracked 
| 185|0x0000000717200000, 0x0000000717400000, 0x0000000717400000|100%| O|  |TAMS 0x0000000717200000, 0x0000000717200000| Untracked 
| 186|0x0000000717400000, 0x0000000717600000, 0x0000000717600000|100%| O|  |TAMS 0x0000000717400000, 0x0000000717400000| Untracked 
| 187|0x0000000717600000, 0x0000000717800000, 0x0000000717800000|100%| O|  |TAMS 0x0000000717600000, 0x0000000717600000| Untracked 
| 188|0x0000000717800000, 0x0000000717a00000, 0x0000000717a00000|100%| O|  |TAMS 0x0000000717800000, 0x0000000717800000| Untracked 
| 189|0x0000000717a00000, 0x0000000717c00000, 0x0000000717c00000|100%| O|  |TAMS 0x0000000717a00000, 0x0000000717a00000| Untracked 
| 190|0x0000000717c00000, 0x0000000717e00000, 0x0000000717e00000|100%| O|  |TAMS 0x0000000717c00000, 0x0000000717c00000| Untracked 
| 191|0x0000000717e00000, 0x0000000718000000, 0x0000000718000000|100%| O|  |TAMS 0x0000000717e00000, 0x0000000717e00000| Untracked 
| 192|0x0000000718000000, 0x0000000718200000, 0x0000000718200000|100%| O|  |TAMS 0x0000000718000000, 0x0000000718000000| Untracked 
| 193|0x0000000718200000, 0x0000000718400000, 0x0000000718400000|100%| O|  |TAMS 0x0000000718200000, 0x0000000718200000| Untracked 
| 194|0x0000000718400000, 0x0000000718600000, 0x0000000718600000|100%| O|  |TAMS 0x0000000718400000, 0x0000000718400000| Untracked 
| 195|0x0000000718600000, 0x0000000718800000, 0x0000000718800000|100%| O|  |TAMS 0x0000000718600000, 0x0000000718600000| Untracked 
| 196|0x0000000718800000, 0x0000000718a00000, 0x0000000718a00000|100%| O|  |TAMS 0x0000000718800000, 0x0000000718800000| Untracked 
| 197|0x0000000718a00000, 0x0000000718c00000, 0x0000000718c00000|100%| O|  |TAMS 0x0000000718a00000, 0x0000000718a00000| Untracked 
| 198|0x0000000718c00000, 0x0000000718e00000, 0x0000000718e00000|100%| O|  |TAMS 0x0000000718c00000, 0x0000000718c00000| Untracked 
| 199|0x0000000718e00000, 0x0000000719000000, 0x0000000719000000|100%| O|  |TAMS 0x0000000718e00000, 0x0000000718e00000| Untracked 
| 200|0x0000000719000000, 0x0000000719200000, 0x0000000719200000|100%| O|  |TAMS 0x0000000719000000, 0x0000000719000000| Untracked 
| 201|0x0000000719200000, 0x0000000719400000, 0x0000000719400000|100%| O|  |TAMS 0x0000000719200000, 0x0000000719200000| Untracked 
| 202|0x0000000719400000, 0x0000000719600000, 0x0000000719600000|100%| O|  |TAMS 0x0000000719400000, 0x0000000719400000| Untracked 
| 203|0x0000000719600000, 0x0000000719800000, 0x0000000719800000|100%| O|  |TAMS 0x0000000719600000, 0x0000000719600000| Untracked 
| 204|0x0000000719800000, 0x0000000719a00000, 0x0000000719a00000|100%| O|  |TAMS 0x0000000719800000, 0x0000000719800000| Untracked 
| 205|0x0000000719a00000, 0x0000000719c00000, 0x0000000719c00000|100%| O|  |TAMS 0x0000000719a00000, 0x0000000719a00000| Untracked 
| 206|0x0000000719c00000, 0x0000000719e00000, 0x0000000719e00000|100%| O|  |TAMS 0x0000000719c00000, 0x0000000719c00000| Untracked 
| 207|0x0000000719e00000, 0x000000071a000000, 0x000000071a000000|100%| O|  |TAMS 0x0000000719e00000, 0x0000000719e00000| Untracked 
| 208|0x000000071a000000, 0x000000071a200000, 0x000000071a200000|100%| O|  |TAMS 0x000000071a000000, 0x000000071a000000| Untracked 
| 209|0x000000071a200000, 0x000000071a400000, 0x000000071a400000|100%| O|  |TAMS 0x000000071a200000, 0x000000071a200000| Untracked 
| 210|0x000000071a400000, 0x000000071a600000, 0x000000071a600000|100%| O|  |TAMS 0x000000071a400000, 0x000000071a400000| Untracked 
| 211|0x000000071a600000, 0x000000071a800000, 0x000000071a800000|100%| O|  |TAMS 0x000000071a600000, 0x000000071a600000| Untracked 
| 212|0x000000071a800000, 0x000000071aa00000, 0x000000071aa00000|100%| O|  |TAMS 0x000000071a800000, 0x000000071a800000| Untracked 
| 213|0x000000071aa00000, 0x000000071ac00000, 0x000000071ac00000|100%| O|  |TAMS 0x000000071aa00000, 0x000000071aa00000| Untracked 
| 214|0x000000071ac00000, 0x000000071ae00000, 0x000000071ae00000|100%| O|  |TAMS 0x000000071ac00000, 0x000000071ac00000| Untracked 
| 215|0x000000071ae00000, 0x000000071b000000, 0x000000071b000000|100%| O|  |TAMS 0x000000071ae00000, 0x000000071ae00000| Untracked 
| 216|0x000000071b000000, 0x000000071b200000, 0x000000071b200000|100%|HS|  |TAMS 0x000000071b000000, 0x000000071b000000| Complete 
| 217|0x000000071b200000, 0x000000071b400000, 0x000000071b400000|100%|HC|  |TAMS 0x000000071b200000, 0x000000071b200000| Complete 
| 218|0x000000071b400000, 0x000000071b600000, 0x000000071b600000|100%| O|  |TAMS 0x000000071b400000, 0x000000071b400000| Untracked 
| 219|0x000000071b600000, 0x000000071b800000, 0x000000071b800000|100%| O|  |TAMS 0x000000071b600000, 0x000000071b600000| Untracked 
| 220|0x000000071b800000, 0x000000071ba00000, 0x000000071ba00000|100%| O|  |TAMS 0x000000071b800000, 0x000000071b800000| Untracked 
| 221|0x000000071ba00000, 0x000000071bc00000, 0x000000071bc00000|100%| O|  |TAMS 0x000000071ba00000, 0x000000071ba00000| Untracked 
| 222|0x000000071bc00000, 0x000000071be00000, 0x000000071be00000|100%| O|  |TAMS 0x000000071bc00000, 0x000000071bc00000| Untracked 
| 223|0x000000071be00000, 0x000000071c000000, 0x000000071c000000|100%| O|  |TAMS 0x000000071be00000, 0x000000071be00000| Untracked 
| 224|0x000000071c000000, 0x000000071c200000, 0x000000071c200000|100%| O|  |TAMS 0x000000071c000000, 0x000000071c000000| Untracked 
| 225|0x000000071c200000, 0x000000071c400000, 0x000000071c400000|100%| O|  |TAMS 0x000000071c200000, 0x000000071c200000| Untracked 
| 226|0x000000071c400000, 0x000000071c600000, 0x000000071c600000|100%| O|  |TAMS 0x000000071c400000, 0x000000071c400000| Untracked 
| 227|0x000000071c600000, 0x000000071c800000, 0x000000071c800000|100%| O|  |TAMS 0x000000071c600000, 0x000000071c600000| Untracked 
| 228|0x000000071c800000, 0x000000071ca00000, 0x000000071ca00000|100%| O|  |TAMS 0x000000071c800000, 0x000000071c800000| Untracked 
| 229|0x000000071ca00000, 0x000000071cc00000, 0x000000071cc00000|100%| O|  |TAMS 0x000000071ca00000, 0x000000071ca00000| Untracked 
| 230|0x000000071cc00000, 0x000000071ce00000, 0x000000071ce00000|100%| O|  |TAMS 0x000000071cc00000, 0x000000071cc00000| Untracked 
| 231|0x000000071ce00000, 0x000000071d000000, 0x000000071d000000|100%| O|  |TAMS 0x000000071ce00000, 0x000000071ce00000| Untracked 
| 232|0x000000071d000000, 0x000000071d200000, 0x000000071d200000|100%| O|  |TAMS 0x000000071d000000, 0x000000071d000000| Untracked 
| 233|0x000000071d200000, 0x000000071d400000, 0x000000071d400000|100%| O|  |TAMS 0x000000071d200000, 0x000000071d200000| Untracked 
| 234|0x000000071d400000, 0x000000071d600000, 0x000000071d600000|100%| O|  |TAMS 0x000000071d400000, 0x000000071d400000| Untracked 
| 235|0x000000071d600000, 0x000000071d800000, 0x000000071d800000|100%| O|  |TAMS 0x000000071d600000, 0x000000071d600000| Untracked 
| 236|0x000000071d800000, 0x000000071da00000, 0x000000071da00000|100%| O|  |TAMS 0x000000071d800000, 0x000000071d800000| Untracked 
| 237|0x000000071da00000, 0x000000071dc00000, 0x000000071dc00000|100%| O|  |TAMS 0x000000071da00000, 0x000000071da00000| Untracked 
| 238|0x000000071dc00000, 0x000000071de00000, 0x000000071de00000|100%| O|  |TAMS 0x000000071dc00000, 0x000000071dc00000| Untracked 
| 239|0x000000071de00000, 0x000000071e000000, 0x000000071e000000|100%| O|  |TAMS 0x000000071de00000, 0x000000071de00000| Untracked 
| 240|0x000000071e000000, 0x000000071e200000, 0x000000071e200000|100%| O|  |TAMS 0x000000071e000000, 0x000000071e000000| Untracked 
| 241|0x000000071e200000, 0x000000071e400000, 0x000000071e400000|100%| O|  |TAMS 0x000000071e200000, 0x000000071e200000| Untracked 
| 242|0x000000071e400000, 0x000000071e600000, 0x000000071e600000|100%| O|  |TAMS 0x000000071e400000, 0x000000071e400000| Untracked 
| 243|0x000000071e600000, 0x000000071e800000, 0x000000071e800000|100%| O|  |TAMS 0x000000071e600000, 0x000000071e600000| Untracked 
| 244|0x000000071e800000, 0x000000071ea00000, 0x000000071ea00000|100%| O|  |TAMS 0x000000071e800000, 0x000000071e800000| Untracked 
| 245|0x000000071ea00000, 0x000000071ec00000, 0x000000071ec00000|100%| O|  |TAMS 0x000000071ea00000, 0x000000071ea00000| Untracked 
| 246|0x000000071ec00000, 0x000000071ee00000, 0x000000071ee00000|100%| O|  |TAMS 0x000000071ec00000, 0x000000071ec00000| Untracked 
| 247|0x000000071ee00000, 0x000000071f000000, 0x000000071f000000|100%| O|  |TAMS 0x000000071ee00000, 0x000000071ee00000| Untracked 
| 248|0x000000071f000000, 0x000000071f200000, 0x000000071f200000|100%| O|  |TAMS 0x000000071f000000, 0x000000071f000000| Untracked 
| 249|0x000000071f200000, 0x000000071f400000, 0x000000071f400000|100%| O|  |TAMS 0x000000071f200000, 0x000000071f200000| Untracked 
| 250|0x000000071f400000, 0x000000071f600000, 0x000000071f600000|100%| O|  |TAMS 0x000000071f400000, 0x000000071f400000| Untracked 
| 251|0x000000071f600000, 0x000000071f800000, 0x000000071f800000|100%| O|  |TAMS 0x000000071f600000, 0x000000071f600000| Untracked 
| 252|0x000000071f800000, 0x000000071fa00000, 0x000000071fa00000|100%| O|  |TAMS 0x000000071f800000, 0x000000071f800000| Untracked 
| 253|0x000000071fa00000, 0x000000071fc00000, 0x000000071fc00000|100%| O|  |TAMS 0x000000071fa00000, 0x000000071fa00000| Untracked 
| 254|0x000000071fc00000, 0x000000071fe00000, 0x000000071fe00000|100%| O|  |TAMS 0x000000071fc00000, 0x000000071fc00000| Untracked 
| 255|0x000000071fe00000, 0x0000000720000000, 0x0000000720000000|100%| O|  |TAMS 0x000000071fe00000, 0x000000071fe00000| Untracked 
| 256|0x0000000720000000, 0x0000000720200000, 0x0000000720200000|100%| O|  |TAMS 0x0000000720000000, 0x0000000720000000| Untracked 
| 257|0x0000000720200000, 0x0000000720400000, 0x0000000720400000|100%| O|  |TAMS 0x0000000720200000, 0x0000000720200000| Untracked 
| 258|0x0000000720400000, 0x0000000720600000, 0x0000000720600000|100%| O|  |TAMS 0x0000000720400000, 0x0000000720400000| Untracked 
| 259|0x0000000720600000, 0x0000000720800000, 0x0000000720800000|100%| O|  |TAMS 0x0000000720600000, 0x0000000720600000| Untracked 
| 260|0x0000000720800000, 0x0000000720a00000, 0x0000000720a00000|100%| O|  |TAMS 0x0000000720800000, 0x0000000720800000| Untracked 
| 261|0x0000000720a00000, 0x0000000720c00000, 0x0000000720c00000|100%| O|  |TAMS 0x0000000720a00000, 0x0000000720a00000| Untracked 
| 262|0x0000000720c00000, 0x0000000720e00000, 0x0000000720e00000|100%| O|  |TAMS 0x0000000720c00000, 0x0000000720c00000| Untracked 
| 263|0x0000000720e00000, 0x0000000721000000, 0x0000000721000000|100%| O|  |TAMS 0x0000000720e00000, 0x0000000720e00000| Untracked 
| 264|0x0000000721000000, 0x00000007210f2e00, 0x0000000721200000| 47%| O|  |TAMS 0x0000000721000000, 0x0000000721000000| Untracked 
| 265|0x0000000721200000, 0x0000000721200000, 0x0000000721400000|  0%| F|  |TAMS 0x0000000721200000, 0x0000000721200000| Untracked 
| 266|0x0000000721400000, 0x0000000721400000, 0x0000000721600000|  0%| F|  |TAMS 0x0000000721400000, 0x0000000721400000| Untracked 
| 267|0x0000000721600000, 0x0000000721600000, 0x0000000721800000|  0%| F|  |TAMS 0x0000000721600000, 0x0000000721600000| Untracked 
| 268|0x0000000721800000, 0x0000000721800000, 0x0000000721a00000|  0%| F|  |TAMS 0x0000000721800000, 0x0000000721800000| Untracked 
| 269|0x0000000721a00000, 0x0000000721a00000, 0x0000000721c00000|  0%| F|  |TAMS 0x0000000721a00000, 0x0000000721a00000| Untracked 
| 270|0x0000000721c00000, 0x0000000721c00000, 0x0000000721e00000|  0%| F|  |TAMS 0x0000000721c00000, 0x0000000721c00000| Untracked 
| 271|0x0000000721e00000, 0x0000000721e00000, 0x0000000722000000|  0%| F|  |TAMS 0x0000000721e00000, 0x0000000721e00000| Untracked 
| 272|0x0000000722000000, 0x0000000722000000, 0x0000000722200000|  0%| F|  |TAMS 0x0000000722000000, 0x0000000722000000| Untracked 
| 273|0x0000000722200000, 0x0000000722200000, 0x0000000722400000|  0%| F|  |TAMS 0x0000000722200000, 0x0000000722200000| Untracked 
| 274|0x0000000722400000, 0x0000000722400000, 0x0000000722600000|  0%| F|  |TAMS 0x0000000722400000, 0x0000000722400000| Untracked 
| 275|0x0000000722600000, 0x0000000722600000, 0x0000000722800000|  0%| F|  |TAMS 0x0000000722600000, 0x0000000722600000| Untracked 
| 276|0x0000000722800000, 0x0000000722800000, 0x0000000722a00000|  0%| F|  |TAMS 0x0000000722800000, 0x0000000722800000| Untracked 
| 277|0x0000000722a00000, 0x0000000722a00000, 0x0000000722c00000|  0%| F|  |TAMS 0x0000000722a00000, 0x0000000722a00000| Untracked 
| 278|0x0000000722c00000, 0x0000000722c00000, 0x0000000722e00000|  0%| F|  |TAMS 0x0000000722c00000, 0x0000000722c00000| Untracked 
| 279|0x0000000722e00000, 0x0000000722e00000, 0x0000000723000000|  0%| F|  |TAMS 0x0000000722e00000, 0x0000000722e00000| Untracked 
| 280|0x0000000723000000, 0x0000000723000000, 0x0000000723200000|  0%| F|  |TAMS 0x0000000723000000, 0x0000000723000000| Untracked 
| 281|0x0000000723200000, 0x0000000723200000, 0x0000000723400000|  0%| F|  |TAMS 0x0000000723200000, 0x0000000723200000| Untracked 
| 282|0x0000000723400000, 0x0000000723400000, 0x0000000723600000|  0%| F|  |TAMS 0x0000000723400000, 0x0000000723400000| Untracked 
| 283|0x0000000723600000, 0x0000000723600000, 0x0000000723800000|  0%| F|  |TAMS 0x0000000723600000, 0x0000000723600000| Untracked 
| 284|0x0000000723800000, 0x0000000723800000, 0x0000000723a00000|  0%| F|  |TAMS 0x0000000723800000, 0x0000000723800000| Untracked 
| 285|0x0000000723a00000, 0x0000000723a00000, 0x0000000723c00000|  0%| F|  |TAMS 0x0000000723a00000, 0x0000000723a00000| Untracked 
| 286|0x0000000723c00000, 0x0000000723c00000, 0x0000000723e00000|  0%| F|  |TAMS 0x0000000723c00000, 0x0000000723c00000| Untracked 
| 287|0x0000000723e00000, 0x0000000723e00000, 0x0000000724000000|  0%| F|  |TAMS 0x0000000723e00000, 0x0000000723e00000| Untracked 
| 288|0x0000000724000000, 0x0000000724000000, 0x0000000724200000|  0%| F|  |TAMS 0x0000000724000000, 0x0000000724000000| Untracked 
| 289|0x0000000724200000, 0x0000000724200000, 0x0000000724400000|  0%| F|  |TAMS 0x0000000724200000, 0x0000000724200000| Untracked 
| 290|0x0000000724400000, 0x0000000724400000, 0x0000000724600000|  0%| F|  |TAMS 0x0000000724400000, 0x0000000724400000| Untracked 
| 291|0x0000000724600000, 0x0000000724600000, 0x0000000724800000|  0%| F|  |TAMS 0x0000000724600000, 0x0000000724600000| Untracked 
| 292|0x0000000724800000, 0x0000000724800000, 0x0000000724a00000|  0%| F|  |TAMS 0x0000000724800000, 0x0000000724800000| Untracked 
| 293|0x0000000724a00000, 0x0000000724a00000, 0x0000000724c00000|  0%| F|  |TAMS 0x0000000724a00000, 0x0000000724a00000| Untracked 
| 294|0x0000000724c00000, 0x0000000724c00000, 0x0000000724e00000|  0%| F|  |TAMS 0x0000000724c00000, 0x0000000724c00000| Untracked 
| 295|0x0000000724e00000, 0x0000000724e00000, 0x0000000725000000|  0%| F|  |TAMS 0x0000000724e00000, 0x0000000724e00000| Untracked 
| 296|0x0000000725000000, 0x0000000725000000, 0x0000000725200000|  0%| F|  |TAMS 0x0000000725000000, 0x0000000725000000| Untracked 
| 297|0x0000000725200000, 0x0000000725200000, 0x0000000725400000|  0%| F|  |TAMS 0x0000000725200000, 0x0000000725200000| Untracked 
| 298|0x0000000725400000, 0x0000000725400000, 0x0000000725600000|  0%| F|  |TAMS 0x0000000725400000, 0x0000000725400000| Untracked 
| 299|0x0000000725600000, 0x0000000725600000, 0x0000000725800000|  0%| F|  |TAMS 0x0000000725600000, 0x0000000725600000| Untracked 
| 300|0x0000000725800000, 0x0000000725800000, 0x0000000725a00000|  0%| F|  |TAMS 0x0000000725800000, 0x0000000725800000| Untracked 
| 301|0x0000000725a00000, 0x0000000725a00000, 0x0000000725c00000|  0%| F|  |TAMS 0x0000000725a00000, 0x0000000725a00000| Untracked 
| 302|0x0000000725c00000, 0x0000000725c00000, 0x0000000725e00000|  0%| F|  |TAMS 0x0000000725c00000, 0x0000000725c00000| Untracked 
| 303|0x0000000725e00000, 0x0000000725e00000, 0x0000000726000000|  0%| F|  |TAMS 0x0000000725e00000, 0x0000000725e00000| Untracked 
| 304|0x0000000726000000, 0x0000000726000000, 0x0000000726200000|  0%| F|  |TAMS 0x0000000726000000, 0x0000000726000000| Untracked 
| 305|0x0000000726200000, 0x0000000726200000, 0x0000000726400000|  0%| F|  |TAMS 0x0000000726200000, 0x0000000726200000| Untracked 
| 306|0x0000000726400000, 0x0000000726400000, 0x0000000726600000|  0%| F|  |TAMS 0x0000000726400000, 0x0000000726400000| Untracked 
| 307|0x0000000726600000, 0x0000000726600000, 0x0000000726800000|  0%| F|  |TAMS 0x0000000726600000, 0x0000000726600000| Untracked 
| 308|0x0000000726800000, 0x0000000726800000, 0x0000000726a00000|  0%| F|  |TAMS 0x0000000726800000, 0x0000000726800000| Untracked 
| 309|0x0000000726a00000, 0x0000000726a00000, 0x0000000726c00000|  0%| F|  |TAMS 0x0000000726a00000, 0x0000000726a00000| Untracked 
| 310|0x0000000726c00000, 0x0000000726c00000, 0x0000000726e00000|  0%| F|  |TAMS 0x0000000726c00000, 0x0000000726c00000| Untracked 
| 311|0x0000000726e00000, 0x0000000726e00000, 0x0000000727000000|  0%| F|  |TAMS 0x0000000726e00000, 0x0000000726e00000| Untracked 
| 312|0x0000000727000000, 0x0000000727000000, 0x0000000727200000|  0%| F|  |TAMS 0x0000000727000000, 0x0000000727000000| Untracked 
| 313|0x0000000727200000, 0x0000000727200000, 0x0000000727400000|  0%| F|  |TAMS 0x0000000727200000, 0x0000000727200000| Untracked 
| 314|0x0000000727400000, 0x0000000727400000, 0x0000000727600000|  0%| F|  |TAMS 0x0000000727400000, 0x0000000727400000| Untracked 
| 315|0x0000000727600000, 0x0000000727600000, 0x0000000727800000|  0%| F|  |TAMS 0x0000000727600000, 0x0000000727600000| Untracked 
| 316|0x0000000727800000, 0x0000000727800000, 0x0000000727a00000|  0%| F|  |TAMS 0x0000000727800000, 0x0000000727800000| Untracked 
| 317|0x0000000727a00000, 0x0000000727a00000, 0x0000000727c00000|  0%| F|  |TAMS 0x0000000727a00000, 0x0000000727a00000| Untracked 
| 318|0x0000000727c00000, 0x0000000727c00000, 0x0000000727e00000|  0%| F|  |TAMS 0x0000000727c00000, 0x0000000727c00000| Untracked 
| 319|0x0000000727e00000, 0x0000000727e00000, 0x0000000728000000|  0%| F|  |TAMS 0x0000000727e00000, 0x0000000727e00000| Untracked 
| 320|0x0000000728000000, 0x0000000728000000, 0x0000000728200000|  0%| F|  |TAMS 0x0000000728000000, 0x0000000728000000| Untracked 
| 321|0x0000000728200000, 0x0000000728200000, 0x0000000728400000|  0%| F|  |TAMS 0x0000000728200000, 0x0000000728200000| Untracked 
| 322|0x0000000728400000, 0x0000000728400000, 0x0000000728600000|  0%| F|  |TAMS 0x0000000728400000, 0x0000000728400000| Untracked 
| 323|0x0000000728600000, 0x0000000728600000, 0x0000000728800000|  0%| F|  |TAMS 0x0000000728600000, 0x0000000728600000| Untracked 
| 324|0x0000000728800000, 0x0000000728800000, 0x0000000728a00000|  0%| F|  |TAMS 0x0000000728800000, 0x0000000728800000| Untracked 
| 325|0x0000000728a00000, 0x0000000728a00000, 0x0000000728c00000|  0%| F|  |TAMS 0x0000000728a00000, 0x0000000728a00000| Untracked 
| 326|0x0000000728c00000, 0x0000000728c00000, 0x0000000728e00000|  0%| F|  |TAMS 0x0000000728c00000, 0x0000000728c00000| Untracked 
| 327|0x0000000728e00000, 0x0000000728e00000, 0x0000000729000000|  0%| F|  |TAMS 0x0000000728e00000, 0x0000000728e00000| Untracked 
| 328|0x0000000729000000, 0x0000000729000000, 0x0000000729200000|  0%| F|  |TAMS 0x0000000729000000, 0x0000000729000000| Untracked 
| 329|0x0000000729200000, 0x0000000729200000, 0x0000000729400000|  0%| F|  |TAMS 0x0000000729200000, 0x0000000729200000| Untracked 
| 330|0x0000000729400000, 0x0000000729400000, 0x0000000729600000|  0%| F|  |TAMS 0x0000000729400000, 0x0000000729400000| Untracked 
| 331|0x0000000729600000, 0x0000000729600000, 0x0000000729800000|  0%| F|  |TAMS 0x0000000729600000, 0x0000000729600000| Untracked 
| 332|0x0000000729800000, 0x0000000729800000, 0x0000000729a00000|  0%| F|  |TAMS 0x0000000729800000, 0x0000000729800000| Untracked 
| 333|0x0000000729a00000, 0x0000000729a00000, 0x0000000729c00000|  0%| F|  |TAMS 0x0000000729a00000, 0x0000000729a00000| Untracked 
| 334|0x0000000729c00000, 0x0000000729c00000, 0x0000000729e00000|  0%| F|  |TAMS 0x0000000729c00000, 0x0000000729c00000| Untracked 
| 335|0x0000000729e00000, 0x0000000729e00000, 0x000000072a000000|  0%| F|  |TAMS 0x0000000729e00000, 0x0000000729e00000| Untracked 
| 336|0x000000072a000000, 0x000000072a000000, 0x000000072a200000|  0%| F|  |TAMS 0x000000072a000000, 0x000000072a000000| Untracked 
| 337|0x000000072a200000, 0x000000072a200000, 0x000000072a400000|  0%| F|  |TAMS 0x000000072a200000, 0x000000072a200000| Untracked 
| 338|0x000000072a400000, 0x000000072a400000, 0x000000072a600000|  0%| F|  |TAMS 0x000000072a400000, 0x000000072a400000| Untracked 
| 339|0x000000072a600000, 0x000000072a600000, 0x000000072a800000|  0%| F|  |TAMS 0x000000072a600000, 0x000000072a600000| Untracked 
| 340|0x000000072a800000, 0x000000072a800000, 0x000000072aa00000|  0%| F|  |TAMS 0x000000072a800000, 0x000000072a800000| Untracked 
| 341|0x000000072aa00000, 0x000000072aa00000, 0x000000072ac00000|  0%| F|  |TAMS 0x000000072aa00000, 0x000000072aa00000| Untracked 
| 342|0x000000072ac00000, 0x000000072ac00000, 0x000000072ae00000|  0%| F|  |TAMS 0x000000072ac00000, 0x000000072ac00000| Untracked 
| 343|0x000000072ae00000, 0x000000072ae00000, 0x000000072b000000|  0%| F|  |TAMS 0x000000072ae00000, 0x000000072ae00000| Untracked 
| 344|0x000000072b000000, 0x000000072b000000, 0x000000072b200000|  0%| F|  |TAMS 0x000000072b000000, 0x000000072b000000| Untracked 
| 345|0x000000072b200000, 0x000000072b200000, 0x000000072b400000|  0%| F|  |TAMS 0x000000072b200000, 0x000000072b200000| Untracked 
| 346|0x000000072b400000, 0x000000072b400000, 0x000000072b600000|  0%| F|  |TAMS 0x000000072b400000, 0x000000072b400000| Untracked 
| 347|0x000000072b600000, 0x000000072b600000, 0x000000072b800000|  0%| F|  |TAMS 0x000000072b600000, 0x000000072b600000| Untracked 
| 348|0x000000072b800000, 0x000000072b800000, 0x000000072ba00000|  0%| F|  |TAMS 0x000000072b800000, 0x000000072b800000| Untracked 
| 349|0x000000072ba00000, 0x000000072ba00000, 0x000000072bc00000|  0%| F|  |TAMS 0x000000072ba00000, 0x000000072ba00000| Untracked 
| 350|0x000000072bc00000, 0x000000072bc00000, 0x000000072be00000|  0%| F|  |TAMS 0x000000072bc00000, 0x000000072bc00000| Untracked 
| 351|0x000000072be00000, 0x000000072be00000, 0x000000072c000000|  0%| F|  |TAMS 0x000000072be00000, 0x000000072be00000| Untracked 
| 352|0x000000072c000000, 0x000000072c000000, 0x000000072c200000|  0%| F|  |TAMS 0x000000072c000000, 0x000000072c000000| Untracked 
| 353|0x000000072c200000, 0x000000072c200000, 0x000000072c400000|  0%| F|  |TAMS 0x000000072c200000, 0x000000072c200000| Untracked 
| 354|0x000000072c400000, 0x000000072c400000, 0x000000072c600000|  0%| F|  |TAMS 0x000000072c400000, 0x000000072c400000| Untracked 
| 355|0x000000072c600000, 0x000000072c600000, 0x000000072c800000|  0%| F|  |TAMS 0x000000072c600000, 0x000000072c600000| Untracked 
| 356|0x000000072c800000, 0x000000072c800000, 0x000000072ca00000|  0%| F|  |TAMS 0x000000072c800000, 0x000000072c800000| Untracked 
| 357|0x000000072ca00000, 0x000000072ca00000, 0x000000072cc00000|  0%| F|  |TAMS 0x000000072ca00000, 0x000000072ca00000| Untracked 
| 358|0x000000072cc00000, 0x000000072cc00000, 0x000000072ce00000|  0%| F|  |TAMS 0x000000072cc00000, 0x000000072cc00000| Untracked 
| 359|0x000000072ce00000, 0x000000072ce00000, 0x000000072d000000|  0%| F|  |TAMS 0x000000072ce00000, 0x000000072ce00000| Untracked 
| 360|0x000000072d000000, 0x000000072d000000, 0x000000072d200000|  0%| F|  |TAMS 0x000000072d000000, 0x000000072d000000| Untracked 
| 361|0x000000072d200000, 0x000000072d200000, 0x000000072d400000|  0%| F|  |TAMS 0x000000072d200000, 0x000000072d200000| Untracked 
| 362|0x000000072d400000, 0x000000072d400000, 0x000000072d600000|  0%| F|  |TAMS 0x000000072d400000, 0x000000072d400000| Untracked 
| 363|0x000000072d600000, 0x000000072d600000, 0x000000072d800000|  0%| F|  |TAMS 0x000000072d600000, 0x000000072d600000| Untracked 
| 364|0x000000072d800000, 0x000000072d800000, 0x000000072da00000|  0%| F|  |TAMS 0x000000072d800000, 0x000000072d800000| Untracked 
| 365|0x000000072da00000, 0x000000072da00000, 0x000000072dc00000|  0%| F|  |TAMS 0x000000072da00000, 0x000000072da00000| Untracked 
| 366|0x000000072dc00000, 0x000000072dc00000, 0x000000072de00000|  0%| F|  |TAMS 0x000000072dc00000, 0x000000072dc00000| Untracked 
| 367|0x000000072de00000, 0x000000072de00000, 0x000000072e000000|  0%| F|  |TAMS 0x000000072de00000, 0x000000072de00000| Untracked 
| 368|0x000000072e000000, 0x000000072e000000, 0x000000072e200000|  0%| F|  |TAMS 0x000000072e000000, 0x000000072e000000| Untracked 
| 369|0x000000072e200000, 0x000000072e200000, 0x000000072e400000|  0%| F|  |TAMS 0x000000072e200000, 0x000000072e200000| Untracked 
| 370|0x000000072e400000, 0x000000072e400000, 0x000000072e600000|  0%| F|  |TAMS 0x000000072e400000, 0x000000072e400000| Untracked 
| 371|0x000000072e600000, 0x000000072e600000, 0x000000072e800000|  0%| F|  |TAMS 0x000000072e600000, 0x000000072e600000| Untracked 
| 372|0x000000072e800000, 0x000000072e800000, 0x000000072ea00000|  0%| F|  |TAMS 0x000000072e800000, 0x000000072e800000| Untracked 
| 373|0x000000072ea00000, 0x000000072ea00000, 0x000000072ec00000|  0%| F|  |TAMS 0x000000072ea00000, 0x000000072ea00000| Untracked 
| 374|0x000000072ec00000, 0x000000072ec00000, 0x000000072ee00000|  0%| F|  |TAMS 0x000000072ec00000, 0x000000072ec00000| Untracked 
| 375|0x000000072ee00000, 0x000000072ee00000, 0x000000072f000000|  0%| F|  |TAMS 0x000000072ee00000, 0x000000072ee00000| Untracked 
| 376|0x000000072f000000, 0x000000072f000000, 0x000000072f200000|  0%| F|  |TAMS 0x000000072f000000, 0x000000072f000000| Untracked 
| 377|0x000000072f200000, 0x000000072f200000, 0x000000072f400000|  0%| F|  |TAMS 0x000000072f200000, 0x000000072f200000| Untracked 
| 378|0x000000072f400000, 0x000000072f400000, 0x000000072f600000|  0%| F|  |TAMS 0x000000072f400000, 0x000000072f400000| Untracked 
| 379|0x000000072f600000, 0x000000072f600000, 0x000000072f800000|  0%| F|  |TAMS 0x000000072f600000, 0x000000072f600000| Untracked 
| 380|0x000000072f800000, 0x000000072f800000, 0x000000072fa00000|  0%| F|  |TAMS 0x000000072f800000, 0x000000072f800000| Untracked 
| 381|0x000000072fa00000, 0x000000072fa00000, 0x000000072fc00000|  0%| F|  |TAMS 0x000000072fa00000, 0x000000072fa00000| Untracked 
| 382|0x000000072fc00000, 0x000000072fc00000, 0x000000072fe00000|  0%| F|  |TAMS 0x000000072fc00000, 0x000000072fc00000| Untracked 
| 383|0x000000072fe00000, 0x000000072fe00000, 0x0000000730000000|  0%| F|  |TAMS 0x000000072fe00000, 0x000000072fe00000| Untracked 
| 384|0x0000000730000000, 0x0000000730000000, 0x0000000730200000|  0%| F|  |TAMS 0x0000000730000000, 0x0000000730000000| Untracked 
| 385|0x0000000730200000, 0x0000000730200000, 0x0000000730400000|  0%| F|  |TAMS 0x0000000730200000, 0x0000000730200000| Untracked 
| 386|0x0000000730400000, 0x0000000730400000, 0x0000000730600000|  0%| F|  |TAMS 0x0000000730400000, 0x0000000730400000| Untracked 
| 387|0x0000000730600000, 0x0000000730600000, 0x0000000730800000|  0%| F|  |TAMS 0x0000000730600000, 0x0000000730600000| Untracked 
| 388|0x0000000730800000, 0x0000000730800000, 0x0000000730a00000|  0%| F|  |TAMS 0x0000000730800000, 0x0000000730800000| Untracked 
| 389|0x0000000730a00000, 0x0000000730a00000, 0x0000000730c00000|  0%| F|  |TAMS 0x0000000730a00000, 0x0000000730a00000| Untracked 
| 390|0x0000000730c00000, 0x0000000730c00000, 0x0000000730e00000|  0%| F|  |TAMS 0x0000000730c00000, 0x0000000730c00000| Untracked 
| 391|0x0000000730e00000, 0x0000000730e00000, 0x0000000731000000|  0%| F|  |TAMS 0x0000000730e00000, 0x0000000730e00000| Untracked 
| 392|0x0000000731000000, 0x0000000731000000, 0x0000000731200000|  0%| F|  |TAMS 0x0000000731000000, 0x0000000731000000| Untracked 
| 393|0x0000000731200000, 0x0000000731200000, 0x0000000731400000|  0%| F|  |TAMS 0x0000000731200000, 0x0000000731200000| Untracked 
| 394|0x0000000731400000, 0x0000000731400000, 0x0000000731600000|  0%| F|  |TAMS 0x0000000731400000, 0x0000000731400000| Untracked 
| 395|0x0000000731600000, 0x0000000731600000, 0x0000000731800000|  0%| F|  |TAMS 0x0000000731600000, 0x0000000731600000| Untracked 
| 396|0x0000000731800000, 0x0000000731800000, 0x0000000731a00000|  0%| F|  |TAMS 0x0000000731800000, 0x0000000731800000| Untracked 
| 397|0x0000000731a00000, 0x0000000731a00000, 0x0000000731c00000|  0%| F|  |TAMS 0x0000000731a00000, 0x0000000731a00000| Untracked 
| 398|0x0000000731c00000, 0x0000000731c00000, 0x0000000731e00000|  0%| F|  |TAMS 0x0000000731c00000, 0x0000000731c00000| Untracked 
| 399|0x0000000731e00000, 0x0000000731e00000, 0x0000000732000000|  0%| F|  |TAMS 0x0000000731e00000, 0x0000000731e00000| Untracked 
| 400|0x0000000732000000, 0x0000000732000000, 0x0000000732200000|  0%| F|  |TAMS 0x0000000732000000, 0x0000000732000000| Untracked 
| 401|0x0000000732200000, 0x0000000732200000, 0x0000000732400000|  0%| F|  |TAMS 0x0000000732200000, 0x0000000732200000| Untracked 
| 402|0x0000000732400000, 0x0000000732400000, 0x0000000732600000|  0%| F|  |TAMS 0x0000000732400000, 0x0000000732400000| Untracked 
| 403|0x0000000732600000, 0x0000000732600000, 0x0000000732800000|  0%| F|  |TAMS 0x0000000732600000, 0x0000000732600000| Untracked 
| 404|0x0000000732800000, 0x0000000732800000, 0x0000000732a00000|  0%| F|  |TAMS 0x0000000732800000, 0x0000000732800000| Untracked 
| 405|0x0000000732a00000, 0x0000000732a00000, 0x0000000732c00000|  0%| F|  |TAMS 0x0000000732a00000, 0x0000000732a00000| Untracked 
| 406|0x0000000732c00000, 0x0000000732c00000, 0x0000000732e00000|  0%| F|  |TAMS 0x0000000732c00000, 0x0000000732c00000| Untracked 
| 407|0x0000000732e00000, 0x0000000732e00000, 0x0000000733000000|  0%| F|  |TAMS 0x0000000732e00000, 0x0000000732e00000| Untracked 
| 408|0x0000000733000000, 0x0000000733000000, 0x0000000733200000|  0%| F|  |TAMS 0x0000000733000000, 0x0000000733000000| Untracked 
| 409|0x0000000733200000, 0x0000000733200000, 0x0000000733400000|  0%| F|  |TAMS 0x0000000733200000, 0x0000000733200000| Untracked 
| 410|0x0000000733400000, 0x0000000733400000, 0x0000000733600000|  0%| F|  |TAMS 0x0000000733400000, 0x0000000733400000| Untracked 
| 411|0x0000000733600000, 0x0000000733600000, 0x0000000733800000|  0%| F|  |TAMS 0x0000000733600000, 0x0000000733600000| Untracked 
| 412|0x0000000733800000, 0x0000000733800000, 0x0000000733a00000|  0%| F|  |TAMS 0x0000000733800000, 0x0000000733800000| Untracked 
| 413|0x0000000733a00000, 0x0000000733a00000, 0x0000000733c00000|  0%| F|  |TAMS 0x0000000733a00000, 0x0000000733a00000| Untracked 
| 414|0x0000000733c00000, 0x0000000733c00000, 0x0000000733e00000|  0%| F|  |TAMS 0x0000000733c00000, 0x0000000733c00000| Untracked 
| 415|0x0000000733e00000, 0x0000000733e00000, 0x0000000734000000|  0%| F|  |TAMS 0x0000000733e00000, 0x0000000733e00000| Untracked 
| 416|0x0000000734000000, 0x0000000734000000, 0x0000000734200000|  0%| F|  |TAMS 0x0000000734000000, 0x0000000734000000| Untracked 
| 417|0x0000000734200000, 0x0000000734200000, 0x0000000734400000|  0%| F|  |TAMS 0x0000000734200000, 0x0000000734200000| Untracked 
| 418|0x0000000734400000, 0x0000000734400000, 0x0000000734600000|  0%| F|  |TAMS 0x0000000734400000, 0x0000000734400000| Untracked 
| 419|0x0000000734600000, 0x0000000734600000, 0x0000000734800000|  0%| F|  |TAMS 0x0000000734600000, 0x0000000734600000| Untracked 
| 420|0x0000000734800000, 0x0000000734800000, 0x0000000734a00000|  0%| F|  |TAMS 0x0000000734800000, 0x0000000734800000| Untracked 
| 421|0x0000000734a00000, 0x0000000734a00000, 0x0000000734c00000|  0%| F|  |TAMS 0x0000000734a00000, 0x0000000734a00000| Untracked 
| 422|0x0000000734c00000, 0x0000000734c00000, 0x0000000734e00000|  0%| F|  |TAMS 0x0000000734c00000, 0x0000000734c00000| Untracked 
| 423|0x0000000734e00000, 0x0000000734e00000, 0x0000000735000000|  0%| F|  |TAMS 0x0000000734e00000, 0x0000000734e00000| Untracked 
| 424|0x0000000735000000, 0x0000000735000000, 0x0000000735200000|  0%| F|  |TAMS 0x0000000735000000, 0x0000000735000000| Untracked 
| 425|0x0000000735200000, 0x0000000735200000, 0x0000000735400000|  0%| F|  |TAMS 0x0000000735200000, 0x0000000735200000| Untracked 
| 426|0x0000000735400000, 0x0000000735400000, 0x0000000735600000|  0%| F|  |TAMS 0x0000000735400000, 0x0000000735400000| Untracked 
| 427|0x0000000735600000, 0x0000000735600000, 0x0000000735800000|  0%| F|  |TAMS 0x0000000735600000, 0x0000000735600000| Untracked 
| 428|0x0000000735800000, 0x0000000735800000, 0x0000000735a00000|  0%| F|  |TAMS 0x0000000735800000, 0x0000000735800000| Untracked 
| 429|0x0000000735a00000, 0x0000000735a00000, 0x0000000735c00000|  0%| F|  |TAMS 0x0000000735a00000, 0x0000000735a00000| Untracked 
| 430|0x0000000735c00000, 0x0000000735c00000, 0x0000000735e00000|  0%| F|  |TAMS 0x0000000735c00000, 0x0000000735c00000| Untracked 
| 431|0x0000000735e00000, 0x0000000735e00000, 0x0000000736000000|  0%| F|  |TAMS 0x0000000735e00000, 0x0000000735e00000| Untracked 
| 432|0x0000000736000000, 0x0000000736000000, 0x0000000736200000|  0%| F|  |TAMS 0x0000000736000000, 0x0000000736000000| Untracked 
| 433|0x0000000736200000, 0x0000000736200000, 0x0000000736400000|  0%| F|  |TAMS 0x0000000736200000, 0x0000000736200000| Untracked 
| 434|0x0000000736400000, 0x0000000736400000, 0x0000000736600000|  0%| F|  |TAMS 0x0000000736400000, 0x0000000736400000| Untracked 
| 435|0x0000000736600000, 0x0000000736600000, 0x0000000736800000|  0%| F|  |TAMS 0x0000000736600000, 0x0000000736600000| Untracked 
| 436|0x0000000736800000, 0x0000000736800000, 0x0000000736a00000|  0%| F|  |TAMS 0x0000000736800000, 0x0000000736800000| Untracked 
| 437|0x0000000736a00000, 0x0000000736a00000, 0x0000000736c00000|  0%| F|  |TAMS 0x0000000736a00000, 0x0000000736a00000| Untracked 
| 438|0x0000000736c00000, 0x0000000736c00000, 0x0000000736e00000|  0%| F|  |TAMS 0x0000000736c00000, 0x0000000736c00000| Untracked 
| 439|0x0000000736e00000, 0x0000000736e00000, 0x0000000737000000|  0%| F|  |TAMS 0x0000000736e00000, 0x0000000736e00000| Untracked 
| 440|0x0000000737000000, 0x0000000737000000, 0x0000000737200000|  0%| F|  |TAMS 0x0000000737000000, 0x0000000737000000| Untracked 
| 441|0x0000000737200000, 0x0000000737200000, 0x0000000737400000|  0%| F|  |TAMS 0x0000000737200000, 0x0000000737200000| Untracked 
| 442|0x0000000737400000, 0x0000000737400000, 0x0000000737600000|  0%| F|  |TAMS 0x0000000737400000, 0x0000000737400000| Untracked 
| 443|0x0000000737600000, 0x0000000737600000, 0x0000000737800000|  0%| F|  |TAMS 0x0000000737600000, 0x0000000737600000| Untracked 
| 444|0x0000000737800000, 0x0000000737800000, 0x0000000737a00000|  0%| F|  |TAMS 0x0000000737800000, 0x0000000737800000| Untracked 
| 445|0x0000000737a00000, 0x0000000737a00000, 0x0000000737c00000|  0%| F|  |TAMS 0x0000000737a00000, 0x0000000737a00000| Untracked 
| 446|0x0000000737c00000, 0x0000000737c00000, 0x0000000737e00000|  0%| F|  |TAMS 0x0000000737c00000, 0x0000000737c00000| Untracked 
| 447|0x0000000737e00000, 0x0000000737e00000, 0x0000000738000000|  0%| F|  |TAMS 0x0000000737e00000, 0x0000000737e00000| Untracked 
| 448|0x0000000738000000, 0x0000000738000000, 0x0000000738200000|  0%| F|  |TAMS 0x0000000738000000, 0x0000000738000000| Untracked 
| 449|0x0000000738200000, 0x0000000738200000, 0x0000000738400000|  0%| F|  |TAMS 0x0000000738200000, 0x0000000738200000| Untracked 
| 450|0x0000000738400000, 0x0000000738400000, 0x0000000738600000|  0%| F|  |TAMS 0x0000000738400000, 0x0000000738400000| Untracked 
| 451|0x0000000738600000, 0x0000000738600000, 0x0000000738800000|  0%| F|  |TAMS 0x0000000738600000, 0x0000000738600000| Untracked 
| 452|0x0000000738800000, 0x0000000738800000, 0x0000000738a00000|  0%| F|  |TAMS 0x0000000738800000, 0x0000000738800000| Untracked 
| 453|0x0000000738a00000, 0x0000000738a00000, 0x0000000738c00000|  0%| F|  |TAMS 0x0000000738a00000, 0x0000000738a00000| Untracked 
| 454|0x0000000738c00000, 0x0000000738c00000, 0x0000000738e00000|  0%| F|  |TAMS 0x0000000738c00000, 0x0000000738c00000| Untracked 
| 455|0x0000000738e00000, 0x0000000738e00000, 0x0000000739000000|  0%| F|  |TAMS 0x0000000738e00000, 0x0000000738e00000| Untracked 
| 456|0x0000000739000000, 0x0000000739000000, 0x0000000739200000|  0%| F|  |TAMS 0x0000000739000000, 0x0000000739000000| Untracked 
| 457|0x0000000739200000, 0x0000000739200000, 0x0000000739400000|  0%| F|  |TAMS 0x0000000739200000, 0x0000000739200000| Untracked 
| 458|0x0000000739400000, 0x0000000739400000, 0x0000000739600000|  0%| F|  |TAMS 0x0000000739400000, 0x0000000739400000| Untracked 
| 459|0x0000000739600000, 0x0000000739600000, 0x0000000739800000|  0%| F|  |TAMS 0x0000000739600000, 0x0000000739600000| Untracked 
| 460|0x0000000739800000, 0x0000000739800000, 0x0000000739a00000|  0%| F|  |TAMS 0x0000000739800000, 0x0000000739800000| Untracked 
| 461|0x0000000739a00000, 0x0000000739a00000, 0x0000000739c00000|  0%| F|  |TAMS 0x0000000739a00000, 0x0000000739a00000| Untracked 
| 462|0x0000000739c00000, 0x0000000739c00000, 0x0000000739e00000|  0%| F|  |TAMS 0x0000000739c00000, 0x0000000739c00000| Untracked 
| 463|0x0000000739e00000, 0x0000000739e00000, 0x000000073a000000|  0%| F|  |TAMS 0x0000000739e00000, 0x0000000739e00000| Untracked 
| 464|0x000000073a000000, 0x000000073a000000, 0x000000073a200000|  0%| F|  |TAMS 0x000000073a000000, 0x000000073a000000| Untracked 
| 465|0x000000073a200000, 0x000000073a200000, 0x000000073a400000|  0%| F|  |TAMS 0x000000073a200000, 0x000000073a200000| Untracked 
| 466|0x000000073a400000, 0x000000073a400000, 0x000000073a600000|  0%| F|  |TAMS 0x000000073a400000, 0x000000073a400000| Untracked 
| 467|0x000000073a600000, 0x000000073a600000, 0x000000073a800000|  0%| F|  |TAMS 0x000000073a600000, 0x000000073a600000| Untracked 
| 468|0x000000073a800000, 0x000000073a800000, 0x000000073aa00000|  0%| F|  |TAMS 0x000000073a800000, 0x000000073a800000| Untracked 
| 469|0x000000073aa00000, 0x000000073aa00000, 0x000000073ac00000|  0%| F|  |TAMS 0x000000073aa00000, 0x000000073aa00000| Untracked 
| 470|0x000000073ac00000, 0x000000073ac00000, 0x000000073ae00000|  0%| F|  |TAMS 0x000000073ac00000, 0x000000073ac00000| Untracked 
| 471|0x000000073ae00000, 0x000000073ae00000, 0x000000073b000000|  0%| F|  |TAMS 0x000000073ae00000, 0x000000073ae00000| Untracked 
| 472|0x000000073b000000, 0x000000073b000000, 0x000000073b200000|  0%| F|  |TAMS 0x000000073b000000, 0x000000073b000000| Untracked 
| 473|0x000000073b200000, 0x000000073b200000, 0x000000073b400000|  0%| F|  |TAMS 0x000000073b200000, 0x000000073b200000| Untracked 
| 474|0x000000073b400000, 0x000000073b400000, 0x000000073b600000|  0%| F|  |TAMS 0x000000073b400000, 0x000000073b400000| Untracked 
| 475|0x000000073b600000, 0x000000073b600000, 0x000000073b800000|  0%| F|  |TAMS 0x000000073b600000, 0x000000073b600000| Untracked 
| 476|0x000000073b800000, 0x000000073b800000, 0x000000073ba00000|  0%| F|  |TAMS 0x000000073b800000, 0x000000073b800000| Untracked 
| 477|0x000000073ba00000, 0x000000073ba00000, 0x000000073bc00000|  0%| F|  |TAMS 0x000000073ba00000, 0x000000073ba00000| Untracked 
| 478|0x000000073bc00000, 0x000000073bc00000, 0x000000073be00000|  0%| F|  |TAMS 0x000000073bc00000, 0x000000073bc00000| Untracked 
| 479|0x000000073be00000, 0x000000073be00000, 0x000000073c000000|  0%| F|  |TAMS 0x000000073be00000, 0x000000073be00000| Untracked 
| 480|0x000000073c000000, 0x000000073c000000, 0x000000073c200000|  0%| F|  |TAMS 0x000000073c000000, 0x000000073c000000| Untracked 
| 481|0x000000073c200000, 0x000000073c200000, 0x000000073c400000|  0%| F|  |TAMS 0x000000073c200000, 0x000000073c200000| Untracked 
| 482|0x000000073c400000, 0x000000073c400000, 0x000000073c600000|  0%| F|  |TAMS 0x000000073c400000, 0x000000073c400000| Untracked 
| 483|0x000000073c600000, 0x000000073c600000, 0x000000073c800000|  0%| F|  |TAMS 0x000000073c600000, 0x000000073c600000| Untracked 
| 484|0x000000073c800000, 0x000000073c800000, 0x000000073ca00000|  0%| F|  |TAMS 0x000000073c800000, 0x000000073c800000| Untracked 
| 485|0x000000073ca00000, 0x000000073ca00000, 0x000000073cc00000|  0%| F|  |TAMS 0x000000073ca00000, 0x000000073ca00000| Untracked 
| 486|0x000000073cc00000, 0x000000073cc00000, 0x000000073ce00000|  0%| F|  |TAMS 0x000000073cc00000, 0x000000073cc00000| Untracked 
| 487|0x000000073ce00000, 0x000000073ce00000, 0x000000073d000000|  0%| F|  |TAMS 0x000000073ce00000, 0x000000073ce00000| Untracked 
| 488|0x000000073d000000, 0x000000073d000000, 0x000000073d200000|  0%| F|  |TAMS 0x000000073d000000, 0x000000073d000000| Untracked 
| 489|0x000000073d200000, 0x000000073d200000, 0x000000073d400000|  0%| F|  |TAMS 0x000000073d200000, 0x000000073d200000| Untracked 
| 490|0x000000073d400000, 0x000000073d400000, 0x000000073d600000|  0%| F|  |TAMS 0x000000073d400000, 0x000000073d400000| Untracked 
| 491|0x000000073d600000, 0x000000073d600000, 0x000000073d800000|  0%| F|  |TAMS 0x000000073d600000, 0x000000073d600000| Untracked 
| 492|0x000000073d800000, 0x000000073d800000, 0x000000073da00000|  0%| F|  |TAMS 0x000000073d800000, 0x000000073d800000| Untracked 
| 493|0x000000073da00000, 0x000000073da00000, 0x000000073dc00000|  0%| F|  |TAMS 0x000000073da00000, 0x000000073da00000| Untracked 
| 494|0x000000073dc00000, 0x000000073dc00000, 0x000000073de00000|  0%| F|  |TAMS 0x000000073dc00000, 0x000000073dc00000| Untracked 
| 495|0x000000073de00000, 0x000000073de00000, 0x000000073e000000|  0%| F|  |TAMS 0x000000073de00000, 0x000000073de00000| Untracked 
| 496|0x000000073e000000, 0x000000073e000000, 0x000000073e200000|  0%| F|  |TAMS 0x000000073e000000, 0x000000073e000000| Untracked 
| 497|0x000000073e200000, 0x000000073e200000, 0x000000073e400000|  0%| F|  |TAMS 0x000000073e200000, 0x000000073e200000| Untracked 
| 498|0x000000073e400000, 0x000000073e400000, 0x000000073e600000|  0%| F|  |TAMS 0x000000073e400000, 0x000000073e400000| Untracked 
| 499|0x000000073e600000, 0x000000073e600000, 0x000000073e800000|  0%| F|  |TAMS 0x000000073e600000, 0x000000073e600000| Untracked 
| 500|0x000000073e800000, 0x000000073e800000, 0x000000073ea00000|  0%| F|  |TAMS 0x000000073e800000, 0x000000073e800000| Untracked 
| 501|0x000000073ea00000, 0x000000073ea00000, 0x000000073ec00000|  0%| F|  |TAMS 0x000000073ea00000, 0x000000073ea00000| Untracked 
| 502|0x000000073ec00000, 0x000000073ec00000, 0x000000073ee00000|  0%| F|  |TAMS 0x000000073ec00000, 0x000000073ec00000| Untracked 
| 503|0x000000073ee00000, 0x000000073ee00000, 0x000000073f000000|  0%| F|  |TAMS 0x000000073ee00000, 0x000000073ee00000| Untracked 
| 504|0x000000073f000000, 0x000000073f000000, 0x000000073f200000|  0%| F|  |TAMS 0x000000073f000000, 0x000000073f000000| Untracked 
| 505|0x000000073f200000, 0x000000073f200000, 0x000000073f400000|  0%| F|  |TAMS 0x000000073f200000, 0x000000073f200000| Untracked 
| 506|0x000000073f400000, 0x000000073f400000, 0x000000073f600000|  0%| F|  |TAMS 0x000000073f400000, 0x000000073f400000| Untracked 
| 507|0x000000073f600000, 0x000000073f600000, 0x000000073f800000|  0%| F|  |TAMS 0x000000073f600000, 0x000000073f600000| Untracked 
| 508|0x000000073f800000, 0x000000073f800000, 0x000000073fa00000|  0%| F|  |TAMS 0x000000073f800000, 0x000000073f800000| Untracked 
| 509|0x000000073fa00000, 0x000000073fa00000, 0x000000073fc00000|  0%| F|  |TAMS 0x000000073fa00000, 0x000000073fa00000| Untracked 
| 510|0x000000073fc00000, 0x000000073fc00000, 0x000000073fe00000|  0%| F|  |TAMS 0x000000073fc00000, 0x000000073fc00000| Untracked 
| 511|0x000000073fe00000, 0x000000073fe00000, 0x0000000740000000|  0%| F|  |TAMS 0x000000073fe00000, 0x000000073fe00000| Untracked 
| 512|0x0000000740000000, 0x0000000740000000, 0x0000000740200000|  0%| F|  |TAMS 0x0000000740000000, 0x0000000740000000| Untracked 
| 513|0x0000000740200000, 0x0000000740200000, 0x0000000740400000|  0%| F|  |TAMS 0x0000000740200000, 0x0000000740200000| Untracked 
| 514|0x0000000740400000, 0x0000000740400000, 0x0000000740600000|  0%| F|  |TAMS 0x0000000740400000, 0x0000000740400000| Untracked 
| 515|0x0000000740600000, 0x0000000740600000, 0x0000000740800000|  0%| F|  |TAMS 0x0000000740600000, 0x0000000740600000| Untracked 
| 516|0x0000000740800000, 0x0000000740800000, 0x0000000740a00000|  0%| F|  |TAMS 0x0000000740800000, 0x0000000740800000| Untracked 
| 517|0x0000000740a00000, 0x0000000740a00000, 0x0000000740c00000|  0%| F|  |TAMS 0x0000000740a00000, 0x0000000740a00000| Untracked 
| 518|0x0000000740c00000, 0x0000000740c00000, 0x0000000740e00000|  0%| F|  |TAMS 0x0000000740c00000, 0x0000000740c00000| Untracked 
| 519|0x0000000740e00000, 0x0000000740e00000, 0x0000000741000000|  0%| F|  |TAMS 0x0000000740e00000, 0x0000000740e00000| Untracked 
| 520|0x0000000741000000, 0x0000000741000000, 0x0000000741200000|  0%| F|  |TAMS 0x0000000741000000, 0x0000000741000000| Untracked 
| 521|0x0000000741200000, 0x0000000741200000, 0x0000000741400000|  0%| F|  |TAMS 0x0000000741200000, 0x0000000741200000| Untracked 
| 522|0x0000000741400000, 0x0000000741400000, 0x0000000741600000|  0%| F|  |TAMS 0x0000000741400000, 0x0000000741400000| Untracked 
| 523|0x0000000741600000, 0x0000000741600000, 0x0000000741800000|  0%| F|  |TAMS 0x0000000741600000, 0x0000000741600000| Untracked 
| 524|0x0000000741800000, 0x0000000741800000, 0x0000000741a00000|  0%| F|  |TAMS 0x0000000741800000, 0x0000000741800000| Untracked 
| 525|0x0000000741a00000, 0x0000000741a00000, 0x0000000741c00000|  0%| F|  |TAMS 0x0000000741a00000, 0x0000000741a00000| Untracked 
| 526|0x0000000741c00000, 0x0000000741c00000, 0x0000000741e00000|  0%| F|  |TAMS 0x0000000741c00000, 0x0000000741c00000| Untracked 
| 527|0x0000000741e00000, 0x0000000741e00000, 0x0000000742000000|  0%| F|  |TAMS 0x0000000741e00000, 0x0000000741e00000| Untracked 
| 528|0x0000000742000000, 0x0000000742000000, 0x0000000742200000|  0%| F|  |TAMS 0x0000000742000000, 0x0000000742000000| Untracked 
| 529|0x0000000742200000, 0x0000000742200000, 0x0000000742400000|  0%| F|  |TAMS 0x0000000742200000, 0x0000000742200000| Untracked 
| 530|0x0000000742400000, 0x0000000742400000, 0x0000000742600000|  0%| F|  |TAMS 0x0000000742400000, 0x0000000742400000| Untracked 
| 531|0x0000000742600000, 0x0000000742600000, 0x0000000742800000|  0%| F|  |TAMS 0x0000000742600000, 0x0000000742600000| Untracked 
| 532|0x0000000742800000, 0x0000000742800000, 0x0000000742a00000|  0%| F|  |TAMS 0x0000000742800000, 0x0000000742800000| Untracked 
| 533|0x0000000742a00000, 0x0000000742a00000, 0x0000000742c00000|  0%| F|  |TAMS 0x0000000742a00000, 0x0000000742a00000| Untracked 
| 534|0x0000000742c00000, 0x0000000742c00000, 0x0000000742e00000|  0%| F|  |TAMS 0x0000000742c00000, 0x0000000742c00000| Untracked 
| 535|0x0000000742e00000, 0x0000000742e00000, 0x0000000743000000|  0%| F|  |TAMS 0x0000000742e00000, 0x0000000742e00000| Untracked 
| 536|0x0000000743000000, 0x0000000743000000, 0x0000000743200000|  0%| F|  |TAMS 0x0000000743000000, 0x0000000743000000| Untracked 
| 537|0x0000000743200000, 0x0000000743200000, 0x0000000743400000|  0%| F|  |TAMS 0x0000000743200000, 0x0000000743200000| Untracked 
| 538|0x0000000743400000, 0x0000000743400000, 0x0000000743600000|  0%| F|  |TAMS 0x0000000743400000, 0x0000000743400000| Untracked 
| 539|0x0000000743600000, 0x0000000743600000, 0x0000000743800000|  0%| F|  |TAMS 0x0000000743600000, 0x0000000743600000| Untracked 
| 540|0x0000000743800000, 0x0000000743800000, 0x0000000743a00000|  0%| F|  |TAMS 0x0000000743800000, 0x0000000743800000| Untracked 
| 541|0x0000000743a00000, 0x0000000743a00000, 0x0000000743c00000|  0%| F|  |TAMS 0x0000000743a00000, 0x0000000743a00000| Untracked 
| 542|0x0000000743c00000, 0x0000000743c00000, 0x0000000743e00000|  0%| F|  |TAMS 0x0000000743c00000, 0x0000000743c00000| Untracked 
| 543|0x0000000743e00000, 0x0000000743e00000, 0x0000000744000000|  0%| F|  |TAMS 0x0000000743e00000, 0x0000000743e00000| Untracked 
| 544|0x0000000744000000, 0x0000000744000000, 0x0000000744200000|  0%| F|  |TAMS 0x0000000744000000, 0x0000000744000000| Untracked 
| 545|0x0000000744200000, 0x0000000744200000, 0x0000000744400000|  0%| F|  |TAMS 0x0000000744200000, 0x0000000744200000| Untracked 
| 546|0x0000000744400000, 0x0000000744400000, 0x0000000744600000|  0%| F|  |TAMS 0x0000000744400000, 0x0000000744400000| Untracked 
| 547|0x0000000744600000, 0x0000000744600000, 0x0000000744800000|  0%| F|  |TAMS 0x0000000744600000, 0x0000000744600000| Untracked 
| 548|0x0000000744800000, 0x0000000744800000, 0x0000000744a00000|  0%| F|  |TAMS 0x0000000744800000, 0x0000000744800000| Untracked 
| 549|0x0000000744a00000, 0x0000000744a00000, 0x0000000744c00000|  0%| F|  |TAMS 0x0000000744a00000, 0x0000000744a00000| Untracked 
| 550|0x0000000744c00000, 0x0000000744c00000, 0x0000000744e00000|  0%| F|  |TAMS 0x0000000744c00000, 0x0000000744c00000| Untracked 
| 551|0x0000000744e00000, 0x0000000744e00000, 0x0000000745000000|  0%| F|  |TAMS 0x0000000744e00000, 0x0000000744e00000| Untracked 
| 552|0x0000000745000000, 0x0000000745000000, 0x0000000745200000|  0%| F|  |TAMS 0x0000000745000000, 0x0000000745000000| Untracked 
| 553|0x0000000745200000, 0x0000000745200000, 0x0000000745400000|  0%| F|  |TAMS 0x0000000745200000, 0x0000000745200000| Untracked 
| 554|0x0000000745400000, 0x0000000745400000, 0x0000000745600000|  0%| F|  |TAMS 0x0000000745400000, 0x0000000745400000| Untracked 
| 555|0x0000000745600000, 0x0000000745600000, 0x0000000745800000|  0%| F|  |TAMS 0x0000000745600000, 0x0000000745600000| Untracked 
| 556|0x0000000745800000, 0x0000000745800000, 0x0000000745a00000|  0%| F|  |TAMS 0x0000000745800000, 0x0000000745800000| Untracked 
| 557|0x0000000745a00000, 0x0000000745a00000, 0x0000000745c00000|  0%| F|  |TAMS 0x0000000745a00000, 0x0000000745a00000| Untracked 
| 558|0x0000000745c00000, 0x0000000745c00000, 0x0000000745e00000|  0%| F|  |TAMS 0x0000000745c00000, 0x0000000745c00000| Untracked 
| 559|0x0000000745e00000, 0x0000000745e00000, 0x0000000746000000|  0%| F|  |TAMS 0x0000000745e00000, 0x0000000745e00000| Untracked 
| 560|0x0000000746000000, 0x0000000746000000, 0x0000000746200000|  0%| F|  |TAMS 0x0000000746000000, 0x0000000746000000| Untracked 
| 561|0x0000000746200000, 0x0000000746200000, 0x0000000746400000|  0%| F|  |TAMS 0x0000000746200000, 0x0000000746200000| Untracked 
| 562|0x0000000746400000, 0x0000000746400000, 0x0000000746600000|  0%| F|  |TAMS 0x0000000746400000, 0x0000000746400000| Untracked 
| 563|0x0000000746600000, 0x0000000746600000, 0x0000000746800000|  0%| F|  |TAMS 0x0000000746600000, 0x0000000746600000| Untracked 
| 564|0x0000000746800000, 0x0000000746800000, 0x0000000746a00000|  0%| F|  |TAMS 0x0000000746800000, 0x0000000746800000| Untracked 
| 565|0x0000000746a00000, 0x0000000746a00000, 0x0000000746c00000|  0%| F|  |TAMS 0x0000000746a00000, 0x0000000746a00000| Untracked 
| 566|0x0000000746c00000, 0x0000000746c00000, 0x0000000746e00000|  0%| F|  |TAMS 0x0000000746c00000, 0x0000000746c00000| Untracked 
| 567|0x0000000746e00000, 0x0000000746e00000, 0x0000000747000000|  0%| F|  |TAMS 0x0000000746e00000, 0x0000000746e00000| Untracked 
| 568|0x0000000747000000, 0x0000000747000000, 0x0000000747200000|  0%| F|  |TAMS 0x0000000747000000, 0x0000000747000000| Untracked 
| 569|0x0000000747200000, 0x0000000747200000, 0x0000000747400000|  0%| F|  |TAMS 0x0000000747200000, 0x0000000747200000| Untracked 
| 570|0x0000000747400000, 0x0000000747400000, 0x0000000747600000|  0%| F|  |TAMS 0x0000000747400000, 0x0000000747400000| Untracked 
| 571|0x0000000747600000, 0x0000000747600000, 0x0000000747800000|  0%| F|  |TAMS 0x0000000747600000, 0x0000000747600000| Untracked 
| 572|0x0000000747800000, 0x0000000747800000, 0x0000000747a00000|  0%| F|  |TAMS 0x0000000747800000, 0x0000000747800000| Untracked 
| 573|0x0000000747a00000, 0x0000000747a00000, 0x0000000747c00000|  0%| F|  |TAMS 0x0000000747a00000, 0x0000000747a00000| Untracked 
| 574|0x0000000747c00000, 0x0000000747c00000, 0x0000000747e00000|  0%| F|  |TAMS 0x0000000747c00000, 0x0000000747c00000| Untracked 
| 575|0x0000000747e00000, 0x0000000747e00000, 0x0000000748000000|  0%| F|  |TAMS 0x0000000747e00000, 0x0000000747e00000| Untracked 
| 576|0x0000000748000000, 0x0000000748000000, 0x0000000748200000|  0%| F|  |TAMS 0x0000000748000000, 0x0000000748000000| Untracked 
| 577|0x0000000748200000, 0x0000000748200000, 0x0000000748400000|  0%| F|  |TAMS 0x0000000748200000, 0x0000000748200000| Untracked 
| 578|0x0000000748400000, 0x0000000748400000, 0x0000000748600000|  0%| F|  |TAMS 0x0000000748400000, 0x0000000748400000| Untracked 
| 579|0x0000000748600000, 0x0000000748600000, 0x0000000748800000|  0%| F|  |TAMS 0x0000000748600000, 0x0000000748600000| Untracked 
| 580|0x0000000748800000, 0x0000000748800000, 0x0000000748a00000|  0%| F|  |TAMS 0x0000000748800000, 0x0000000748800000| Untracked 
| 581|0x0000000748a00000, 0x0000000748a00000, 0x0000000748c00000|  0%| F|  |TAMS 0x0000000748a00000, 0x0000000748a00000| Untracked 
| 582|0x0000000748c00000, 0x0000000748c00000, 0x0000000748e00000|  0%| F|  |TAMS 0x0000000748c00000, 0x0000000748c00000| Untracked 
| 583|0x0000000748e00000, 0x0000000748e00000, 0x0000000749000000|  0%| F|  |TAMS 0x0000000748e00000, 0x0000000748e00000| Untracked 
| 584|0x0000000749000000, 0x0000000749000000, 0x0000000749200000|  0%| F|  |TAMS 0x0000000749000000, 0x0000000749000000| Untracked 
| 585|0x0000000749200000, 0x0000000749200000, 0x0000000749400000|  0%| F|  |TAMS 0x0000000749200000, 0x0000000749200000| Untracked 
| 586|0x0000000749400000, 0x0000000749400000, 0x0000000749600000|  0%| F|  |TAMS 0x0000000749400000, 0x0000000749400000| Untracked 
| 587|0x0000000749600000, 0x0000000749600000, 0x0000000749800000|  0%| F|  |TAMS 0x0000000749600000, 0x0000000749600000| Untracked 
| 588|0x0000000749800000, 0x0000000749800000, 0x0000000749a00000|  0%| F|  |TAMS 0x0000000749800000, 0x0000000749800000| Untracked 
| 589|0x0000000749a00000, 0x0000000749a00000, 0x0000000749c00000|  0%| F|  |TAMS 0x0000000749a00000, 0x0000000749a00000| Untracked 
| 590|0x0000000749c00000, 0x0000000749c00000, 0x0000000749e00000|  0%| F|  |TAMS 0x0000000749c00000, 0x0000000749c00000| Untracked 
| 591|0x0000000749e00000, 0x0000000749e00000, 0x000000074a000000|  0%| F|  |TAMS 0x0000000749e00000, 0x0000000749e00000| Untracked 
| 592|0x000000074a000000, 0x000000074a000000, 0x000000074a200000|  0%| F|  |TAMS 0x000000074a000000, 0x000000074a000000| Untracked 
| 593|0x000000074a200000, 0x000000074a200000, 0x000000074a400000|  0%| F|  |TAMS 0x000000074a200000, 0x000000074a200000| Untracked 
| 594|0x000000074a400000, 0x000000074a400000, 0x000000074a600000|  0%| F|  |TAMS 0x000000074a400000, 0x000000074a400000| Untracked 
| 595|0x000000074a600000, 0x000000074a600000, 0x000000074a800000|  0%| F|  |TAMS 0x000000074a600000, 0x000000074a600000| Untracked 
| 596|0x000000074a800000, 0x000000074a800000, 0x000000074aa00000|  0%| F|  |TAMS 0x000000074a800000, 0x000000074a800000| Untracked 
| 597|0x000000074aa00000, 0x000000074aa00000, 0x000000074ac00000|  0%| F|  |TAMS 0x000000074aa00000, 0x000000074aa00000| Untracked 
| 598|0x000000074ac00000, 0x000000074ac00000, 0x000000074ae00000|  0%| F|  |TAMS 0x000000074ac00000, 0x000000074ac00000| Untracked 
| 599|0x000000074ae00000, 0x000000074ae00000, 0x000000074b000000|  0%| F|  |TAMS 0x000000074ae00000, 0x000000074ae00000| Untracked 
| 600|0x000000074b000000, 0x000000074b000000, 0x000000074b200000|  0%| F|  |TAMS 0x000000074b000000, 0x000000074b000000| Untracked 
| 601|0x000000074b200000, 0x000000074b200000, 0x000000074b400000|  0%| F|  |TAMS 0x000000074b200000, 0x000000074b200000| Untracked 
| 602|0x000000074b400000, 0x000000074b400000, 0x000000074b600000|  0%| F|  |TAMS 0x000000074b400000, 0x000000074b400000| Untracked 
| 603|0x000000074b600000, 0x000000074b600000, 0x000000074b800000|  0%| F|  |TAMS 0x000000074b600000, 0x000000074b600000| Untracked 
| 604|0x000000074b800000, 0x000000074b800000, 0x000000074ba00000|  0%| F|  |TAMS 0x000000074b800000, 0x000000074b800000| Untracked 
| 605|0x000000074ba00000, 0x000000074ba00000, 0x000000074bc00000|  0%| F|  |TAMS 0x000000074ba00000, 0x000000074ba00000| Untracked 
| 606|0x000000074bc00000, 0x000000074bc00000, 0x000000074be00000|  0%| F|  |TAMS 0x000000074bc00000, 0x000000074bc00000| Untracked 
| 607|0x000000074be00000, 0x000000074be00000, 0x000000074c000000|  0%| F|  |TAMS 0x000000074be00000, 0x000000074be00000| Untracked 
| 608|0x000000074c000000, 0x000000074c000000, 0x000000074c200000|  0%| F|  |TAMS 0x000000074c000000, 0x000000074c000000| Untracked 
| 609|0x000000074c200000, 0x000000074c200000, 0x000000074c400000|  0%| F|  |TAMS 0x000000074c200000, 0x000000074c200000| Untracked 
| 610|0x000000074c400000, 0x000000074c400000, 0x000000074c600000|  0%| F|  |TAMS 0x000000074c400000, 0x000000074c400000| Untracked 
| 611|0x000000074c600000, 0x000000074c600000, 0x000000074c800000|  0%| F|  |TAMS 0x000000074c600000, 0x000000074c600000| Untracked 
| 612|0x000000074c800000, 0x000000074c800000, 0x000000074ca00000|  0%| F|  |TAMS 0x000000074c800000, 0x000000074c800000| Untracked 
| 613|0x000000074ca00000, 0x000000074ca00000, 0x000000074cc00000|  0%| F|  |TAMS 0x000000074ca00000, 0x000000074ca00000| Untracked 
| 614|0x000000074cc00000, 0x000000074cc00000, 0x000000074ce00000|  0%| F|  |TAMS 0x000000074cc00000, 0x000000074cc00000| Untracked 
| 615|0x000000074ce00000, 0x000000074ce00000, 0x000000074d000000|  0%| F|  |TAMS 0x000000074ce00000, 0x000000074ce00000| Untracked 
| 616|0x000000074d000000, 0x000000074d000000, 0x000000074d200000|  0%| F|  |TAMS 0x000000074d000000, 0x000000074d000000| Untracked 
| 617|0x000000074d200000, 0x000000074d200000, 0x000000074d400000|  0%| F|  |TAMS 0x000000074d200000, 0x000000074d200000| Untracked 
| 618|0x000000074d400000, 0x000000074d400000, 0x000000074d600000|  0%| F|  |TAMS 0x000000074d400000, 0x000000074d400000| Untracked 
| 619|0x000000074d600000, 0x000000074d600000, 0x000000074d800000|  0%| F|  |TAMS 0x000000074d600000, 0x000000074d600000| Untracked 
| 620|0x000000074d800000, 0x000000074d800000, 0x000000074da00000|  0%| F|  |TAMS 0x000000074d800000, 0x000000074d800000| Untracked 
| 621|0x000000074da00000, 0x000000074da00000, 0x000000074dc00000|  0%| F|  |TAMS 0x000000074da00000, 0x000000074da00000| Untracked 
| 622|0x000000074dc00000, 0x000000074dc00000, 0x000000074de00000|  0%| F|  |TAMS 0x000000074dc00000, 0x000000074dc00000| Untracked 
| 623|0x000000074de00000, 0x000000074de00000, 0x000000074e000000|  0%| F|  |TAMS 0x000000074de00000, 0x000000074de00000| Untracked 
| 624|0x000000074e000000, 0x000000074e000000, 0x000000074e200000|  0%| F|  |TAMS 0x000000074e000000, 0x000000074e000000| Untracked 
| 625|0x000000074e200000, 0x000000074e200000, 0x000000074e400000|  0%| F|  |TAMS 0x000000074e200000, 0x000000074e200000| Untracked 
| 626|0x000000074e400000, 0x000000074e400000, 0x000000074e600000|  0%| F|  |TAMS 0x000000074e400000, 0x000000074e400000| Untracked 
| 627|0x000000074e600000, 0x000000074e600000, 0x000000074e800000|  0%| F|  |TAMS 0x000000074e600000, 0x000000074e600000| Untracked 
| 628|0x000000074e800000, 0x000000074e800000, 0x000000074ea00000|  0%| F|  |TAMS 0x000000074e800000, 0x000000074e800000| Untracked 
| 629|0x000000074ea00000, 0x000000074ea00000, 0x000000074ec00000|  0%| F|  |TAMS 0x000000074ea00000, 0x000000074ea00000| Untracked 
| 630|0x000000074ec00000, 0x000000074ec00000, 0x000000074ee00000|  0%| F|  |TAMS 0x000000074ec00000, 0x000000074ec00000| Untracked 
| 631|0x000000074ee00000, 0x000000074ee00000, 0x000000074f000000|  0%| F|  |TAMS 0x000000074ee00000, 0x000000074ee00000| Untracked 
| 632|0x000000074f000000, 0x000000074f000000, 0x000000074f200000|  0%| F|  |TAMS 0x000000074f000000, 0x000000074f000000| Untracked 
| 633|0x000000074f200000, 0x000000074f200000, 0x000000074f400000|  0%| F|  |TAMS 0x000000074f200000, 0x000000074f200000| Untracked 
| 634|0x000000074f400000, 0x000000074f400000, 0x000000074f600000|  0%| F|  |TAMS 0x000000074f400000, 0x000000074f400000| Untracked 
| 635|0x000000074f600000, 0x000000074f600000, 0x000000074f800000|  0%| F|  |TAMS 0x000000074f600000, 0x000000074f600000| Untracked 
| 636|0x000000074f800000, 0x000000074f800000, 0x000000074fa00000|  0%| F|  |TAMS 0x000000074f800000, 0x000000074f800000| Untracked 
| 637|0x000000074fa00000, 0x000000074fa00000, 0x000000074fc00000|  0%| F|  |TAMS 0x000000074fa00000, 0x000000074fa00000| Untracked 
| 638|0x000000074fc00000, 0x000000074fc00000, 0x000000074fe00000|  0%| F|  |TAMS 0x000000074fc00000, 0x000000074fc00000| Untracked 
| 639|0x000000074fe00000, 0x000000074fe00000, 0x0000000750000000|  0%| F|  |TAMS 0x000000074fe00000, 0x000000074fe00000| Untracked 
| 640|0x0000000750000000, 0x0000000750000000, 0x0000000750200000|  0%| F|  |TAMS 0x0000000750000000, 0x0000000750000000| Untracked 
| 641|0x0000000750200000, 0x0000000750200000, 0x0000000750400000|  0%| F|  |TAMS 0x0000000750200000, 0x0000000750200000| Untracked 
| 642|0x0000000750400000, 0x0000000750400000, 0x0000000750600000|  0%| F|  |TAMS 0x0000000750400000, 0x0000000750400000| Untracked 
| 643|0x0000000750600000, 0x0000000750600000, 0x0000000750800000|  0%| F|  |TAMS 0x0000000750600000, 0x0000000750600000| Untracked 
| 644|0x0000000750800000, 0x0000000750800000, 0x0000000750a00000|  0%| F|  |TAMS 0x0000000750800000, 0x0000000750800000| Untracked 
| 645|0x0000000750a00000, 0x0000000750a00000, 0x0000000750c00000|  0%| F|  |TAMS 0x0000000750a00000, 0x0000000750a00000| Untracked 
| 646|0x0000000750c00000, 0x0000000750c00000, 0x0000000750e00000|  0%| F|  |TAMS 0x0000000750c00000, 0x0000000750c00000| Untracked 
| 647|0x0000000750e00000, 0x0000000750f72c68, 0x0000000751000000| 72%| S|CS|TAMS 0x0000000750e00000, 0x0000000750e00000| Complete 
| 648|0x0000000751000000, 0x0000000751200000, 0x0000000751200000|100%| S|CS|TAMS 0x0000000751000000, 0x0000000751000000| Complete 
| 649|0x0000000751200000, 0x0000000751200000, 0x0000000751400000|  0%| F|  |TAMS 0x0000000751200000, 0x0000000751200000| Untracked 
| 650|0x0000000751400000, 0x0000000751400000, 0x0000000751600000|  0%| F|  |TAMS 0x0000000751400000, 0x0000000751400000| Untracked 
| 651|0x0000000751600000, 0x0000000751600000, 0x0000000751800000|  0%| F|  |TAMS 0x0000000751600000, 0x0000000751600000| Untracked 
| 652|0x0000000751800000, 0x0000000751800000, 0x0000000751a00000|  0%| F|  |TAMS 0x0000000751800000, 0x0000000751800000| Untracked 
| 653|0x0000000751a00000, 0x0000000751a00000, 0x0000000751c00000|  0%| F|  |TAMS 0x0000000751a00000, 0x0000000751a00000| Untracked 
| 654|0x0000000751c00000, 0x0000000751c00000, 0x0000000751e00000|  0%| F|  |TAMS 0x0000000751c00000, 0x0000000751c00000| Untracked 
| 655|0x0000000751e00000, 0x0000000751e00000, 0x0000000752000000|  0%| F|  |TAMS 0x0000000751e00000, 0x0000000751e00000| Untracked 
| 656|0x0000000752000000, 0x0000000752000000, 0x0000000752200000|  0%| F|  |TAMS 0x0000000752000000, 0x0000000752000000| Untracked 
| 657|0x0000000752200000, 0x0000000752200000, 0x0000000752400000|  0%| F|  |TAMS 0x0000000752200000, 0x0000000752200000| Untracked 
| 658|0x0000000752400000, 0x0000000752400000, 0x0000000752600000|  0%| F|  |TAMS 0x0000000752400000, 0x0000000752400000| Untracked 
| 659|0x0000000752600000, 0x0000000752600000, 0x0000000752800000|  0%| F|  |TAMS 0x0000000752600000, 0x0000000752600000| Untracked 
| 660|0x0000000752800000, 0x0000000752800000, 0x0000000752a00000|  0%| F|  |TAMS 0x0000000752800000, 0x0000000752800000| Untracked 
| 661|0x0000000752a00000, 0x0000000752a00000, 0x0000000752c00000|  0%| F|  |TAMS 0x0000000752a00000, 0x0000000752a00000| Untracked 
| 662|0x0000000752c00000, 0x0000000752c00000, 0x0000000752e00000|  0%| F|  |TAMS 0x0000000752c00000, 0x0000000752c00000| Untracked 
| 663|0x0000000752e00000, 0x0000000752e00000, 0x0000000753000000|  0%| F|  |TAMS 0x0000000752e00000, 0x0000000752e00000| Untracked 
| 664|0x0000000753000000, 0x0000000753000000, 0x0000000753200000|  0%| F|  |TAMS 0x0000000753000000, 0x0000000753000000| Untracked 
| 665|0x0000000753200000, 0x0000000753200000, 0x0000000753400000|  0%| F|  |TAMS 0x0000000753200000, 0x0000000753200000| Untracked 
| 666|0x0000000753400000, 0x0000000753400000, 0x0000000753600000|  0%| F|  |TAMS 0x0000000753400000, 0x0000000753400000| Untracked 
| 667|0x0000000753600000, 0x0000000753600000, 0x0000000753800000|  0%| F|  |TAMS 0x0000000753600000, 0x0000000753600000| Untracked 
| 668|0x0000000753800000, 0x0000000753800000, 0x0000000753a00000|  0%| F|  |TAMS 0x0000000753800000, 0x0000000753800000| Untracked 
| 669|0x0000000753a00000, 0x0000000753a00000, 0x0000000753c00000|  0%| F|  |TAMS 0x0000000753a00000, 0x0000000753a00000| Untracked 
| 670|0x0000000753c00000, 0x0000000753c00000, 0x0000000753e00000|  0%| F|  |TAMS 0x0000000753c00000, 0x0000000753c00000| Untracked 
| 671|0x0000000753e00000, 0x0000000753e00000, 0x0000000754000000|  0%| F|  |TAMS 0x0000000753e00000, 0x0000000753e00000| Untracked 
| 672|0x0000000754000000, 0x0000000754000000, 0x0000000754200000|  0%| F|  |TAMS 0x0000000754000000, 0x0000000754000000| Untracked 
| 673|0x0000000754200000, 0x0000000754200000, 0x0000000754400000|  0%| F|  |TAMS 0x0000000754200000, 0x0000000754200000| Untracked 
| 674|0x0000000754400000, 0x0000000754400000, 0x0000000754600000|  0%| F|  |TAMS 0x0000000754400000, 0x0000000754400000| Untracked 
| 675|0x0000000754600000, 0x0000000754600000, 0x0000000754800000|  0%| F|  |TAMS 0x0000000754600000, 0x0000000754600000| Untracked 
| 676|0x0000000754800000, 0x0000000754800000, 0x0000000754a00000|  0%| F|  |TAMS 0x0000000754800000, 0x0000000754800000| Untracked 
| 677|0x0000000754a00000, 0x0000000754a00000, 0x0000000754c00000|  0%| F|  |TAMS 0x0000000754a00000, 0x0000000754a00000| Untracked 
| 678|0x0000000754c00000, 0x0000000754c00000, 0x0000000754e00000|  0%| F|  |TAMS 0x0000000754c00000, 0x0000000754c00000| Untracked 
| 679|0x0000000754e00000, 0x0000000754e00000, 0x0000000755000000|  0%| F|  |TAMS 0x0000000754e00000, 0x0000000754e00000| Untracked 
| 680|0x0000000755000000, 0x0000000755000000, 0x0000000755200000|  0%| F|  |TAMS 0x0000000755000000, 0x0000000755000000| Untracked 
| 681|0x0000000755200000, 0x0000000755200000, 0x0000000755400000|  0%| F|  |TAMS 0x0000000755200000, 0x0000000755200000| Untracked 
| 682|0x0000000755400000, 0x0000000755400000, 0x0000000755600000|  0%| F|  |TAMS 0x0000000755400000, 0x0000000755400000| Untracked 
| 683|0x0000000755600000, 0x0000000755600000, 0x0000000755800000|  0%| F|  |TAMS 0x0000000755600000, 0x0000000755600000| Untracked 
| 684|0x0000000755800000, 0x0000000755800000, 0x0000000755a00000|  0%| F|  |TAMS 0x0000000755800000, 0x0000000755800000| Untracked 
| 685|0x0000000755a00000, 0x0000000755a00000, 0x0000000755c00000|  0%| F|  |TAMS 0x0000000755a00000, 0x0000000755a00000| Untracked 
| 686|0x0000000755c00000, 0x0000000755c00000, 0x0000000755e00000|  0%| F|  |TAMS 0x0000000755c00000, 0x0000000755c00000| Untracked 
| 687|0x0000000755e00000, 0x0000000755e00000, 0x0000000756000000|  0%| F|  |TAMS 0x0000000755e00000, 0x0000000755e00000| Untracked 
| 688|0x0000000756000000, 0x0000000756000000, 0x0000000756200000|  0%| F|  |TAMS 0x0000000756000000, 0x0000000756000000| Untracked 
| 689|0x0000000756200000, 0x0000000756200000, 0x0000000756400000|  0%| F|  |TAMS 0x0000000756200000, 0x0000000756200000| Untracked 
| 690|0x0000000756400000, 0x0000000756400000, 0x0000000756600000|  0%| F|  |TAMS 0x0000000756400000, 0x0000000756400000| Untracked 
| 691|0x0000000756600000, 0x0000000756600000, 0x0000000756800000|  0%| F|  |TAMS 0x0000000756600000, 0x0000000756600000| Untracked 
| 692|0x0000000756800000, 0x0000000756800000, 0x0000000756a00000|  0%| F|  |TAMS 0x0000000756800000, 0x0000000756800000| Untracked 
| 693|0x0000000756a00000, 0x0000000756a00000, 0x0000000756c00000|  0%| F|  |TAMS 0x0000000756a00000, 0x0000000756a00000| Untracked 
| 694|0x0000000756c00000, 0x0000000756c00000, 0x0000000756e00000|  0%| F|  |TAMS 0x0000000756c00000, 0x0000000756c00000| Untracked 
| 695|0x0000000756e00000, 0x0000000756e00000, 0x0000000757000000|  0%| F|  |TAMS 0x0000000756e00000, 0x0000000756e00000| Untracked 
| 696|0x0000000757000000, 0x0000000757000000, 0x0000000757200000|  0%| F|  |TAMS 0x0000000757000000, 0x0000000757000000| Untracked 
| 697|0x0000000757200000, 0x0000000757200000, 0x0000000757400000|  0%| F|  |TAMS 0x0000000757200000, 0x0000000757200000| Untracked 
| 698|0x0000000757400000, 0x0000000757400000, 0x0000000757600000|  0%| F|  |TAMS 0x0000000757400000, 0x0000000757400000| Untracked 
| 699|0x0000000757600000, 0x0000000757600000, 0x0000000757800000|  0%| F|  |TAMS 0x0000000757600000, 0x0000000757600000| Untracked 
| 700|0x0000000757800000, 0x0000000757800000, 0x0000000757a00000|  0%| F|  |TAMS 0x0000000757800000, 0x0000000757800000| Untracked 
| 701|0x0000000757a00000, 0x0000000757a00000, 0x0000000757c00000|  0%| F|  |TAMS 0x0000000757a00000, 0x0000000757a00000| Untracked 
| 702|0x0000000757c00000, 0x0000000757c00000, 0x0000000757e00000|  0%| F|  |TAMS 0x0000000757c00000, 0x0000000757c00000| Untracked 
| 703|0x0000000757e00000, 0x0000000757e00000, 0x0000000758000000|  0%| F|  |TAMS 0x0000000757e00000, 0x0000000757e00000| Untracked 
| 704|0x0000000758000000, 0x0000000758000000, 0x0000000758200000|  0%| F|  |TAMS 0x0000000758000000, 0x0000000758000000| Untracked 
| 705|0x0000000758200000, 0x0000000758200000, 0x0000000758400000|  0%| F|  |TAMS 0x0000000758200000, 0x0000000758200000| Untracked 
| 706|0x0000000758400000, 0x0000000758400000, 0x0000000758600000|  0%| F|  |TAMS 0x0000000758400000, 0x0000000758400000| Untracked 
| 707|0x0000000758600000, 0x0000000758600000, 0x0000000758800000|  0%| F|  |TAMS 0x0000000758600000, 0x0000000758600000| Untracked 
| 708|0x0000000758800000, 0x0000000758800000, 0x0000000758a00000|  0%| F|  |TAMS 0x0000000758800000, 0x0000000758800000| Untracked 
| 709|0x0000000758a00000, 0x0000000758a00000, 0x0000000758c00000|  0%| F|  |TAMS 0x0000000758a00000, 0x0000000758a00000| Untracked 
| 710|0x0000000758c00000, 0x0000000758c00000, 0x0000000758e00000|  0%| F|  |TAMS 0x0000000758c00000, 0x0000000758c00000| Untracked 
| 711|0x0000000758e00000, 0x0000000758e00000, 0x0000000759000000|  0%| F|  |TAMS 0x0000000758e00000, 0x0000000758e00000| Untracked 
| 712|0x0000000759000000, 0x0000000759000000, 0x0000000759200000|  0%| F|  |TAMS 0x0000000759000000, 0x0000000759000000| Untracked 
| 713|0x0000000759200000, 0x0000000759200000, 0x0000000759400000|  0%| F|  |TAMS 0x0000000759200000, 0x0000000759200000| Untracked 
| 714|0x0000000759400000, 0x0000000759400000, 0x0000000759600000|  0%| F|  |TAMS 0x0000000759400000, 0x0000000759400000| Untracked 
| 715|0x0000000759600000, 0x0000000759600000, 0x0000000759800000|  0%| F|  |TAMS 0x0000000759600000, 0x0000000759600000| Untracked 
| 716|0x0000000759800000, 0x0000000759800000, 0x0000000759a00000|  0%| F|  |TAMS 0x0000000759800000, 0x0000000759800000| Untracked 
| 717|0x0000000759a00000, 0x0000000759a00000, 0x0000000759c00000|  0%| F|  |TAMS 0x0000000759a00000, 0x0000000759a00000| Untracked 

Card table byte_map: [0x000002c773530000,0x000002c773d30000] _byte_map_base: 0x000002c76fd30000

Marking Bits (Prev, Next): (CMBitMap*) 0x000002c759a2b080, (CMBitMap*) 0x000002c759a2b040
 Prev Bits: [0x000002c778530000, 0x000002c77c530000)
 Next Bits: [0x000002c774530000, 0x000002c778530000)

Polling page: 0x000002c759b80000

Metaspace:

Usage:
  Non-class:    125.51 MB used.
      Class:     20.25 MB used.
       Both:    145.75 MB used.

Virtual space:
  Non-class space:      128.00 MB reserved,     126.50 MB ( 99%) committed,  2 nodes.
      Class space:      832.00 MB reserved,      21.19 MB (  3%) committed,  1 nodes.
             Both:      960.00 MB reserved,     147.69 MB ( 15%) committed. 

Chunk freelists:
   Non-Class:  1.53 MB
       Class:  10.86 MB
        Both:  12.39 MB

MaxMetaspaceSize: 1.00 GB
CompressedClassSpaceSize: 832.00 MB
Initial GC threshold: 21.00 MB
Current GC threshold: 174.31 MB
CDS: on
MetaspaceReclaimPolicy: balanced
 - commit_granule_bytes: 65536.
 - commit_granule_words: 8192.
 - virtual_space_node_default_size: 8388608.
 - enlarge_chunks_in_place: 1.
 - new_chunks_are_fully_committed: 0.
 - uncommit_free_chunks: 1.
 - use_allocation_guard: 0.
 - handle_deallocations: 1.


Internal statistics:

num_allocs_failed_limit: 15.
num_arena_births: 2606.
num_arena_deaths: 0.
num_vsnodes_births: 3.
num_vsnodes_deaths: 0.
num_space_committed: 2362.
num_space_uncommitted: 0.
num_chunks_returned_to_freelist: 15.
num_chunks_taken_from_freelist: 9601.
num_chunk_merges: 15.
num_chunk_splits: 6065.
num_chunks_enlarged: 3648.
num_inconsistent_stats: 0.

CodeHeap 'non-profiled nmethods': size=120000Kb used=20414Kb max_used=20937Kb free=99585Kb
 bounds [0x000002c76b2a0000, 0x000002c76c770000, 0x000002c7727d0000]
CodeHeap 'profiled nmethods': size=120000Kb used=47288Kb max_used=47288Kb free=72711Kb
 bounds [0x000002c7637d0000, 0x000002c766640000, 0x000002c76ad00000]
CodeHeap 'non-nmethods': size=5760Kb used=2514Kb max_used=2607Kb free=3245Kb
 bounds [0x000002c76ad00000, 0x000002c76afa0000, 0x000002c76b2a0000]
 total_blobs=24298 nmethods=23239 adapters=969
 compilation: enabled
              stopped_count=0, restarted_count=0
 full_count=0

Compilation events (20 events):
Event: 114.748 Thread 0x000002c77f079890 31044       2       java.util.stream.Collectors::lambda$groupingBy$55 (16 bytes)
Event: 114.749 Thread 0x000002c77f079890 nmethod 31044 0x000002c765e82e10 code [0x000002c765e82fc0, 0x000002c765e83198]
Event: 114.749 Thread 0x000002c77f079890 31054   !   2       org.gradle.internal.UncheckedException::unchecked (13 bytes)
Event: 114.751 Thread 0x000002c77f079890 nmethod 31054 0x000002c765ad1090 code [0x000002c765ad1240, 0x000002c765ad1398]
Event: 114.767 Thread 0x000002c77f079890 31055   !   2       org.gradle.execution.plan.DefaultPlanExecutor$ExecutorWorker::lambda$getNextItem$1 (177 bytes)
Event: 114.783 Thread 0x000002c77f079890 nmethod 31055 0x000002c76619ca10 code [0x000002c76619ce40, 0x000002c76619e478]
Event: 114.789 Thread 0x000002c77f079890 31056       2       org.gradle.execution.plan.DefaultPlanExecutor$ExecutorState$WorkerState::finishWaitingForNextItem (34 bytes)
Event: 114.790 Thread 0x000002c77f079890 nmethod 31056 0x000002c76619c490 code [0x000002c76619c640, 0x000002c76619c8a8]
Event: 114.792 Thread 0x000002c77f079890 31057       1       org.gradle.internal.snapshot.SingletonChildMap::size (2 bytes)
Event: 114.792 Thread 0x000002c77f079890 nmethod 31057 0x000002c76b530f10 code [0x000002c76b5310a0, 0x000002c76b531178]
Event: 114.829 Thread 0x000002c77f079890 31058       2       org.gradle.api.internal.artifacts.transform.TransformExecutionResult$Builder::addPartOfInputArtifact (22 bytes)
Event: 114.832 Thread 0x000002c77f079890 nmethod 31058 0x000002c76619be90 code [0x000002c76619c040, 0x000002c76619c228]
Event: 114.839 Thread 0x000002c77f079890 31059       2       com.android.tools.r8.internal.G1$$Lambda$4216/0x000002c702420e58::apply (12 bytes)
Event: 114.840 Thread 0x000002c77f079890 nmethod 31059 0x000002c765ad0c10 code [0x000002c765ad0da0, 0x000002c765ad0f98]
Event: 114.840 Thread 0x000002c77f079890 31060       2       com.android.tools.r8.internal.cl0::<init> (10 bytes)
Event: 114.840 Thread 0x000002c77f079890 nmethod 31060 0x000002c76627d090 code [0x000002c76627d220, 0x000002c76627d378]
Event: 114.845 Thread 0x000002c77f079890 31061       2       org.gradle.internal.snapshot.AbstractIncompleteFileSystemNode$2::mergeWithExisting (9 bytes)
Event: 114.847 Thread 0x000002c77f079890 nmethod 31061 0x000002c765ad0810 code [0x000002c765ad09c0, 0x000002c765ad0b28]
Event: 114.847 Thread 0x000002c77f079890 31062       2       org.gradle.internal.snapshot.AbstractIncompleteFileSystemNode$2::mergeWithExisting (74 bytes)
Event: 114.850 Thread 0x000002c77f079890 nmethod 31062 0x000002c765acfe10 code [0x000002c765ad0020, 0x000002c765ad0568]

GC Heap History (20 events):
Event: 75.605 GC heap after
{Heap after GC invocations=59 (full 0):
 garbage-first heap   total 1470464K, used 443817K [0x0000000700000000, 0x0000000800000000)
  region size 2048K, 20 young (40960K), 20 survivors (40960K)
 Metaspace       used 148434K, committed 150336K, reserved 983040K
  class space    used 20684K, committed 21632K, reserved 851968K
}
Event: 75.788 GC heap before
{Heap before GC invocations=59 (full 0):
 garbage-first heap   total 1470464K, used 474537K [0x0000000700000000, 0x0000000800000000)
  region size 2048K, 35 young (71680K), 20 survivors (40960K)
 Metaspace       used 148444K, committed 150336K, reserved 983040K
  class space    used 20684K, committed 21632K, reserved 851968K
}
Event: 75.872 GC heap after
{Heap after GC invocations=60 (full 0):
 garbage-first heap   total 1470464K, used 447166K [0x0000000700000000, 0x0000000800000000)
  region size 2048K, 3 young (6144K), 3 survivors (6144K)
 Metaspace       used 148444K, committed 150336K, reserved 983040K
  class space    used 20684K, committed 21632K, reserved 851968K
}
Event: 82.502 GC heap before
{Heap before GC invocations=60 (full 0):
 garbage-first heap   total 1470464K, used 1272510K [0x0000000700000000, 0x0000000800000000)
  region size 2048K, 406 young (831488K), 3 survivors (6144K)
 Metaspace       used 148572K, committed 150464K, reserved 983040K
  class space    used 20693K, committed 21632K, reserved 851968K
}
Event: 82.539 GC heap after
{Heap after GC invocations=61 (full 0):
 garbage-first heap   total 1470464K, used 447961K [0x0000000700000000, 0x0000000800000000)
  region size 2048K, 4 young (8192K), 4 survivors (8192K)
 Metaspace       used 148572K, committed 150464K, reserved 983040K
  class space    used 20693K, committed 21632K, reserved 851968K
}
Event: 87.521 GC heap before
{Heap before GC invocations=61 (full 0):
 garbage-first heap   total 1470464K, used 1277401K [0x0000000700000000, 0x0000000800000000)
  region size 2048K, 409 young (837632K), 4 survivors (8192K)
 Metaspace       used 148646K, committed 150528K, reserved 983040K
  class space    used 20698K, committed 21632K, reserved 851968K
}
Event: 87.536 GC heap after
{Heap after GC invocations=62 (full 0):
 garbage-first heap   total 1470464K, used 451572K [0x0000000700000000, 0x0000000800000000)
  region size 2048K, 5 young (10240K), 5 survivors (10240K)
 Metaspace       used 148646K, committed 150528K, reserved 983040K
  class space    used 20698K, committed 21632K, reserved 851968K
}
Event: 91.982 GC heap before
{Heap before GC invocations=62 (full 0):
 garbage-first heap   total 1470464K, used 1287156K [0x0000000700000000, 0x0000000800000000)
  region size 2048K, 413 young (845824K), 5 survivors (10240K)
 Metaspace       used 148786K, committed 150656K, reserved 983040K
  class space    used 20709K, committed 21632K, reserved 851968K
}
Event: 92.005 GC heap after
{Heap after GC invocations=63 (full 0):
 garbage-first heap   total 1470464K, used 457420K [0x0000000700000000, 0x0000000800000000)
  region size 2048K, 8 young (16384K), 8 survivors (16384K)
 Metaspace       used 148786K, committed 150656K, reserved 983040K
  class space    used 20709K, committed 21632K, reserved 851968K
}
Event: 101.887 GC heap before
{Heap before GC invocations=63 (full 0):
 garbage-first heap   total 1470464K, used 1288908K [0x0000000700000000, 0x0000000800000000)
  region size 2048K, 414 young (847872K), 8 survivors (16384K)
 Metaspace       used 149013K, committed 150912K, reserved 983040K
  class space    used 20723K, committed 21696K, reserved 851968K
}
Event: 101.947 GC heap after
{Heap after GC invocations=64 (full 0):
 garbage-first heap   total 1470464K, used 487579K [0x0000000700000000, 0x0000000800000000)
  region size 2048K, 23 young (47104K), 23 survivors (47104K)
 Metaspace       used 149013K, committed 150912K, reserved 983040K
  class space    used 20723K, committed 21696K, reserved 851968K
}
Event: 104.034 GC heap before
{Heap before GC invocations=64 (full 0):
 garbage-first heap   total 1470464K, used 1196187K [0x0000000700000000, 0x0000000800000000)
  region size 2048K, 368 young (753664K), 23 survivors (47104K)
 Metaspace       used 149085K, committed 151040K, reserved 983040K
  class space    used 20727K, committed 21696K, reserved 851968K
}
Event: 104.058 GC heap after
{Heap after GC invocations=65 (full 0):
 garbage-first heap   total 1470464K, used 477141K [0x0000000700000000, 0x0000000800000000)
  region size 2048K, 18 young (36864K), 18 survivors (36864K)
 Metaspace       used 149085K, committed 151040K, reserved 983040K
  class space    used 20727K, committed 21696K, reserved 851968K
}
Event: 107.307 GC heap before
{Heap before GC invocations=65 (full 0):
 garbage-first heap   total 1470464K, used 1269717K [0x0000000700000000, 0x0000000800000000)
  region size 2048K, 406 young (831488K), 18 survivors (36864K)
 Metaspace       used 149206K, committed 151104K, reserved 983040K
  class space    used 20732K, committed 21696K, reserved 851968K
}
Event: 107.490 GC heap after
{Heap after GC invocations=66 (full 0):
 garbage-first heap   total 1470464K, used 529706K [0x0000000700000000, 0x0000000800000000)
  region size 2048K, 43 young (88064K), 43 survivors (88064K)
 Metaspace       used 149206K, committed 151104K, reserved 983040K
  class space    used 20732K, committed 21696K, reserved 851968K
}
Event: 109.244 GC heap before
{Heap before GC invocations=66 (full 0):
 garbage-first heap   total 1470464K, used 1103146K [0x0000000700000000, 0x0000000800000000)
  region size 2048K, 322 young (659456K), 43 survivors (88064K)
 Metaspace       used 149226K, committed 151232K, reserved 983040K
  class space    used 20732K, committed 21696K, reserved 851968K
}
Event: 114.404 GC heap after
{Heap after GC invocations=67 (full 0):
 garbage-first heap   total 1470464K, used 543286K [0x0000000700000000, 0x0000000800000000)
  region size 2048K, 11 young (22528K), 11 survivors (22528K)
 Metaspace       used 149226K, committed 151232K, reserved 983040K
  class space    used 20732K, committed 21696K, reserved 851968K
}
Event: 114.503 GC heap before
{Heap before GC invocations=67 (full 0):
 garbage-first heap   total 1470464K, used 590390K [0x0000000700000000, 0x0000000800000000)
  region size 2048K, 35 young (71680K), 11 survivors (22528K)
 Metaspace       used 149233K, committed 151232K, reserved 983040K
  class space    used 20732K, committed 21696K, reserved 851968K
}
Event: 114.553 GC heap after
{Heap after GC invocations=68 (full 0):
 garbage-first heap   total 1470464K, used 546971K [0x0000000700000000, 0x0000000800000000)
  region size 2048K, 3 young (6144K), 3 survivors (6144K)
 Metaspace       used 149233K, committed 151232K, reserved 983040K
  class space    used 20732K, committed 21696K, reserved 851968K
}
Event: 114.891 GC heap before
{Heap before GC invocations=68 (full 0):
 garbage-first heap   total 1470464K, used 680091K [0x0000000700000000, 0x0000000800000000)
  region size 2048K, 69 young (141312K), 3 survivors (6144K)
 Metaspace       used 149251K, committed 151232K, reserved 983040K
  class space    used 20732K, committed 21696K, reserved 851968K
}

Dll operation events (16 events):
Event: 0.016 Loaded shared library C:\Program Files\Microsoft\jdk-17.0.13.11-hotspot\bin\java.dll
Event: 0.034 Loaded shared library C:\Program Files\Microsoft\jdk-17.0.13.11-hotspot\bin\jsvml.dll
Event: 0.090 Loaded shared library C:\Program Files\Microsoft\jdk-17.0.13.11-hotspot\bin\zip.dll
Event: 0.094 Loaded shared library C:\Program Files\Microsoft\jdk-17.0.13.11-hotspot\bin\instrument.dll
Event: 0.100 Loaded shared library C:\Program Files\Microsoft\jdk-17.0.13.11-hotspot\bin\net.dll
Event: 0.103 Loaded shared library C:\Program Files\Microsoft\jdk-17.0.13.11-hotspot\bin\nio.dll
Event: 0.106 Loaded shared library C:\Program Files\Microsoft\jdk-17.0.13.11-hotspot\bin\zip.dll
Event: 0.481 Loaded shared library C:\Program Files\Microsoft\jdk-17.0.13.11-hotspot\bin\jimage.dll
Event: 0.698 Loaded shared library C:\Program Files\Microsoft\jdk-17.0.13.11-hotspot\bin\verify.dll
Event: 0.835 Loaded shared library C:\Users\laxman\.gradle\native\1def1411415f61bf3af743bc5b6707747c0891f09f0c88961ee8f79bc544acac\windows-amd64\native-platform.dll
Event: 0.859 Loaded shared library C:\Users\laxman\.gradle\native\0.2.7\x86_64-windows-gnu\gradle-fileevents.dll
Event: 2.476 Loaded shared library C:\Program Files\Microsoft\jdk-17.0.13.11-hotspot\bin\management.dll
Event: 2.479 Loaded shared library C:\Program Files\Microsoft\jdk-17.0.13.11-hotspot\bin\management_ext.dll
Event: 2.717 Loaded shared library C:\Program Files\Microsoft\jdk-17.0.13.11-hotspot\bin\extnet.dll
Event: 2.969 Loaded shared library C:\Program Files\Microsoft\jdk-17.0.13.11-hotspot\bin\sunmscapi.dll
Event: 47.818 Loaded shared library C:\Program Files\Microsoft\jdk-17.0.13.11-hotspot\bin\rmi.dll

Deoptimization events (20 events):
Event: 114.812 Thread 0x000002c73eb12210 DEOPT PACKING pc=0x000002c765c46f3e sp=0x000000e2dbef9c10
Event: 114.812 Thread 0x000002c73eb12210 DEOPT UNPACKING pc=0x000002c76ad57143 sp=0x000000e2dbef9358 mode 0
Event: 114.827 Thread 0x000002c73eac4f20 DEOPT PACKING pc=0x000002c76661c8d9 sp=0x000000e2dd3f9e80
Event: 114.831 Thread 0x000002c73eac4f20 DEOPT UNPACKING pc=0x000002c76ad57143 sp=0x000000e2dd3f9770 mode 0
Event: 114.841 Thread 0x000002c73eb0f990 DEOPT PACKING pc=0x000002c76613a398 sp=0x000000e2dc3fa190
Event: 114.841 Thread 0x000002c73eb0f990 DEOPT UNPACKING pc=0x000002c76ad57143 sp=0x000000e2dc3f9828 mode 0
Event: 114.849 Thread 0x000002c73cef4660 DEOPT PACKING pc=0x000002c764f0fffc sp=0x000000e2d96feee0
Event: 114.849 Thread 0x000002c73cef4660 DEOPT UNPACKING pc=0x000002c76ad57143 sp=0x000000e2d96fe3a0 mode 0
Event: 114.852 Thread 0x000002c73eb0f990 DEOPT PACKING pc=0x000002c765d65016 sp=0x000000e2dc3fa1b0
Event: 114.852 Thread 0x000002c73eb0f990 DEOPT UNPACKING pc=0x000002c76ad57143 sp=0x000000e2dc3f9778 mode 0
Event: 114.853 Thread 0x000002c73eb0f990 DEOPT PACKING pc=0x000002c765b281e8 sp=0x000000e2dc3f9fa0
Event: 114.853 Thread 0x000002c73eb0f990 DEOPT UNPACKING pc=0x000002c76ad57143 sp=0x000000e2dc3f9560 mode 0
Event: 114.853 Thread 0x000002c73cef3220 DEOPT PACKING pc=0x000002c765c46f3e sp=0x000000e2d97f9ef0
Event: 114.853 Thread 0x000002c73cef3220 DEOPT UNPACKING pc=0x000002c76ad57143 sp=0x000000e2d97f9638 mode 0
Event: 114.861 Thread 0x000002c73eac4f20 DEOPT PACKING pc=0x000002c76661c078 sp=0x000000e2dd3f9e80
Event: 114.861 Thread 0x000002c73eac4f20 DEOPT UNPACKING pc=0x000002c76ad57143 sp=0x000000e2dd3f9770 mode 0
Event: 114.878 Thread 0x000002c73cef3220 DEOPT PACKING pc=0x000002c765b28250 sp=0x000000e2d97fa550
Event: 114.878 Thread 0x000002c73cef3220 DEOPT UNPACKING pc=0x000002c76ad57143 sp=0x000000e2d97f9b00 mode 0
Event: 114.887 Thread 0x000002c73cef3220 DEOPT PACKING pc=0x000002c765ce2ddd sp=0x000000e2d97f9cc0
Event: 114.887 Thread 0x000002c73cef3220 DEOPT UNPACKING pc=0x000002c76ad57143 sp=0x000000e2d97f92e8 mode 0

Classes loaded (20 events):
Event: 54.654 Loading class java/util/stream/SliceOps
Event: 54.657 Loading class java/util/stream/SliceOps done
Event: 54.657 Loading class java/util/stream/SliceOps$1
Event: 54.658 Loading class java/util/stream/SliceOps$1 done
Event: 54.665 Loading class java/util/stream/SliceOps$1$1
Event: 54.667 Loading class java/util/stream/SliceOps$1$1 done
Event: 54.697 Loading class java/util/PriorityQueue
Event: 54.699 Loading class java/util/PriorityQueue done
Event: 56.827 Loading class java/util/concurrent/ConcurrentHashMap$TreeNode
Event: 56.828 Loading class java/util/concurrent/ConcurrentHashMap$TreeNode done
Event: 56.831 Loading class java/util/concurrent/ConcurrentHashMap$TreeBin
Event: 56.832 Loading class java/util/concurrent/ConcurrentHashMap$TreeBin done
Event: 66.890 Loading class java/nio/ShortBuffer
Event: 66.892 Loading class java/nio/ShortBuffer done
Event: 67.202 Loading class java/nio/ByteBufferAsShortBufferL
Event: 67.210 Loading class java/nio/ByteBufferAsShortBufferL done
Event: 67.338 Loading class java/util/zip/Adler32
Event: 67.351 Loading class java/util/zip/Adler32 done
Event: 67.371 Loading class java/nio/file/Files$2
Event: 67.374 Loading class java/nio/file/Files$2 done

Classes unloaded (0 events):
No events

Classes redefined (0 events):
No events

Internal exceptions (20 events):
Event: 106.685 Thread 0x000002c73eb12210 Exception <a 'sun/nio/fs/WindowsException'{0x00000007340f5218}> (0x00000007340f5218) 
thrown [s\src\hotspot\share\prims\jni.cpp, line 516]
Event: 106.760 Thread 0x000002c73eb12210 Exception <a 'sun/nio/fs/WindowsException'{0x00000007312b9828}> (0x00000007312b9828) 
thrown [s\src\hotspot\share\prims\jni.cpp, line 516]
Event: 106.789 Thread 0x000002c73eac1c80 Exception <a 'sun/nio/fs/WindowsException'{0x0000000733a4b7e0}> (0x0000000733a4b7e0) 
thrown [s\src\hotspot\share\prims\jni.cpp, line 516]
Event: 106.893 Thread 0x000002c73eb0e550 Exception <a 'sun/nio/fs/WindowsException'{0x000000072efbae00}> (0x000000072efbae00) 
thrown [s\src\hotspot\share\prims\jni.cpp, line 516]
Event: 106.940 Thread 0x000002c73eb0ef70 Exception <a 'sun/nio/fs/WindowsException'{0x000000072c07e370}> (0x000000072c07e370) 
thrown [s\src\hotspot\share\prims\jni.cpp, line 516]
Event: 106.945 Thread 0x000002c73eb12210 Exception <a 'sun/nio/fs/WindowsException'{0x000000072c0ff938}> (0x000000072c0ff938) 
thrown [s\src\hotspot\share\prims\jni.cpp, line 516]
Event: 107.056 Thread 0x000002c73eb0ef70 Exception <a 'sun/nio/fs/WindowsException'{0x000000072a3e1f28}> (0x000000072a3e1f28) 
thrown [s\src\hotspot\share\prims\jni.cpp, line 516]
Event: 107.057 Thread 0x000002c73eb12210 Exception <a 'sun/nio/fs/WindowsException'{0x000000072a668e58}> (0x000000072a668e58) 
thrown [s\src\hotspot\share\prims\jni.cpp, line 516]
Event: 107.533 Thread 0x000002c73eac1c80 Exception <a 'sun/nio/fs/WindowsException'{0x00000007597a30f0}> (0x00000007597a30f0) 
thrown [s\src\hotspot\share\prims\jni.cpp, line 516]
Event: 107.556 Thread 0x000002c73eb12210 Exception <a 'sun/nio/fs/WindowsException'{0x0000000757b40f78}> (0x0000000757b40f78) 
thrown [s\src\hotspot\share\prims\jni.cpp, line 516]
Event: 107.587 Thread 0x000002c73eac1c80 Exception <a 'sun/nio/fs/WindowsException'{0x00000007575520a0}> (0x00000007575520a0) 
thrown [s\src\hotspot\share\prims\jni.cpp, line 516]
Event: 107.865 Thread 0x000002c73eb0ef70 Exception <a 'sun/nio/fs/WindowsException'{0x00000007519a13c0}> (0x00000007519a13c0) 
thrown [s\src\hotspot\share\prims\jni.cpp, line 516]
Event: 107.990 Thread 0x000002c73eb0e550 Exception <a 'sun/nio/fs/WindowsException'{0x00000007583b0608}> (0x00000007583b0608) 
thrown [s\src\hotspot\share\prims\jni.cpp, line 516]
Event: 108.033 Thread 0x000002c73eb0e550 Exception <a 'sun/nio/fs/WindowsException'{0x000000074f0979d0}> (0x000000074f0979d0) 
thrown [s\src\hotspot\share\prims\jni.cpp, line 516]
Event: 108.166 Thread 0x000002c73eb112e0 Exception <a 'sun/nio/fs/WindowsException'{0x000000074b51be98}> (0x000000074b51be98) 
thrown [s\src\hotspot\share\prims\jni.cpp, line 516]
Event: 108.400 Thread 0x000002c73eb0ef70 Exception <a 'sun/nio/fs/WindowsException'{0x000000074475a020}> (0x000000074475a020) 
thrown [s\src\hotspot\share\prims\jni.cpp, line 516]
Event: 109.218 Thread 0x000002c73eb112e0 Exception <a 'sun/nio/fs/WindowsException'{0x00000007372c58a0}> (0x00000007372c58a0) 
thrown [s\src\hotspot\share\prims\jni.cpp, line 516]
Event: 114.657 Thread 0x000002c73eac4f20 Exception <a 'sun/nio/fs/WindowsException'{0x0000000757007868}> (0x0000000757007868) 
thrown [s\src\hotspot\share\prims\jni.cpp, line 516]
Event: 114.671 Thread 0x000002c73eb103b0 Exception <a 'sun/nio/fs/WindowsException'{0x0000000756583d20}> (0x0000000756583d20) 
thrown [s\src\hotspot\share\prims\jni.cpp, line 516]
Event: 114.736 Thread 0x000002c73cef4660 Exception <a 'sun/nio/fs/WindowsException'{0x00000007552a7ab0}> (0x00000007552a7ab0) 
thrown [s\src\hotspot\share\prims\jni.cpp, line 516]

VM Operations (20 events):
Event: 102.979 Executing VM operation: Cleanup done
Event: 103.446 Executing VM operation: HandshakeAllThreads
Event: 103.530 Executing VM operation: HandshakeAllThreads done
Event: 104.033 Executing VM operation: G1CollectForAllocation
Event: 104.058 Executing VM operation: G1CollectForAllocation done
Event: 106.058 Executing VM operation: Cleanup
Event: 106.095 Executing VM operation: Cleanup done
Event: 107.096 Executing VM operation: Cleanup
Event: 107.100 Executing VM operation: Cleanup done
Event: 107.263 Executing VM operation: G1CollectForAllocation
Event: 107.491 Executing VM operation: G1CollectForAllocation done
Event: 108.475 Executing VM operation: HandshakeAllThreads
Event: 109.075 Executing VM operation: HandshakeAllThreads done
Event: 109.075 Executing VM operation: Cleanup
Event: 109.119 Executing VM operation: Cleanup done
Event: 109.241 Executing VM operation: G1CollectForAllocation
Event: 114.404 Executing VM operation: G1CollectForAllocation done
Event: 114.500 Executing VM operation: G1CollectForAllocation
Event: 114.553 Executing VM operation: G1CollectForAllocation done
Event: 114.891 Executing VM operation: G1CollectForAllocation

Memory protections (0 events):
No events

Nmethod flushes (20 events):
Event: 109.148 Thread 0x000002c77f07a1a0 flushing  nmethod 0x000002c76c596510
Event: 109.165 Thread 0x000002c77f07a1a0 flushing  nmethod 0x000002c763eddd90
Event: 109.166 Thread 0x000002c77f07a1a0 flushing  nmethod 0x000002c763ef1390
Event: 109.198 Thread 0x000002c77f07a1a0 flushing  nmethod 0x000002c764a5a790
Event: 109.221 Thread 0x000002c77f07a1a0 flushing  nmethod 0x000002c765502a90
Event: 109.221 Thread 0x000002c77f07a1a0 flushing  nmethod 0x000002c765524590
Event: 109.226 Thread 0x000002c77f07a1a0 flushing  nmethod 0x000002c76585ea10
Event: 109.228 Thread 0x000002c77f07a1a0 flushing  nmethod 0x000002c7659c7690
Event: 109.229 Thread 0x000002c77f07a1a0 flushing  nmethod 0x000002c7659dd590
Event: 109.229 Thread 0x000002c77f07a1a0 flushing  nmethod 0x000002c765a7b110
Event: 109.230 Thread 0x000002c77f07a1a0 flushing  nmethod 0x000002c765acf490
Event: 109.230 Thread 0x000002c77f07a1a0 flushing  nmethod 0x000002c765ad3790
Event: 109.233 Thread 0x000002c77f07a1a0 flushing  nmethod 0x000002c765c26690
Event: 109.235 Thread 0x000002c77f07a1a0 flushing  nmethod 0x000002c765e80a90
Event: 109.236 Thread 0x000002c77f07a1a0 flushing  nmethod 0x000002c765ef8f10
Event: 109.239 Thread 0x000002c77f07a1a0 flushing  nmethod 0x000002c766129490
Event: 114.404 Thread 0x000002c77f07a1a0 flushing  nmethod 0x000002c7662d0290
Event: 114.405 Thread 0x000002c77f07a1a0 flushing  nmethod 0x000002c7662d0710
Event: 114.405 Thread 0x000002c77f07a1a0 flushing  nmethod 0x000002c7662d0e10
Event: 114.409 Thread 0x000002c77f07a1a0 flushing  nmethod 0x000002c766426510

Events (20 events):
Event: 47.882 Thread 0x000002c77f079890 Thread added: 0x000002c73f08edf0
Event: 47.902 Thread 0x000002c74094e0a0 Thread added: 0x000002c73e1c8400
Event: 47.903 Thread 0x000002c74094e0a0 Thread added: 0x000002c73e1c5670
Event: 47.939 Thread 0x000002c73e1cac80 Thread added: 0x000002c73e1cb190
Event: 47.979 Thread 0x000002c77f0754f0 Thread added: 0x000002c73f08f340
Event: 47.986 Thread 0x000002c73e1c8400 Thread added: 0x000002c73e1c8910
Event: 47.986 Thread 0x000002c73e1c8400 Thread added: 0x000002c73ce017a0
Event: 48.157 Thread 0x000002c73eb0e040 Thread added: 0x000002c7476fc4b0
Event: 48.218 Thread 0x000002c7476fc4b0 Thread added: 0x000002c747700680
Event: 48.248 Thread 0x000002c73e1c8400 Thread added: 0x000002c747701ac0
Event: 48.577 Thread 0x000002c7396af2a0 Thread added: 0x000002c7476fc9c0
Event: 48.639 Thread 0x000002c7476fc9c0 Thread added: 0x000002c747700b90
Event: 48.667 Thread 0x000002c73e1c8400 Thread added: 0x000002c7476fed30
Event: 74.660 Thread 0x000002c7396b0bf0 Thread exited: 0x000002c7396b0bf0
Event: 74.688 Thread 0x000002c7396ade60 Thread exited: 0x000002c7396ade60
Event: 74.689 Thread 0x000002c7396af7b0 Thread exited: 0x000002c7396af7b0
Event: 91.770 Thread 0x000002c74094f4e0 Thread exited: 0x000002c74094f4e0
Event: 91.781 Thread 0x000002c74094d170 Thread exited: 0x000002c74094d170
Event: 91.860 Thread 0x000002c740950410 Thread exited: 0x000002c740950410
Event: 96.734 Thread 0x000002c7396aa1a0 Thread exited: 0x000002c7396aa1a0


Dynamic libraries:
0x00007ff6e3fd0000 - 0x00007ff6e3fde000 	C:\Program Files\Microsoft\jdk-17.0.13.11-hotspot\bin\java.exe
0x00007ffcec450000 - 0x00007ffcec667000 	C:\Windows\SYSTEM32\ntdll.dll
0x00007ffceada0000 - 0x00007ffceae64000 	C:\Windows\System32\KERNEL32.DLL
0x00007ffce9880000 - 0x00007ffce9c53000 	C:\Windows\System32\KERNELBASE.dll
0x00007ffce9dd0000 - 0x00007ffce9ee1000 	C:\Windows\System32\ucrtbase.dll
0x00007ffc751e0000 - 0x00007ffc751fd000 	C:\Program Files\Microsoft\jdk-17.0.13.11-hotspot\bin\VCRUNTIME140.dll
0x00007ffc75200000 - 0x00007ffc75217000 	C:\Program Files\Microsoft\jdk-17.0.13.11-hotspot\bin\jli.dll
0x00007ffcea4b0000 - 0x00007ffcea661000 	C:\Windows\System32\USER32.dll
0x00007ffce9da0000 - 0x00007ffce9dc6000 	C:\Windows\System32\win32u.dll
0x00007ffcd8f80000 - 0x00007ffcd921b000 	C:\Windows\WinSxS\amd64_microsoft.windows.common-controls_6595b64144ccf1df_6.0.22621.5262_none_2712bde373830908\COMCTL32.dll
0x00007ffcea0e0000 - 0x00007ffcea109000 	C:\Windows\System32\GDI32.dll
0x00007ffcea3e0000 - 0x00007ffcea487000 	C:\Windows\System32\msvcrt.dll
0x00007ffce9ef0000 - 0x00007ffcea012000 	C:\Windows\System32\gdi32full.dll
0x00007ffce97e0000 - 0x00007ffce987a000 	C:\Windows\System32\msvcp_win.dll
0x00007ffceba30000 - 0x00007ffceba61000 	C:\Windows\System32\IMM32.DLL
0x00007ffcb3cc0000 - 0x00007ffcb3ccc000 	C:\Program Files\Microsoft\jdk-17.0.13.11-hotspot\bin\vcruntime140_1.dll
0x00007ffc75150000 - 0x00007ffc751dd000 	C:\Program Files\Microsoft\jdk-17.0.13.11-hotspot\bin\msvcp140.dll
0x00007ffc5a910000 - 0x00007ffc5b581000 	C:\Program Files\Microsoft\jdk-17.0.13.11-hotspot\bin\server\jvm.dll
0x00007ffcea6f0000 - 0x00007ffcea7a1000 	C:\Windows\System32\ADVAPI32.dll
0x00007ffcea190000 - 0x00007ffcea237000 	C:\Windows\System32\sechost.dll
0x00007ffce9640000 - 0x00007ffce9668000 	C:\Windows\System32\bcrypt.dll
0x00007ffcec2f0000 - 0x00007ffcec404000 	C:\Windows\System32\RPCRT4.dll
0x00007ffcea670000 - 0x00007ffcea6e1000 	C:\Windows\System32\WS2_32.dll
0x00007ffce9410000 - 0x00007ffce945d000 	C:\Windows\SYSTEM32\POWRPROF.dll
0x00007ffcdfbe0000 - 0x00007ffcdfbea000 	C:\Windows\SYSTEM32\VERSION.dll
0x00007ffcdf210000 - 0x00007ffcdf244000 	C:\Windows\SYSTEM32\WINMM.dll
0x00007ffce93f0000 - 0x00007ffce9403000 	C:\Windows\SYSTEM32\UMPDC.dll
0x00007ffce8580000 - 0x00007ffce8598000 	C:\Windows\SYSTEM32\kernel.appcore.dll
0x00007ffcb0650000 - 0x00007ffcb065a000 	C:\Program Files\Microsoft\jdk-17.0.13.11-hotspot\bin\jimage.dll
0x00007ffce7080000 - 0x00007ffce72b2000 	C:\Windows\SYSTEM32\DBGHELP.DLL
0x00007ffcebad0000 - 0x00007ffcebe63000 	C:\Windows\System32\combase.dll
0x00007ffcea250000 - 0x00007ffcea327000 	C:\Windows\System32\OLEAUT32.dll
0x00007ffce1670000 - 0x00007ffce16a2000 	C:\Windows\SYSTEM32\dbgcore.DLL
0x00007ffce95c0000 - 0x00007ffce963b000 	C:\Windows\System32\bcryptPrimitives.dll
0x00007ffcaf6c0000 - 0x00007ffcaf6ce000 	C:\Program Files\Microsoft\jdk-17.0.13.11-hotspot\bin\instrument.dll
0x00007ffc75120000 - 0x00007ffc75145000 	C:\Program Files\Microsoft\jdk-17.0.13.11-hotspot\bin\java.dll
0x00007ffc747f0000 - 0x00007ffc748c7000 	C:\Program Files\Microsoft\jdk-17.0.13.11-hotspot\bin\jsvml.dll
0x00007ffceaf00000 - 0x00007ffceb79d000 	C:\Windows\System32\SHELL32.dll
0x00007ffce9c60000 - 0x00007ffce9d9f000 	C:\Windows\System32\wintypes.dll
0x00007ffce7480000 - 0x00007ffce7d9d000 	C:\Windows\SYSTEM32\windows.storage.dll
0x00007ffceb7c0000 - 0x00007ffceb8cb000 	C:\Windows\System32\SHCORE.dll
0x00007ffcea990000 - 0x00007ffcea9f6000 	C:\Windows\System32\shlwapi.dll
0x00007ffce9470000 - 0x00007ffce949b000 	C:\Windows\SYSTEM32\profapi.dll
0x00007ffc75100000 - 0x00007ffc75118000 	C:\Program Files\Microsoft\jdk-17.0.13.11-hotspot\bin\zip.dll
0x00007ffc747d0000 - 0x00007ffc747ea000 	C:\Program Files\Microsoft\jdk-17.0.13.11-hotspot\bin\net.dll
0x00007ffce4670000 - 0x00007ffce479c000 	C:\Windows\SYSTEM32\WINHTTP.dll
0x00007ffce8a00000 - 0x00007ffce8a6a000 	C:\Windows\system32\mswsock.dll
0x00007ffc747b0000 - 0x00007ffc747c6000 	C:\Program Files\Microsoft\jdk-17.0.13.11-hotspot\bin\nio.dll
0x00007ffcad240000 - 0x00007ffcad250000 	C:\Program Files\Microsoft\jdk-17.0.13.11-hotspot\bin\verify.dll
0x00007ffc828d0000 - 0x00007ffc828f7000 	C:\Users\laxman\.gradle\native\1def1411415f61bf3af743bc5b6707747c0891f09f0c88961ee8f79bc544acac\windows-amd64\native-platform.dll
0x00007ffc74730000 - 0x00007ffc747a8000 	C:\Users\laxman\.gradle\native\0.2.7\x86_64-windows-gnu\gradle-fileevents.dll
0x00007ffca6df0000 - 0x00007ffca6dfa000 	C:\Program Files\Microsoft\jdk-17.0.13.11-hotspot\bin\management.dll
0x00007ffca1d50000 - 0x00007ffca1d5b000 	C:\Program Files\Microsoft\jdk-17.0.13.11-hotspot\bin\management_ext.dll
0x00007ffcea4a0000 - 0x00007ffcea4a8000 	C:\Windows\System32\PSAPI.DLL
0x00007ffce8000000 - 0x00007ffce802d000 	C:\Windows\SYSTEM32\IPHLPAPI.DLL
0x00007ffcea490000 - 0x00007ffcea499000 	C:\Windows\System32\NSI.dll
0x00007ffce4610000 - 0x00007ffce4629000 	C:\Windows\SYSTEM32\dhcpcsvc6.DLL
0x00007ffce45f0000 - 0x00007ffce460f000 	C:\Windows\SYSTEM32\dhcpcsvc.DLL
0x00007ffce8070000 - 0x00007ffce8168000 	C:\Windows\SYSTEM32\DNSAPI.dll
0x00007ffca1b50000 - 0x00007ffca1b59000 	C:\Program Files\Microsoft\jdk-17.0.13.11-hotspot\bin\extnet.dll
0x00007ffce8c60000 - 0x00007ffce8c7b000 	C:\Windows\SYSTEM32\CRYPTSP.dll
0x00007ffce84e0000 - 0x00007ffce8517000 	C:\Windows\system32\rsaenh.dll
0x00007ffce8af0000 - 0x00007ffce8b18000 	C:\Windows\SYSTEM32\USERENV.dll
0x00007ffce8c50000 - 0x00007ffce8c5c000 	C:\Windows\SYSTEM32\CRYPTBASE.dll
0x00007ffca1a80000 - 0x00007ffca1a8e000 	C:\Program Files\Microsoft\jdk-17.0.13.11-hotspot\bin\sunmscapi.dll
0x00007ffce9670000 - 0x00007ffce97d7000 	C:\Windows\System32\CRYPT32.dll
0x00007ffce8e10000 - 0x00007ffce8e3d000 	C:\Windows\SYSTEM32\ncrypt.dll
0x00007ffce8dd0000 - 0x00007ffce8e07000 	C:\Windows\SYSTEM32\NTASN1.dll
0x00007ffcb54f0000 - 0x00007ffcb54f8000 	C:\Windows\system32\wshunix.dll
0x00007ffc95a30000 - 0x00007ffc95a47000 	C:\Windows\system32\napinsp.dll
0x00007ffc95a10000 - 0x00007ffc95a2b000 	C:\Windows\system32\pnrpnsp.dll
0x00007ffc959f0000 - 0x00007ffc95a01000 	C:\Windows\System32\winrnr.dll
0x00007ffce4f20000 - 0x00007ffce4f3f000 	C:\Windows\system32\wshbth.dll
0x00007ffc96790000 - 0x00007ffc967b1000 	C:\Windows\system32\nlansp_c.dll
0x00007ffcdbe30000 - 0x00007ffcdbe3a000 	C:\Windows\System32\rasadhlp.dll
0x00007ffce1bc0000 - 0x00007ffce1c43000 	C:\Windows\System32\fwpuclnt.dll
0x00007ffcd7b30000 - 0x00007ffcd7b37000 	C:\Program Files\Microsoft\jdk-17.0.13.11-hotspot\bin\rmi.dll

dbghelp: loaded successfully - version: 4.0.5 - missing functions: none
symbol engine: initialized successfully - sym options: 0x614 - pdb path: .;C:\Program Files\Microsoft\jdk-17.0.13.11-hotspot\bin;C:\Windows\SYSTEM32;C:\Windows\WinSxS\amd64_microsoft.windows.common-controls_6595b64144ccf1df_6.0.22621.5262_none_2712bde373830908;C:\Program Files\Microsoft\jdk-17.0.13.11-hotspot\bin\server;C:\Users\laxman\.gradle\native\1def1411415f61bf3af743bc5b6707747c0891f09f0c88961ee8f79bc544acac\windows-amd64;C:\Users\laxman\.gradle\native\0.2.7\x86_64-windows-gnu

VM Arguments:
jvm_args: --add-opens=java.base/java.lang=ALL-UNNAMED --add-opens=java.base/java.lang.invoke=ALL-UNNAMED --add-opens=java.base/java.util=ALL-UNNAMED --add-opens=java.prefs/java.util.prefs=ALL-UNNAMED --add-exports=jdk.compiler/com.sun.tools.javac.api=ALL-UNNAMED --add-exports=jdk.compiler/com.sun.tools.javac.util=ALL-UNNAMED --add-opens=java.base/java.util=ALL-UNNAMED --add-opens=java.prefs/java.util.prefs=ALL-UNNAMED --add-opens=java.base/java.nio.charset=ALL-UNNAMED --add-opens=java.base/java.net=ALL-UNNAMED --add-opens=java.base/java.util.concurrent.atomic=ALL-UNNAMED --add-opens=java.xml/javax.xml.namespace=ALL-UNNAMED -XX:MaxMetaspaceSize=1024m -Xmx4096m -Dfile.encoding=windows-1252 -Duser.country=IN -Duser.language=en -Duser.variant -javaagent:C:\Users\laxman\.gradle\wrapper\dists\gradle-8.13-bin\5xuhj0ry160q40clulazy9h7d\gradle-8.13\lib\agents\gradle-instrumentation-agent-8.13.jar 
java_command: org.gradle.launcher.daemon.bootstrap.GradleDaemon 8.13
java_class_path (initial): C:\Users\laxman\.gradle\wrapper\dists\gradle-8.13-bin\5xuhj0ry160q40clulazy9h7d\gradle-8.13\lib\gradle-daemon-main-8.13.jar
Launcher Type: SUN_STANDARD

[Global flags]
     intx CICompilerCount                          = 4                                         {product} {ergonomic}
   size_t CompressedClassSpaceSize                 = 872415232                                 {product} {ergonomic}
     uint ConcGCThreads                            = 3                                         {product} {ergonomic}
     uint G1ConcRefinementThreads                  = 10                                        {product} {ergonomic}
   size_t G1HeapRegionSize                         = 2097152                                   {product} {ergonomic}
    uintx GCDrainStackTargetSize                   = 64                                        {product} {ergonomic}
   size_t InitialHeapSize                          = 98566144                                  {product} {ergonomic}
   size_t MarkStackSize                            = 4194304                                   {product} {ergonomic}
   size_t MaxHeapSize                              = 4294967296                                {product} {command line}
   size_t MaxMetaspaceSize                         = 1073741824                                {product} {command line}
   size_t MaxNewSize                               = 2575302656                                {product} {ergonomic}
   size_t MinHeapDeltaBytes                        = 2097152                                   {product} {ergonomic}
   size_t MinHeapSize                              = 8388608                                   {product} {ergonomic}
    uintx NonNMethodCodeHeapSize                   = 5839372                                {pd product} {ergonomic}
    uintx NonProfiledCodeHeapSize                  = 122909434                              {pd product} {ergonomic}
    uintx ProfiledCodeHeapSize                     = 122909434                              {pd product} {ergonomic}
    uintx ReservedCodeCacheSize                    = 251658240                              {pd product} {ergonomic}
     bool SegmentedCodeCache                       = true                                      {product} {ergonomic}
   size_t SoftMaxHeapSize                          = 4294967296                             {manageable} {ergonomic}
     bool UseCompressedClassPointers               = true                           {product lp64_product} {ergonomic}
     bool UseCompressedOops                        = true                           {product lp64_product} {ergonomic}
     bool UseG1GC                                  = true                                      {product} {ergonomic}
     bool UseLargePagesIndividualAllocation        = false                                  {pd product} {ergonomic}

Logging:
Log output configuration:
 #0: stdout all=warning uptime,level,tags
 #1: stderr all=off uptime,level,tags

Environment Variables:
JAVA_HOME=C:\Program Files\Microsoft\jdk-17.0.13.11-hotspot
CLASSPATH=C:\InternshipTask\oxfan\android\\gradle\wrapper\gradle-wrapper.jar
PATH=C:\InternshipTask\oxfan\node_modules\.bin;C:\InternshipTask\node_modules\.bin;C:\node_modules\.bin;C:\Users\laxman\AppData\Roaming\npm\node_modules\npm\node_modules\@npmcli\run-script\lib\node-gyp-bin;C:\Users\laxman\bin;C:\Program Files\Git\mingw64\bin;C:\Program Files\Git\usr\local\bin;C:\Program Files\Git\usr\bin;C:\Program Files\Git\usr\bin;C:\Program Files\Git\mingw64\bin;C:\Program Files\Git\usr\bin;C:\Users\laxman\bin;C:\Windows\system32;C:\Windows;C:\Windows\System32\Wbem;C:\Windows\System32\WindowsPowerShell\v1.0;C:\Windows\System32\OpenSSH;C:\Program Files\Git\cmd;C:\ProgramData\chocolatey\bin;C:\Users\laxman\AppData\Local\Android\Sdk\platforms;C:\Users\laxman\AppData\Local\Android\Sdk;C:\Users\laxman\AppData\Local\Android\Sdk\platform-tools;C:\Users\laxman\AppData\Local\Android\Sdk\build-tools;C:\Users\laxman\AppData\Local\Android\Sdk\emulator;C:\Program Files\Microsoft\jdk-17.0.13.11-hotspot\bin;C:\Program Files\nodejs;C:\Users\laxman\AppData\Local\Android\Sdk\tools;C:\Users\laxman\AppData\Local\Microsoft\WindowsApps;C:\Users\laxman\AppData\Local\Programs\Microsoft VS Code\bin;C:\jdk-20\bin;C:\Users\laxman\AppData\Local\Android\Sdk;C:\Users\laxman\AppData\Local\Android\Sdk\platform-tools;C:\Users\laxman\AppData\Local\Android\Sdk\emulator;C:\Users\laxman\AppData\Local\Android\Sdk\build-tools;C:\Users\laxman\AppData\Local\Android\Sdk\platforms;C:\Program Files\Microsoft\jdk-17.0.13.11-hotspot\bin;C:\Users\laxman\AppData\Roaming\npm;C:\Users\laxman\AppData\Roaming\Code\User\globalStorage\github.copilot-chat\debugCommand;C:\Program Files\Git\usr\bin\vendor_perl;C:\Program Files\Git\usr\bin\core_perl
USERNAME=laxman
SHELL=C:\Program Files\Git\usr\bin\bash.exe
DISPLAY=needs-to-be-defined
LANG=en_US.UTF-8
TERM=xterm-256color
TMPDIR=C:\Users\laxman\AppData\Local\Temp
OS=Windows_NT
PROCESSOR_IDENTIFIER=AMD64 Family 23 Model 104 Stepping 1, AuthenticAMD
TMP=C:\Users\laxman\AppData\Local\Temp
TEMP=C:\Users\laxman\AppData\Local\Temp



Periodic native trim disabled


---------------  S Y S T E M  ---------------

OS:
 Windows 11 , 64 bit Build 22621 (10.0.22621.5262)
OS uptime: 0 days 12:21 hours

CPU: total 12 (initial active 12) (12 cores per cpu, 2 threads per core) family 23 model 104 stepping 1 microcode 0x0, cx8, cmov, fxsr, ht, mmx, 3dnowpref, sse, sse2, sse3, ssse3, sse4a, sse4.1, sse4.2, popcnt, lzcnt, tsc, tscinvbit, avx, avx2, aes, clmul, bmi1, bmi2, adx, sha, fma, vzeroupper, clflush, clflushopt
Processor Information for the first 12 processors :
  Max Mhz: 2100, Current Mhz: 2100, Mhz Limit: 2100

Memory: 4k page, system-wide physical 5989M (472M free)
TotalPageFile size 24421M (AvailPageFile size 346M)
current process WorkingSet (physical memory assigned to process): 1151M, peak: 1279M
current process commit charge ("private bytes"): 2115M, peak: 3184M

vm_info: OpenJDK 64-Bit Server VM (17.0.13+11-LTS) for windows-amd64 JRE (17.0.13+11-LTS), built on Oct 11 2024 23:25:05 by "MicrosoftCorporation" with unknown MS VC++:1939

END.
