#
# There is insufficient memory for the Java Runtime Environment to continue.
# Native memory allocation (mmap) failed to map 769654784 bytes. Error detail: G1 virtual space
# Possible reasons:
#   The system is out of physical RAM or swap space
#   This process is running with CompressedOops enabled, and the Java Heap may be blocking the growth of the native heap
# Possible solutions:
#   Reduce memory load on the system
#   Increase physical memory or swap space
#   Check if swap backing store is full
#   Decrease Java heap size (-Xmx/-Xms)
#   Decrease number of Java threads
#   Decrease Java thread stack sizes (-Xss)
#   Set larger code cache with -XX:ReservedCodeCacheSize=
#   JVM is running with Zero Based Compressed Oops mode in which the Java heap is
#     placed in the first 32GB address space. The Java Heap base address is the
#     maximum limit for the native heap growth. Please use -XX:HeapBaseMinAddress
#     to set the Java Heap base and to place the Java Heap above 32GB virtual address.
# This output file may be truncated or incomplete.
#
#  Out of Memory Error (os_windows.cpp:3679), pid=3664, tid=5500
#
# JRE version: OpenJDK Runtime Environment Microsoft-10376486 (17.0.13+11) (build 17.0.13+11-LTS)
# Java VM: OpenJDK 64-Bit Server VM Microsoft-10376486 (17.0.13+11-LTS, mixed mode, sharing, tiered, compressed oops, compressed class ptrs, g1 gc, windows-amd64)
# No core dump will be written. Minidumps are not enabled by default on client versions of Windows
#

---------------  S U M M A R Y ------------

Command Line: --add-opens=java.base/java.lang=ALL-UNNAMED --add-opens=java.base/java.lang.invoke=ALL-UNNAMED --add-opens=java.base/java.util=ALL-UNNAMED --add-opens=java.prefs/java.util.prefs=ALL-UNNAMED --add-exports=jdk.compiler/com.sun.tools.javac.api=ALL-UNNAMED --add-exports=jdk.compiler/com.sun.tools.javac.util=ALL-UNNAMED --add-opens=java.base/java.util=ALL-UNNAMED --add-opens=java.prefs/java.util.prefs=ALL-UNNAMED --add-opens=java.base/java.nio.charset=ALL-UNNAMED --add-opens=java.base/java.net=ALL-UNNAMED --add-opens=java.base/java.util.concurrent.atomic=ALL-UNNAMED --add-opens=java.xml/javax.xml.namespace=ALL-UNNAMED -XX:MaxMetaspaceSize=1024m -Xmx4096m -Dfile.encoding=windows-1252 -Duser.country=IN -Duser.language=en -Duser.variant -javaagent:C:\Users\laxman\.gradle\wrapper\dists\gradle-8.13-bin\5xuhj0ry160q40clulazy9h7d\gradle-8.13\lib\agents\gradle-instrumentation-agent-8.13.jar org.gradle.launcher.daemon.bootstrap.GradleDaemon 8.13

Host: AMD Ryzen 5 5500U with Radeon Graphics         , 12 cores, 5G,  Windows 11 , 64 bit Build 22621 (10.0.22621.5262)
Time: Thu Jun 19 15:45:54 2025 India Standard Time elapsed time: 97.481293 seconds (0d 0h 1m 37s)

---------------  T H R E A D  ---------------

Current thread (0x000002c97eb73630):  VMThread "VM Thread" [stack: 0x000000ed8ba00000,0x000000ed8bb00000] [id=5500]

Stack: [0x000000ed8ba00000,0x000000ed8bb00000]
Native frames: (J=compiled Java code, j=interpreted, Vv=VM code, C=native code)
V  [jvm.dll+0x687fc9]
V  [jvm.dll+0x83eeb8]
V  [jvm.dll+0x840963]
V  [jvm.dll+0x840fd3]
V  [jvm.dll+0x24951f]
V  [jvm.dll+0x684f89]
V  [jvm.dll+0x6794aa]
V  [jvm.dll+0x30ad27]
V  [jvm.dll+0x312296]
V  [jvm.dll+0x362bde]
V  [jvm.dll+0x362e1d]
V  [jvm.dll+0x2e1fbc]
V  [jvm.dll+0x2e0369]
V  [jvm.dll+0x2dfacc]
V  [jvm.dll+0x32267b]
V  [jvm.dll+0x84580d]
V  [jvm.dll+0x846543]
V  [jvm.dll+0x846a6f]
V  [jvm.dll+0x846e54]
V  [jvm.dll+0x846f1e]
V  [jvm.dll+0x7eea6c]
V  [jvm.dll+0x686ea7]
C  [ucrtbase.dll+0x29333]
C  [KERNEL32.DLL+0x1259d]
C  [ntdll.dll+0x5af58]

VM_Operation (0x000000ed995fc630): G1CollectForAllocation, mode: safepoint, requested by thread 0x000002c94794c5e0


---------------  P R O C E S S  ---------------

Threads class SMR info:
_java_thread_list=0x000002c94d90ab00, length=244, elements={
0x000002c95b7d7110, 0x000002c97eb78880, 0x000002c97eb79700, 0x000002c97eb92020,
0x000002c97eb92be0, 0x000002c97eb955b0, 0x000002c97eb95f70, 0x000002c97eb9a160,
0x000002c97eba4b80, 0x000002c97eba84b0, 0x000002c97edad1a0, 0x000002c97ee4a780,
0x000002c939d62720, 0x000002c939fa5aa0, 0x000002c93a0ac690, 0x000002c939faf3d0,
0x000002c93a0a7450, 0x000002c93a13d610, 0x000002c93a13a370, 0x000002c93a13c1d0,
0x000002c93a13bcc0, 0x000002c93a13cbf0, 0x000002c93a13a880, 0x000002c93a13c6e0,
0x000002c93a13db20, 0x000002c93a13b2a0, 0x000002c93a13d100, 0x000002c93a13b7b0,
0x000002c97eed5890, 0x000002c97eed71e0, 0x000002c97eed4960, 0x000002c97eed8b30,
0x000002c97eed3f40, 0x000002c97eed4e70, 0x000002c97eed7c00, 0x000002c97eed5380,
0x000002c97eed3a30, 0x000002c97eed62b0, 0x000002c97eed3010, 0x000002c97eed8110,
0x000002c97eed8620, 0x000002c97eed9550, 0x000002c97eed20e0, 0x000002c97eed25f0,
0x000002c97eed2b00, 0x000002c93c702560, 0x000002c93c707150, 0x000002c93c7039a0,
0x000002c93c703eb0, 0x000002c93c707660, 0x000002c93c702a70, 0x000002c93c702050,
0x000002c93c705800, 0x000002c93c7001f0, 0x000002c93c707b70, 0x000002c93c7043c0,
0x000002c93c706730, 0x000002c93c706c40, 0x000002c93c705d10, 0x000002c93c706220,
0x000002c93c7048d0, 0x000002c93c702f80, 0x000002c93c700700, 0x000002c93c700c10,
0x000002c93c701120, 0x000002c93c7052f0, 0x000002c93c703490, 0x000002c93c701630,
0x000002c93c701b40, 0x000002c93c704de0, 0x000002c93ca2bd20, 0x000002c93ca2adf0,
0x000002c93ca2a3d0, 0x000002c93ca2d670, 0x000002c93ca2eab0, 0x000002c93ca2e090,
0x000002c93ca2c740, 0x000002c93ca2fef0, 0x000002c93ca294a0, 0x000002c93ca2a8e0,
0x000002c93ca2cc50, 0x000002c93ca28a80, 0x000002c93ca2c230, 0x000002c93ca2db80,
0x000002c93ca2b300, 0x000002c93ca2d160, 0x000002c93ca2f4d0, 0x000002c93ca30400,
0x000002c93ca28f90, 0x000002c93ca2b810, 0x000002c93d92a020, 0x000002c93d92af50,
0x000002c93d92d7d0, 0x000002c93d92b970, 0x000002c93d92b460, 0x000002c93d92aa40,
0x000002c93d92a530, 0x000002c93d92be80, 0x000002c93d92c390, 0x000002c93d92c8a0,
0x000002c93d92cdb0, 0x000002c93d92d2c0, 0x000002c93d94ff40, 0x000002c93d94f520,
0x000002c93d94fa30, 0x000002c93d94eb00, 0x000002c93d950450, 0x000002c93d950960,
0x000002c93d950e70, 0x000002c93d951380, 0x000002c93d954620, 0x000002c93d951890,
0x000002c93d9527c0, 0x000002c93d9531e0, 0x000002c93d951da0, 0x000002c93d9522b0,
0x000002c93d952cd0, 0x000002c93d94f010, 0x000002c93d9536f0, 0x000002c93d953c00,
0x000002c93d954110, 0x000002c93d954b30, 0x000002c93d955040, 0x000002c93d955550,
0x000002c93d955a60, 0x000002c93d94e5f0, 0x000002c93d955f70, 0x000002c93e0137e0,
0x000002c93e0183d0, 0x000002c93e011e90, 0x000002c93e018df0, 0x000002c93e016f90,
0x000002c93e015b50, 0x000002c93e0123a0, 0x000002c93e016060, 0x000002c93e015640,
0x000002c93e014c20, 0x000002c93e016a80, 0x000002c93e013cf0, 0x000002c93e0128b0,
0x000002c93e014710, 0x000002c93e0174a0, 0x000002c93e0188e0, 0x000002c93e016570,
0x000002c93e0179b0, 0x000002c93e015130, 0x000002c93e017ec0, 0x000002c93e011980,
0x000002c93e014200, 0x000002c93e012dc0, 0x000002c93e019300, 0x000002c93e0132d0,
0x000002c93ddf16c0, 0x000002c93ddf0790, 0x000002c93ddecad0, 0x000002c93ddeda00,
0x000002c93ddec5c0, 0x000002c93ddee930, 0x000002c93ddf0ca0, 0x000002c93ddebba0,
0x000002c93ddf1bd0, 0x000002c93ddecfe0, 0x000002c93ddf0280, 0x000002c93dded4f0,
0x000002c93ddedf10, 0x000002c93ddee420, 0x000002c93ddeee40, 0x000002c93ddf20e0,
0x000002c93ddef350, 0x000002c93ddefd70, 0x000002c93ddef860, 0x000002c93ddf11b0,
0x000002c93ddeb180, 0x000002c93ddec0b0, 0x000002c93ac3b0f0, 0x000002c93ac39290,
0x000002c93ac3b600, 0x000002c93ac3a6d0, 0x000002c93ac3bb10, 0x000002c93ac3c020,
0x000002c93ac3abe0, 0x000002c93ac37e50, 0x000002c93ac38360, 0x000002c93ac397a0,
0x000002c93ac39cb0, 0x000002c93ac3c530, 0x000002c93ac3d970, 0x000002c93ac36500,
0x000002c93ac37940, 0x000002c97eed4450, 0x000002c97f1db740, 0x000002c97f1d7570,
0x000002c97f1dd5a0, 0x000002c97f1d9df0, 0x000002c947943310, 0x000002c947940580,
0x000002c947940a90, 0x000002c9479479f0, 0x000002c947946fd0, 0x000002c947943820,
0x000002c947945680, 0x000002c9479460a0, 0x000002c9479474e0, 0x000002c9479465b0,
0x000002c947946ac0, 0x000002c947940fa0, 0x000002c947948920, 0x000002c9479414b0,
0x000002c9479423e0, 0x000002c947948e30, 0x000002c94794c5e0, 0x000002c94794f880,
0x000002c94794a780, 0x000002c94794d510, 0x000002c947949850, 0x000002c94794fd90,
0x000002c947949d60, 0x000002c94794a270, 0x000002c94794ac90, 0x000002c94794b1a0,
0x000002c94794b6b0, 0x000002c94794bbc0, 0x000002c94794da20, 0x000002c94794c0d0,
0x000002c94ce2e1d0, 0x000002c94d371c20, 0x000002c948d5ce10, 0x000002c948075e60,
0x000002c9488ce820, 0x000002c94cd34280, 0x000002c94cd34790, 0x000002c948076370,
0x000002c94c4d4f20, 0x000002c947c619f0, 0x000002c94500b030, 0x000002c948d5c3f0,
0x000002c947c60ac0, 0x000002c947944240, 0x000002c953f48f90, 0x000002c93f01b4c0,
0x000002c947c600a0, 0x000002c948d5c900, 0x000002c94c4d4500, 0x000002c947944c60
}

Java Threads: ( => current thread )
  0x000002c95b7d7110 JavaThread "main" [_thread_blocked, id=1588, stack(0x000000ed8b400000,0x000000ed8b500000)]
  0x000002c97eb78880 JavaThread "Reference Handler" daemon [_thread_blocked, id=10028, stack(0x000000ed8bb00000,0x000000ed8bc00000)]
  0x000002c97eb79700 JavaThread "Finalizer" daemon [_thread_blocked, id=25276, stack(0x000000ed8bc00000,0x000000ed8bd00000)]
  0x000002c97eb92020 JavaThread "Signal Dispatcher" daemon [_thread_blocked, id=14404, stack(0x000000ed8bd00000,0x000000ed8be00000)]
  0x000002c97eb92be0 JavaThread "Attach Listener" daemon [_thread_blocked, id=1200, stack(0x000000ed8be00000,0x000000ed8bf00000)]
  0x000002c97eb955b0 JavaThread "Service Thread" daemon [_thread_blocked, id=26608, stack(0x000000ed8bf00000,0x000000ed8c000000)]
  0x000002c97eb95f70 JavaThread "Monitor Deflation Thread" daemon [_thread_blocked, id=7596, stack(0x000000ed8c000000,0x000000ed8c100000)]
  0x000002c97eb9a160 JavaThread "C2 CompilerThread0" daemon [_thread_in_native, id=11692, stack(0x000000ed8c100000,0x000000ed8c200000)]
  0x000002c97eba4b80 JavaThread "C1 CompilerThread0" daemon [_thread_blocked, id=15980, stack(0x000000ed8c200000,0x000000ed8c300000)]
  0x000002c97eba84b0 JavaThread "Sweeper thread" daemon [_thread_blocked, id=9696, stack(0x000000ed8c300000,0x000000ed8c400000)]
  0x000002c97edad1a0 JavaThread "Common-Cleaner" daemon [_thread_blocked, id=18968, stack(0x000000ed8c400000,0x000000ed8c500000)]
  0x000002c97ee4a780 JavaThread "Notification Thread" daemon [_thread_blocked, id=23404, stack(0x000000ed8c500000,0x000000ed8c600000)]
  0x000002c939d62720 JavaThread "Daemon health stats" [_thread_blocked, id=19764, stack(0x000000ed8cc00000,0x000000ed8cd00000)]
  0x000002c939fa5aa0 JavaThread "Incoming local TCP Connector on port 62857" [_thread_in_native, id=20164, stack(0x000000ed8cd00000,0x000000ed8ce00000)]
  0x000002c93a0ac690 JavaThread "Daemon periodic checks" [_thread_blocked, id=11644, stack(0x000000ed8ce00000,0x000000ed8cf00000)]
  0x000002c939faf3d0 JavaThread "Daemon" [_thread_blocked, id=19620, stack(0x000000ed8cf00000,0x000000ed8d000000)]
  0x000002c93a0a7450 JavaThread "Handler for socket connection from /127.0.0.1:62857 to /127.0.0.1:62858" [_thread_in_native, id=20068, stack(0x000000ed8d000000,0x000000ed8d100000)]
  0x000002c93a13d610 JavaThread "Cancel handler" [_thread_blocked, id=15556, stack(0x000000ed8d100000,0x000000ed8d200000)]
  0x000002c93a13a370 JavaThread "Daemon worker" [_thread_blocked, id=2940, stack(0x000000ed8d200000,0x000000ed8d300000)]
  0x000002c93a13c1d0 JavaThread "Asynchronous log dispatcher for DefaultDaemonConnection: socket connection from /127.0.0.1:62857 to /127.0.0.1:62858" [_thread_blocked, id=23504, stack(0x000000ed8d300000,0x000000ed8d400000)]
  0x000002c93a13bcc0 JavaThread "Stdin handler" [_thread_blocked, id=24332, stack(0x000000ed8d400000,0x000000ed8d500000)]
  0x000002c93a13cbf0 JavaThread "Daemon client event forwarder" [_thread_blocked, id=5784, stack(0x000000ed8d500000,0x000000ed8d600000)]
  0x000002c93a13a880 JavaThread "Cache worker for journal cache (C:\Users\laxman\.gradle\caches\journal-1)" [_thread_blocked, id=25908, stack(0x000000ed8db00000,0x000000ed8dc00000)]
  0x000002c93a13c6e0 JavaThread "File lock request listener" [_thread_in_native, id=15388, stack(0x000000ed8dc00000,0x000000ed8dd00000)]
  0x000002c93a13db20 JavaThread "Cache worker for file hash cache (C:\Users\laxman\.gradle\caches\8.13\fileHashes)" [_thread_blocked, id=5372, stack(0x000000ed8dd00000,0x000000ed8de00000)]
  0x000002c93a13b2a0 JavaThread "Cache worker for file hash cache (C:\InternshipTask\oxfan\android\.gradle\8.13\fileHashes)" [_thread_blocked, id=24320, stack(0x000000ed8de00000,0x000000ed8df00000)]
  0x000002c93a13d100 JavaThread "Cache worker for Build Output Cleanup Cache (C:\InternshipTask\oxfan\android\.gradle\buildOutputCleanup)" [_thread_blocked, id=9368, stack(0x000000ed8df00000,0x000000ed8e000000)]
  0x000002c93a13b7b0 JavaThread "File watcher server" daemon [_thread_blocked, id=12208, stack(0x000000ed8e200000,0x000000ed8e300000)]
  0x000002c97eed5890 JavaThread "File watcher consumer" daemon [_thread_blocked, id=3992, stack(0x000000ed8e300000,0x000000ed8e400000)]
  0x000002c97eed71e0 JavaThread "jar transforms" [_thread_blocked, id=1900, stack(0x000000ed8e500000,0x000000ed8e600000)]
  0x000002c97eed4960 JavaThread "Cache worker for checksums cache (C:\InternshipTask\oxfan\android\.gradle\8.13\checksums)" [_thread_blocked, id=25828, stack(0x000000ed8e600000,0x000000ed8e700000)]
  0x000002c97eed8b30 JavaThread "Cache worker for file content cache (C:\Users\laxman\.gradle\caches\8.13\fileContent)" [_thread_blocked, id=17380, stack(0x000000ed8e700000,0x000000ed8e800000)]
  0x000002c97eed3f40 JavaThread "Cache worker for cache directory md-supplier (C:\Users\laxman\.gradle\caches\8.13\md-supplier)" [_thread_blocked, id=25608, stack(0x000000ed8e800000,0x000000ed8e900000)]
  0x000002c97eed4e70 JavaThread "Cache worker for cache directory md-rule (C:\Users\laxman\.gradle\caches\8.13\md-rule)" [_thread_blocked, id=22784, stack(0x000000ed8e900000,0x000000ed8ea00000)]
  0x000002c97eed7c00 JavaThread "Cache worker for Build Output Cleanup Cache (C:\InternshipTask\oxfan\node_modules\@react-native\gradle-plugin\.gradle\buildOutputCleanup)" [_thread_blocked, id=12224, stack(0x000000ed8ea00000,0x000000ed8eb00000)]
  0x000002c97eed5380 JavaThread "Unconstrained build operations" [_thread_blocked, id=17560, stack(0x000000ed8eb00000,0x000000ed8ec00000)]
  0x000002c97eed3a30 JavaThread "Unconstrained build operations Thread 2" [_thread_blocked, id=26484, stack(0x000000ed8ec00000,0x000000ed8ed00000)]
  0x000002c97eed62b0 JavaThread "Unconstrained build operations Thread 3" [_thread_blocked, id=21768, stack(0x000000ed8ed00000,0x000000ed8ee00000)]
  0x000002c97eed3010 JavaThread "Unconstrained build operations Thread 4" [_thread_blocked, id=1812, stack(0x000000ed8ee00000,0x000000ed8ef00000)]
  0x000002c97eed8110 JavaThread "Unconstrained build operations Thread 5" [_thread_blocked, id=13584, stack(0x000000ed8ef00000,0x000000ed8f000000)]
  0x000002c97eed8620 JavaThread "Unconstrained build operations Thread 6" [_thread_blocked, id=20788, stack(0x000000ed8f000000,0x000000ed8f100000)]
  0x000002c97eed9550 JavaThread "Unconstrained build operations Thread 7" [_thread_blocked, id=14468, stack(0x000000ed8e400000,0x000000ed8e500000)]
  0x000002c97eed20e0 JavaThread "Unconstrained build operations Thread 8" [_thread_blocked, id=8036, stack(0x000000ed8f100000,0x000000ed8f200000)]
  0x000002c97eed25f0 JavaThread "Unconstrained build operations Thread 9" [_thread_blocked, id=5752, stack(0x000000ed8f200000,0x000000ed8f300000)]
  0x000002c97eed2b00 JavaThread "Unconstrained build operations Thread 10" [_thread_blocked, id=11960, stack(0x000000ed8f300000,0x000000ed8f400000)]
  0x000002c93c702560 JavaThread "Unconstrained build operations Thread 11" [_thread_blocked, id=23908, stack(0x000000ed8f400000,0x000000ed8f500000)]
  0x000002c93c707150 JavaThread "Unconstrained build operations Thread 12" [_thread_blocked, id=12808, stack(0x000000ed8f500000,0x000000ed8f600000)]
  0x000002c93c7039a0 JavaThread "Unconstrained build operations Thread 13" [_thread_blocked, id=24292, stack(0x000000ed8f600000,0x000000ed8f700000)]
  0x000002c93c703eb0 JavaThread "Unconstrained build operations Thread 14" [_thread_blocked, id=13860, stack(0x000000ed8f700000,0x000000ed8f800000)]
  0x000002c93c707660 JavaThread "Unconstrained build operations Thread 15" [_thread_blocked, id=25644, stack(0x000000ed8f800000,0x000000ed8f900000)]
  0x000002c93c702a70 JavaThread "Unconstrained build operations Thread 16" [_thread_blocked, id=23596, stack(0x000000ed8f900000,0x000000ed8fa00000)]
  0x000002c93c702050 JavaThread "Unconstrained build operations Thread 17" [_thread_blocked, id=23712, stack(0x000000ed8fa00000,0x000000ed8fb00000)]
  0x000002c93c705800 JavaThread "Unconstrained build operations Thread 18" [_thread_blocked, id=25948, stack(0x000000ed8fb00000,0x000000ed8fc00000)]
  0x000002c93c7001f0 JavaThread "Unconstrained build operations Thread 19" [_thread_blocked, id=6332, stack(0x000000ed8fc00000,0x000000ed8fd00000)]
  0x000002c93c707b70 JavaThread "Unconstrained build operations Thread 20" [_thread_blocked, id=6740, stack(0x000000ed8fd00000,0x000000ed8fe00000)]
  0x000002c93c7043c0 JavaThread "Unconstrained build operations Thread 21" [_thread_blocked, id=25160, stack(0x000000ed8fe00000,0x000000ed8ff00000)]
  0x000002c93c706730 JavaThread "Unconstrained build operations Thread 22" [_thread_blocked, id=18396, stack(0x000000ed8ff00000,0x000000ed90000000)]
  0x000002c93c706c40 JavaThread "Unconstrained build operations Thread 23" [_thread_blocked, id=19424, stack(0x000000ed90000000,0x000000ed90100000)]
  0x000002c93c705d10 JavaThread "Unconstrained build operations Thread 24" [_thread_blocked, id=25184, stack(0x000000ed90100000,0x000000ed90200000)]
  0x000002c93c706220 JavaThread "Unconstrained build operations Thread 25" [_thread_blocked, id=23972, stack(0x000000ed90200000,0x000000ed90300000)]
  0x000002c93c7048d0 JavaThread "Unconstrained build operations Thread 26" [_thread_blocked, id=25072, stack(0x000000ed90300000,0x000000ed90400000)]
  0x000002c93c702f80 JavaThread "Unconstrained build operations Thread 27" [_thread_blocked, id=18588, stack(0x000000ed90400000,0x000000ed90500000)]
  0x000002c93c700700 JavaThread "Unconstrained build operations Thread 28" [_thread_blocked, id=26048, stack(0x000000ed90500000,0x000000ed90600000)]
  0x000002c93c700c10 JavaThread "Unconstrained build operations Thread 29" [_thread_blocked, id=10448, stack(0x000000ed90600000,0x000000ed90700000)]
  0x000002c93c701120 JavaThread "Unconstrained build operations Thread 30" [_thread_blocked, id=23344, stack(0x000000ed90700000,0x000000ed90800000)]
  0x000002c93c7052f0 JavaThread "Unconstrained build operations Thread 31" [_thread_blocked, id=13484, stack(0x000000ed90800000,0x000000ed90900000)]
  0x000002c93c703490 JavaThread "Unconstrained build operations Thread 32" [_thread_blocked, id=5200, stack(0x000000ed90900000,0x000000ed90a00000)]
  0x000002c93c701630 JavaThread "Unconstrained build operations Thread 33" [_thread_blocked, id=10344, stack(0x000000ed90a00000,0x000000ed90b00000)]
  0x000002c93c701b40 JavaThread "Unconstrained build operations Thread 34" [_thread_blocked, id=22964, stack(0x000000ed90b00000,0x000000ed90c00000)]
  0x000002c93c704de0 JavaThread "Unconstrained build operations Thread 35" [_thread_blocked, id=21780, stack(0x000000ed90c00000,0x000000ed90d00000)]
  0x000002c93ca2bd20 JavaThread "Unconstrained build operations Thread 36" [_thread_blocked, id=25380, stack(0x000000ed90d00000,0x000000ed90e00000)]
  0x000002c93ca2adf0 JavaThread "Unconstrained build operations Thread 37" [_thread_blocked, id=24584, stack(0x000000ed90e00000,0x000000ed90f00000)]
  0x000002c93ca2a3d0 JavaThread "Unconstrained build operations Thread 38" [_thread_blocked, id=24696, stack(0x000000ed90f00000,0x000000ed91000000)]
  0x000002c93ca2d670 JavaThread "Unconstrained build operations Thread 39" [_thread_blocked, id=10272, stack(0x000000ed91000000,0x000000ed91100000)]
  0x000002c93ca2eab0 JavaThread "build event listener" [_thread_blocked, id=2752, stack(0x000000ed8c700000,0x000000ed8c800000)]
  0x000002c93ca2e090 JavaThread "Memory manager" [_thread_blocked, id=25956, stack(0x000000ed91100000,0x000000ed91200000)]
  0x000002c93ca2c740 JavaThread "ForkJoinPool.commonPool-worker-1" daemon [_thread_blocked, id=25784, stack(0x000000ed91300000,0x000000ed91400000)]
  0x000002c93ca2fef0 JavaThread "ForkJoinPool.commonPool-worker-2" daemon [_thread_blocked, id=9056, stack(0x000000ed91400000,0x000000ed91500000)]
  0x000002c93ca294a0 JavaThread "ForkJoinPool.commonPool-worker-3" daemon [_thread_blocked, id=16644, stack(0x000000ed91500000,0x000000ed91600000)]
  0x000002c93ca2a8e0 JavaThread "ForkJoinPool.commonPool-worker-4" daemon [_thread_blocked, id=14236, stack(0x000000ed91600000,0x000000ed91700000)]
  0x000002c93ca2cc50 JavaThread "ForkJoinPool.commonPool-worker-5" daemon [_thread_blocked, id=25180, stack(0x000000ed91700000,0x000000ed91800000)]
  0x000002c93ca28a80 JavaThread "ForkJoinPool.commonPool-worker-6" daemon [_thread_blocked, id=4276, stack(0x000000ed91800000,0x000000ed91900000)]
  0x000002c93ca2c230 JavaThread "ForkJoinPool.commonPool-worker-7" daemon [_thread_blocked, id=9972, stack(0x000000ed91900000,0x000000ed91a00000)]
  0x000002c93ca2db80 JavaThread "ForkJoinPool.commonPool-worker-8" daemon [_thread_blocked, id=18608, stack(0x000000ed91a00000,0x000000ed91b00000)]
  0x000002c93ca2b300 JavaThread "ForkJoinPool.commonPool-worker-9" daemon [_thread_blocked, id=23648, stack(0x000000ed91b00000,0x000000ed91c00000)]
  0x000002c93ca2d160 JavaThread "ForkJoinPool.commonPool-worker-10" daemon [_thread_blocked, id=25672, stack(0x000000ed91c00000,0x000000ed91d00000)]
  0x000002c93ca2f4d0 JavaThread "ForkJoinPool.commonPool-worker-11" daemon [_thread_blocked, id=24980, stack(0x000000ed91e00000,0x000000ed91f00000)]
  0x000002c93ca30400 JavaThread "included builds" [_thread_blocked, id=2920, stack(0x000000ed92100000,0x000000ed92200000)]
  0x000002c93ca28f90 JavaThread "Execution worker" [_thread_blocked, id=4848, stack(0x000000ed92200000,0x000000ed92300000)]
  0x000002c93ca2b810 JavaThread "Execution worker Thread 2" [_thread_blocked, id=3468, stack(0x000000ed92300000,0x000000ed92400000)]
  0x000002c93d92a020 JavaThread "Execution worker Thread 3" [_thread_blocked, id=24596, stack(0x000000ed92400000,0x000000ed92500000)]
  0x000002c93d92af50 JavaThread "Execution worker Thread 4" [_thread_blocked, id=4608, stack(0x000000ed92500000,0x000000ed92600000)]
  0x000002c93d92d7d0 JavaThread "Execution worker Thread 5" [_thread_blocked, id=26552, stack(0x000000ed92600000,0x000000ed92700000)]
  0x000002c93d92b970 JavaThread "Execution worker Thread 6" [_thread_blocked, id=11420, stack(0x000000ed92700000,0x000000ed92800000)]
  0x000002c93d92b460 JavaThread "Execution worker Thread 7" [_thread_blocked, id=14624, stack(0x000000ed92800000,0x000000ed92900000)]
  0x000002c93d92aa40 JavaThread "Execution worker Thread 8" [_thread_blocked, id=17644, stack(0x000000ed92900000,0x000000ed92a00000)]
  0x000002c93d92a530 JavaThread "Execution worker Thread 9" [_thread_blocked, id=12280, stack(0x000000ed92a00000,0x000000ed92b00000)]
  0x000002c93d92be80 JavaThread "Execution worker Thread 10" [_thread_blocked, id=25572, stack(0x000000ed92b00000,0x000000ed92c00000)]
  0x000002c93d92c390 JavaThread "Execution worker Thread 11" [_thread_blocked, id=10348, stack(0x000000ed92c00000,0x000000ed92d00000)]
  0x000002c93d92c8a0 JavaThread "Cache worker for execution history cache (C:\InternshipTask\oxfan\node_modules\@react-native\gradle-plugin\.gradle\8.13\executionHistory)" [_thread_blocked, id=12112, stack(0x000000ed92d00000,0x000000ed92e00000)]
  0x000002c93d92cdb0 JavaThread "Unconstrained build operations Thread 40" [_thread_blocked, id=6296, stack(0x000000ed92e00000,0x000000ed92f00000)]
  0x000002c93d92d2c0 JavaThread "Unconstrained build operations Thread 41" [_thread_blocked, id=10816, stack(0x000000ed92f00000,0x000000ed93000000)]
  0x000002c93d94ff40 JavaThread "Unconstrained build operations Thread 42" [_thread_blocked, id=17976, stack(0x000000ed93000000,0x000000ed93100000)]
  0x000002c93d94f520 JavaThread "Unconstrained build operations Thread 43" [_thread_blocked, id=3564, stack(0x000000ed93100000,0x000000ed93200000)]
  0x000002c93d94fa30 JavaThread "Unconstrained build operations Thread 44" [_thread_blocked, id=11344, stack(0x000000ed93200000,0x000000ed93300000)]
  0x000002c93d94eb00 JavaThread "Unconstrained build operations Thread 45" [_thread_blocked, id=26044, stack(0x000000ed93300000,0x000000ed93400000)]
  0x000002c93d950450 JavaThread "Unconstrained build operations Thread 46" [_thread_blocked, id=13412, stack(0x000000ed93400000,0x000000ed93500000)]
  0x000002c93d950960 JavaThread "Unconstrained build operations Thread 47" [_thread_blocked, id=25052, stack(0x000000ed93500000,0x000000ed93600000)]
  0x000002c93d950e70 JavaThread "Unconstrained build operations Thread 48" [_thread_blocked, id=360, stack(0x000000ed93600000,0x000000ed93700000)]
  0x000002c93d951380 JavaThread "Unconstrained build operations Thread 49" [_thread_blocked, id=14480, stack(0x000000ed93700000,0x000000ed93800000)]
  0x000002c93d954620 JavaThread "Unconstrained build operations Thread 50" [_thread_blocked, id=16172, stack(0x000000ed93800000,0x000000ed93900000)]
  0x000002c93d951890 JavaThread "Unconstrained build operations Thread 51" [_thread_blocked, id=4116, stack(0x000000ed93900000,0x000000ed93a00000)]
  0x000002c93d9527c0 JavaThread "Unconstrained build operations Thread 52" [_thread_blocked, id=11868, stack(0x000000ed93a00000,0x000000ed93b00000)]
  0x000002c93d9531e0 JavaThread "Unconstrained build operations Thread 53" [_thread_blocked, id=24444, stack(0x000000ed93b00000,0x000000ed93c00000)]
  0x000002c93d951da0 JavaThread "Unconstrained build operations Thread 54" [_thread_blocked, id=11532, stack(0x000000ed93c00000,0x000000ed93d00000)]
  0x000002c93d9522b0 JavaThread "Unconstrained build operations Thread 55" [_thread_blocked, id=21348, stack(0x000000ed93d00000,0x000000ed93e00000)]
  0x000002c93d952cd0 JavaThread "Unconstrained build operations Thread 56" [_thread_blocked, id=26380, stack(0x000000ed93e00000,0x000000ed93f00000)]
  0x000002c93d94f010 JavaThread "Unconstrained build operations Thread 57" [_thread_blocked, id=17556, stack(0x000000ed93f00000,0x000000ed94000000)]
  0x000002c93d9536f0 JavaThread "Unconstrained build operations Thread 58" [_thread_blocked, id=25832, stack(0x000000ed94000000,0x000000ed94100000)]
  0x000002c93d953c00 JavaThread "Unconstrained build operations Thread 59" [_thread_blocked, id=18572, stack(0x000000ed94100000,0x000000ed94200000)]
  0x000002c93d954110 JavaThread "Unconstrained build operations Thread 60" [_thread_blocked, id=12228, stack(0x000000ed94200000,0x000000ed94300000)]
  0x000002c93d954b30 JavaThread "Unconstrained build operations Thread 61" [_thread_blocked, id=23760, stack(0x000000ed94300000,0x000000ed94400000)]
  0x000002c93d955040 JavaThread "Unconstrained build operations Thread 62" [_thread_blocked, id=12196, stack(0x000000ed94400000,0x000000ed94500000)]
  0x000002c93d955550 JavaThread "Unconstrained build operations Thread 63" [_thread_blocked, id=22020, stack(0x000000ed94500000,0x000000ed94600000)]
  0x000002c93d955a60 JavaThread "Unconstrained build operations Thread 64" [_thread_blocked, id=24636, stack(0x000000ed94600000,0x000000ed94700000)]
  0x000002c93d94e5f0 JavaThread "Unconstrained build operations Thread 65" [_thread_blocked, id=25432, stack(0x000000ed94700000,0x000000ed94800000)]
  0x000002c93d955f70 JavaThread "Unconstrained build operations Thread 66" [_thread_blocked, id=4932, stack(0x000000ed94800000,0x000000ed94900000)]
  0x000002c93e0137e0 JavaThread "Unconstrained build operations Thread 67" [_thread_blocked, id=16424, stack(0x000000ed94900000,0x000000ed94a00000)]
  0x000002c93e0183d0 JavaThread "Unconstrained build operations Thread 68" [_thread_blocked, id=11568, stack(0x000000ed94a00000,0x000000ed94b00000)]
  0x000002c93e011e90 JavaThread "Unconstrained build operations Thread 69" [_thread_blocked, id=20696, stack(0x000000ed94b00000,0x000000ed94c00000)]
  0x000002c93e018df0 JavaThread "Unconstrained build operations Thread 70" [_thread_blocked, id=18324, stack(0x000000ed94c00000,0x000000ed94d00000)]
  0x000002c93e016f90 JavaThread "Unconstrained build operations Thread 71" [_thread_blocked, id=22576, stack(0x000000ed94d00000,0x000000ed94e00000)]
  0x000002c93e015b50 JavaThread "Unconstrained build operations Thread 72" [_thread_blocked, id=13788, stack(0x000000ed94e00000,0x000000ed94f00000)]
  0x000002c93e0123a0 JavaThread "Unconstrained build operations Thread 73" [_thread_blocked, id=16636, stack(0x000000ed94f00000,0x000000ed95000000)]
  0x000002c93e016060 JavaThread "Unconstrained build operations Thread 74" [_thread_blocked, id=18808, stack(0x000000ed95000000,0x000000ed95100000)]
  0x000002c93e015640 JavaThread "Unconstrained build operations Thread 75" [_thread_blocked, id=21116, stack(0x000000ed95100000,0x000000ed95200000)]
  0x000002c93e014c20 JavaThread "Unconstrained build operations Thread 76" [_thread_blocked, id=14228, stack(0x000000ed95200000,0x000000ed95300000)]
  0x000002c93e016a80 JavaThread "Unconstrained build operations Thread 77" [_thread_blocked, id=24568, stack(0x000000ed95300000,0x000000ed95400000)]
  0x000002c93e013cf0 JavaThread "Unconstrained build operations Thread 78" [_thread_blocked, id=16260, stack(0x000000ed95400000,0x000000ed95500000)]
  0x000002c93e0128b0 JavaThread "Unconstrained build operations Thread 79" [_thread_blocked, id=18132, stack(0x000000ed95500000,0x000000ed95600000)]
  0x000002c93e014710 JavaThread "Unconstrained build operations Thread 80" [_thread_blocked, id=13180, stack(0x000000ed95600000,0x000000ed95700000)]
  0x000002c93e0174a0 JavaThread "Unconstrained build operations Thread 81" [_thread_blocked, id=8728, stack(0x000000ed95700000,0x000000ed95800000)]
  0x000002c93e0188e0 JavaThread "Unconstrained build operations Thread 82" [_thread_blocked, id=9700, stack(0x000000ed95800000,0x000000ed95900000)]
  0x000002c93e016570 JavaThread "Unconstrained build operations Thread 83" [_thread_blocked, id=23044, stack(0x000000ed95900000,0x000000ed95a00000)]
  0x000002c93e0179b0 JavaThread "Unconstrained build operations Thread 84" [_thread_blocked, id=11728, stack(0x000000ed95a00000,0x000000ed95b00000)]
  0x000002c93e015130 JavaThread "Unconstrained build operations Thread 85" [_thread_blocked, id=8612, stack(0x000000ed95b00000,0x000000ed95c00000)]
  0x000002c93e017ec0 JavaThread "Unconstrained build operations Thread 86" [_thread_blocked, id=11472, stack(0x000000ed95c00000,0x000000ed95d00000)]
  0x000002c93e011980 JavaThread "Unconstrained build operations Thread 87" [_thread_blocked, id=23608, stack(0x000000ed95d00000,0x000000ed95e00000)]
  0x000002c93e014200 JavaThread "Unconstrained build operations Thread 88" [_thread_blocked, id=3328, stack(0x000000ed95e00000,0x000000ed95f00000)]
  0x000002c93e012dc0 JavaThread "Unconstrained build operations Thread 89" [_thread_blocked, id=23792, stack(0x000000ed95f00000,0x000000ed96000000)]
  0x000002c93e019300 JavaThread "Unconstrained build operations Thread 90" [_thread_blocked, id=14324, stack(0x000000ed96000000,0x000000ed96100000)]
  0x000002c93e0132d0 JavaThread "Unconstrained build operations Thread 91" [_thread_blocked, id=16112, stack(0x000000ed96100000,0x000000ed96200000)]
  0x000002c93ddf16c0 JavaThread "Unconstrained build operations Thread 92" [_thread_blocked, id=14732, stack(0x000000ed96200000,0x000000ed96300000)]
  0x000002c93ddf0790 JavaThread "Unconstrained build operations Thread 93" [_thread_blocked, id=1712, stack(0x000000ed96300000,0x000000ed96400000)]
  0x000002c93ddecad0 JavaThread "Unconstrained build operations Thread 94" [_thread_blocked, id=24388, stack(0x000000ed96400000,0x000000ed96500000)]
  0x000002c93ddeda00 JavaThread "Unconstrained build operations Thread 95" [_thread_blocked, id=6996, stack(0x000000ed96500000,0x000000ed96600000)]
  0x000002c93ddec5c0 JavaThread "Unconstrained build operations Thread 96" [_thread_blocked, id=17512, stack(0x000000ed96600000,0x000000ed96700000)]
  0x000002c93ddee930 JavaThread "Unconstrained build operations Thread 97" [_thread_blocked, id=23696, stack(0x000000ed96700000,0x000000ed96800000)]
  0x000002c93ddf0ca0 JavaThread "Unconstrained build operations Thread 98" [_thread_blocked, id=25864, stack(0x000000ed96800000,0x000000ed96900000)]
  0x000002c93ddebba0 JavaThread "Unconstrained build operations Thread 99" [_thread_blocked, id=3796, stack(0x000000ed96900000,0x000000ed96a00000)]
  0x000002c93ddf1bd0 JavaThread "Unconstrained build operations Thread 100" [_thread_blocked, id=18052, stack(0x000000ed96a00000,0x000000ed96b00000)]
  0x000002c93ddecfe0 JavaThread "Unconstrained build operations Thread 101" [_thread_blocked, id=21276, stack(0x000000ed96b00000,0x000000ed96c00000)]
  0x000002c93ddf0280 JavaThread "Unconstrained build operations Thread 102" [_thread_blocked, id=20076, stack(0x000000ed96c00000,0x000000ed96d00000)]
  0x000002c93dded4f0 JavaThread "Unconstrained build operations Thread 103" [_thread_blocked, id=12520, stack(0x000000ed96d00000,0x000000ed96e00000)]
  0x000002c93ddedf10 JavaThread "Unconstrained build operations Thread 104" [_thread_blocked, id=14780, stack(0x000000ed96e00000,0x000000ed96f00000)]
  0x000002c93ddee420 JavaThread "Unconstrained build operations Thread 105" [_thread_blocked, id=23876, stack(0x000000ed96f00000,0x000000ed97000000)]
  0x000002c93ddeee40 JavaThread "Unconstrained build operations Thread 106" [_thread_blocked, id=3788, stack(0x000000ed97000000,0x000000ed97100000)]
  0x000002c93ddf20e0 JavaThread "Unconstrained build operations Thread 107" [_thread_blocked, id=1780, stack(0x000000ed97100000,0x000000ed97200000)]
  0x000002c93ddef350 JavaThread "Unconstrained build operations Thread 108" [_thread_blocked, id=13220, stack(0x000000ed97200000,0x000000ed97300000)]
  0x000002c93ddefd70 JavaThread "Unconstrained build operations Thread 109" [_thread_blocked, id=13344, stack(0x000000ed97300000,0x000000ed97400000)]
  0x000002c93ddef860 JavaThread "Unconstrained build operations Thread 110" [_thread_blocked, id=17608, stack(0x000000ed97400000,0x000000ed97500000)]
  0x000002c93ddf11b0 JavaThread "jar transforms Thread 2" [_thread_blocked, id=23624, stack(0x000000ed97500000,0x000000ed97600000)]
  0x000002c93ddeb180 JavaThread "jar transforms Thread 3" [_thread_blocked, id=20020, stack(0x000000ed97600000,0x000000ed97700000)]
  0x000002c93ddec0b0 JavaThread "Unconstrained build operations Thread 111" [_thread_blocked, id=332, stack(0x000000ed97700000,0x000000ed97800000)]
  0x000002c93ac3b0f0 JavaThread "Unconstrained build operations Thread 112" [_thread_blocked, id=25728, stack(0x000000ed97800000,0x000000ed97900000)]
  0x000002c93ac39290 JavaThread "Unconstrained build operations Thread 113" [_thread_blocked, id=4712, stack(0x000000ed97900000,0x000000ed97a00000)]
  0x000002c93ac3b600 JavaThread "Unconstrained build operations Thread 114" [_thread_blocked, id=15992, stack(0x000000ed97a00000,0x000000ed97b00000)]
  0x000002c93ac3a6d0 JavaThread "Unconstrained build operations Thread 115" [_thread_blocked, id=12004, stack(0x000000ed97b00000,0x000000ed97c00000)]
  0x000002c93ac3bb10 JavaThread "Unconstrained build operations Thread 116" [_thread_blocked, id=340, stack(0x000000ed97c00000,0x000000ed97d00000)]
  0x000002c93ac3c020 JavaThread "Unconstrained build operations Thread 117" [_thread_blocked, id=24588, stack(0x000000ed97d00000,0x000000ed97e00000)]
  0x000002c93ac3abe0 JavaThread "Unconstrained build operations Thread 118" [_thread_blocked, id=16808, stack(0x000000ed97e00000,0x000000ed97f00000)]
  0x000002c93ac37e50 JavaThread "Unconstrained build operations Thread 119" [_thread_blocked, id=26264, stack(0x000000ed97f00000,0x000000ed98000000)]
  0x000002c93ac38360 JavaThread "Unconstrained build operations Thread 120" [_thread_blocked, id=26332, stack(0x000000ed98000000,0x000000ed98100000)]
  0x000002c93ac397a0 JavaThread "jar transforms Thread 4" [_thread_blocked, id=13200, stack(0x000000ed98100000,0x000000ed98200000)]
  0x000002c93ac39cb0 JavaThread "jar transforms Thread 5" [_thread_blocked, id=4616, stack(0x000000ed91200000,0x000000ed91300000)]
  0x000002c93ac3c530 JavaThread "jar transforms Thread 6" [_thread_blocked, id=20500, stack(0x000000ed98200000,0x000000ed98300000)]
  0x000002c93ac3d970 JavaThread "Problems report writer" [_thread_blocked, id=19072, stack(0x000000ed98300000,0x000000ed98400000)]
  0x000002c93ac36500 JavaThread "build event listener" [_thread_blocked, id=21496, stack(0x000000ed98400000,0x000000ed98500000)]
  0x000002c93ac37940 JavaThread "jar transforms Thread 7" [_thread_blocked, id=12872, stack(0x000000ed98500000,0x000000ed98600000)]
  0x000002c97eed4450 JavaThread "jar transforms Thread 8" [_thread_blocked, id=24344, stack(0x000000ed98600000,0x000000ed98700000)]
  0x000002c97f1db740 JavaThread "jar transforms Thread 9" [_thread_blocked, id=11788, stack(0x000000ed98900000,0x000000ed98a00000)]
  0x000002c97f1d7570 JavaThread "jar transforms Thread 10" [_thread_blocked, id=2964, stack(0x000000ed98a00000,0x000000ed98b00000)]
  0x000002c97f1dd5a0 JavaThread "jar transforms Thread 11" [_thread_blocked, id=21828, stack(0x000000ed98b00000,0x000000ed98c00000)]
  0x000002c97f1d9df0 JavaThread "jar transforms Thread 12" [_thread_blocked, id=13984, stack(0x000000ed98c00000,0x000000ed98d00000)]
  0x000002c947943310 JavaThread "pool-3-thread-1" [_thread_blocked, id=26424, stack(0x000000ed99200000,0x000000ed99300000)]
  0x000002c947940580 JavaThread "build event listener" [_thread_blocked, id=16084, stack(0x000000ed99300000,0x000000ed99400000)]
  0x000002c947940a90 JavaThread "Cache worker for execution history cache (C:\InternshipTask\oxfan\android\.gradle\8.13\executionHistory)" [_thread_blocked, id=10900, stack(0x000000ed99400000,0x000000ed99500000)]
  0x000002c9479479f0 JavaThread "Cache worker for Java compile cache (C:\Users\laxman\.gradle\caches\8.13\javaCompile)" [_thread_blocked, id=18928, stack(0x000000ed98800000,0x000000ed98900000)]
  0x000002c947946fd0 JavaThread "Build operations" [_thread_blocked, id=25636, stack(0x000000ed99600000,0x000000ed99700000)]
  0x000002c947943820 JavaThread "Build operations Thread 2" [_thread_blocked, id=25800, stack(0x000000ed99700000,0x000000ed99800000)]
  0x000002c947945680 JavaThread "Build operations Thread 3" [_thread_blocked, id=25040, stack(0x000000ed99800000,0x000000ed99900000)]
  0x000002c9479460a0 JavaThread "Build operations Thread 4" [_thread_blocked, id=15740, stack(0x000000ed99900000,0x000000ed99a00000)]
  0x000002c9479474e0 JavaThread "Build operations Thread 5" [_thread_blocked, id=16780, stack(0x000000ed99a00000,0x000000ed99b00000)]
  0x000002c9479465b0 JavaThread "Build operations Thread 6" [_thread_blocked, id=20384, stack(0x000000ed99b00000,0x000000ed99c00000)]
  0x000002c947946ac0 JavaThread "Build operations Thread 7" [_thread_blocked, id=8836, stack(0x000000ed99c00000,0x000000ed99d00000)]
  0x000002c947940fa0 JavaThread "Build operations Thread 8" [_thread_blocked, id=12412, stack(0x000000ed99d00000,0x000000ed99e00000)]
  0x000002c947948920 JavaThread "Build operations Thread 9" [_thread_blocked, id=18924, stack(0x000000ed99e00000,0x000000ed99f00000)]
  0x000002c9479414b0 JavaThread "Build operations Thread 10" [_thread_blocked, id=2972, stack(0x000000ed99f00000,0x000000ed9a000000)]
  0x000002c9479423e0 JavaThread "Build operations Thread 11" [_thread_blocked, id=19244, stack(0x000000ed9a000000,0x000000ed9a100000)]
  0x000002c947948e30 JavaThread "WorkerExecutor Queue" [_thread_in_native, id=21548, stack(0x000000ed9a100000,0x000000ed9a200000)]
  0x000002c94794c5e0 JavaThread "WorkerExecutor Queue Thread 2" [_thread_blocked, id=7552, stack(0x000000ed99500000,0x000000ed99600000)]
  0x000002c94794f880 JavaThread "RMI Scheduler(0)" daemon [_thread_blocked, id=12712, stack(0x000000ed9a200000,0x000000ed9a300000)]
  0x000002c94794a780 JavaThread "RMI RenewClean-[127.0.0.1:17197,org.jetbrains.kotlin.daemon.common.LoopbackNetworkInterface$ClientLoopbackSocketFactory@1a3db78c]" daemon [_thread_blocked, id=18940, stack(0x000000ed9a300000,0x000000ed9a400000)]
  0x000002c94794d510 JavaThread "RMI GC Daemon" daemon [_thread_blocked, id=22664, stack(0x000000ed9a400000,0x000000ed9a500000)]
  0x000002c947949850 JavaThread "RMI TCP Accept-0" daemon [_thread_in_native, id=26352, stack(0x000000ed9a500000,0x000000ed9a600000)]
  0x000002c94794fd90 JavaThread "RMI Reaper" [_thread_blocked, id=24408, stack(0x000000ed9a600000,0x000000ed9a700000)]
  0x000002c947949d60 JavaThread "RMI TCP Connection(idle)" daemon [_thread_blocked, id=2648, stack(0x000000ed9a700000,0x000000ed9a800000)]
  0x000002c94794a270 JavaThread "Build operations Thread 12" [_thread_blocked, id=21396, stack(0x000000ed9a800000,0x000000ed9a900000)]
  0x000002c94794ac90 JavaThread "WorkerExecutor Queue Thread 3" [_thread_in_native, id=25596, stack(0x000000ed9a900000,0x000000ed9aa00000)]
  0x000002c94794b1a0 JavaThread "WorkerExecutor Queue Thread 4" [_thread_blocked, id=9588, stack(0x000000ed9aa00000,0x000000ed9ab00000)]
  0x000002c94794b6b0 JavaThread "RMI RenewClean-[127.0.0.1:17197,org.jetbrains.kotlin.daemon.common.LoopbackNetworkInterface$ClientLoopbackSocketFactory@304da100]" daemon [_thread_blocked, id=25748, stack(0x000000ed9ab00000,0x000000ed9ac00000)]
  0x000002c94794bbc0 JavaThread "RMI TCP Connection(3)-127.0.0.1" daemon [_thread_in_native, id=22336, stack(0x000000ed9ac00000,0x000000ed9ad00000)]
  0x000002c94794da20 JavaThread "WorkerExecutor Queue Thread 5" [_thread_blocked, id=4844, stack(0x000000ed9ad00000,0x000000ed9ae00000)]
  0x000002c94794c0d0 JavaThread "WorkerExecutor Queue Thread 6" [_thread_blocked, id=20628, stack(0x000000ed9ae00000,0x000000ed9af00000)]
  0x000002c94ce2e1d0 JavaThread "C2 CompilerThread1" daemon [_thread_blocked, id=15532, stack(0x000000ed8b100000,0x000000ed8b200000)]
  0x000002c94d371c20 JavaThread "C2 CompilerThread2" daemon [_thread_blocked, id=16492, stack(0x000000ed8b200000,0x000000ed8b300000)]
  0x000002c948d5ce10 JavaThread "WorkerExecutor Queue Thread 7" [_thread_blocked, id=20096, stack(0x000000ed91d00000,0x000000ed91e00000)]
  0x000002c948075e60 JavaThread "WorkerExecutor Queue Thread 8" [_thread_blocked, id=16004, stack(0x000000ed98700000,0x000000ed98800000)]
  0x000002c9488ce820 JavaThread "WorkerExecutor Queue Thread 9" [_thread_blocked, id=10328, stack(0x000000ed9b200000,0x000000ed9b300000)]
  0x000002c94cd34280 JavaThread "WorkerExecutor Queue Thread 10" [_thread_blocked, id=18248, stack(0x000000ed9b300000,0x000000ed9b400000)]
  0x000002c94cd34790 JavaThread "WorkerExecutor Queue Thread 11" [_thread_blocked, id=15844, stack(0x000000ed9b400000,0x000000ed9b500000)]
  0x000002c948076370 JavaThread "WorkerExecutor Queue Thread 12" [_thread_blocked, id=21532, stack(0x000000ed9b500000,0x000000ed9b600000)]
  0x000002c94c4d4f20 JavaThread "ForkJoinPool-1-worker-1" daemon [_thread_blocked, id=1800, stack(0x000000ed9b600000,0x000000ed9b700000)]
  0x000002c947c619f0 JavaThread "ForkJoinPool-1-worker-2" daemon [_thread_blocked, id=19716, stack(0x000000ed9b700000,0x000000ed9b800000)]
  0x000002c94500b030 JavaThread "ForkJoinPool-1-worker-3" daemon [_thread_blocked, id=24384, stack(0x000000ed9b800000,0x000000ed9b900000)]
  0x000002c948d5c3f0 JavaThread "ForkJoinPool-1-worker-4" daemon [_thread_blocked, id=18792, stack(0x000000ed9b900000,0x000000ed9ba00000)]
  0x000002c947c60ac0 JavaThread "ForkJoinPool-1-worker-5" daemon [_thread_blocked, id=22436, stack(0x000000ed9ba00000,0x000000ed9bb00000)]
  0x000002c947944240 JavaThread "ForkJoinPool-1-worker-6" daemon [_thread_blocked, id=23392, stack(0x000000ed9bb00000,0x000000ed9bc00000)]
  0x000002c953f48f90 JavaThread "ForkJoinPool-1-worker-7" daemon [_thread_blocked, id=19036, stack(0x000000ed9bc00000,0x000000ed9bd00000)]
  0x000002c93f01b4c0 JavaThread "ForkJoinPool-1-worker-8" daemon [_thread_blocked, id=14912, stack(0x000000ed9bd00000,0x000000ed9be00000)]
  0x000002c947c600a0 JavaThread "ForkJoinPool-1-worker-9" daemon [_thread_blocked, id=14996, stack(0x000000ed9be00000,0x000000ed9bf00000)]
  0x000002c948d5c900 JavaThread "ForkJoinPool-1-worker-10" daemon [_thread_blocked, id=20368, stack(0x000000ed9bf00000,0x000000ed9c000000)]
  0x000002c94c4d4500 JavaThread "ForkJoinPool-1-worker-11" daemon [_thread_blocked, id=19516, stack(0x000000ed9c000000,0x000000ed9c100000)]
  0x000002c947944c60 JavaThread "ForkJoinPool-1-worker-12" daemon [_thread_blocked, id=3952, stack(0x000000ed9c100000,0x000000ed9c200000)]

Other Threads:
=>0x000002c97eb73630 VMThread "VM Thread" [stack: 0x000000ed8ba00000,0x000000ed8bb00000] [id=5500]
  0x000002c95b7d7da0 WatcherThread [stack: 0x000000ed8c600000,0x000000ed8c700000] [id=20928]
  0x000002c95b844590 GCTaskThread "GC Thread#0" [stack: 0x000000ed8b500000,0x000000ed8b600000] [id=25396]
  0x000002c97f122050 GCTaskThread "GC Thread#1" [stack: 0x000000ed8c800000,0x000000ed8c900000] [id=22440]
  0x000002c97f2e8cd0 GCTaskThread "GC Thread#2" [stack: 0x000000ed8c900000,0x000000ed8ca00000] [id=5844]
  0x000002c93944e830 GCTaskThread "GC Thread#3" [stack: 0x000000ed8ca00000,0x000000ed8cb00000] [id=26448]
  0x000002c9392ee760 GCTaskThread "GC Thread#4" [stack: 0x000000ed8cb00000,0x000000ed8cc00000] [id=25316]
  0x000002c939fc5420 GCTaskThread "GC Thread#5" [stack: 0x000000ed8d600000,0x000000ed8d700000] [id=18224]
  0x000002c93a085030 GCTaskThread "GC Thread#6" [stack: 0x000000ed8d700000,0x000000ed8d800000] [id=10936]
  0x000002c939deb180 GCTaskThread "GC Thread#7" [stack: 0x000000ed8d800000,0x000000ed8d900000] [id=10748]
  0x000002c93a109c70 GCTaskThread "GC Thread#8" [stack: 0x000000ed8d900000,0x000000ed8da00000] [id=17228]
  0x000002c939de94d0 GCTaskThread "GC Thread#9" [stack: 0x000000ed8da00000,0x000000ed8db00000] [id=21280]
  0x000002c95b8554e0 ConcurrentGCThread "G1 Main Marker" [stack: 0x000000ed8b600000,0x000000ed8b700000] [id=19192]
  0x000002c95b8566a0 ConcurrentGCThread "G1 Conc#0" [stack: 0x000000ed8b700000,0x000000ed8b800000] [id=9236]
  0x000002c93b94b520 ConcurrentGCThread "G1 Conc#1" [stack: 0x000000ed8e000000,0x000000ed8e100000] [id=9908]
  0x000002c93b94c5a0 ConcurrentGCThread "G1 Conc#2" [stack: 0x000000ed8e100000,0x000000ed8e200000] [id=11968]
  0x000002c97ea2ac80 ConcurrentGCThread "G1 Refine#0" [stack: 0x000000ed8b800000,0x000000ed8b900000] [id=24488]
  0x000002c94985d690 ConcurrentGCThread "G1 Refine#1" [stack: 0x000000ed8b300000,0x000000ed8b400000] [id=26568]
  0x000002c94985d980 ConcurrentGCThread "G1 Refine#2" [stack: 0x000000ed91f00000,0x000000ed92000000] [id=6204]
  0x000002c947878eb0 ConcurrentGCThread "G1 Refine#3" [stack: 0x000000ed92000000,0x000000ed92100000] [id=26004]
  0x000002c97ea2b6b0 ConcurrentGCThread "G1 Service" [stack: 0x000000ed8b900000,0x000000ed8ba00000] [id=24808]

Threads with active compile tasks:
C2 CompilerThread0    97583 32708   !   4       com.android.tools.r8.internal.ei::b (938 bytes)
C2 CompilerThread1    97584 32973       4       com.android.tools.r8.internal.Ar0::a (134 bytes)
C2 CompilerThread2    97584 32974       4       com.android.tools.r8.internal.Ar0::a (34 bytes)

VM state: at safepoint (normal execution)

VM Mutex/Monitor currently owned by a thread:  ([mutex/lock_event])
[0x000002c95b7d3cd0] Threads_lock - owner thread: 0x000002c97eb73630
[0x000002c95b7d2ec0] Heap_lock - owner thread: 0x000002c94794c5e0

Heap address: 0x0000000700000000, size: 4096 MB, Compressed Oops mode: Zero based, Oop shift amount: 3

CDS archive(s) mapped at: [0x000002c900000000-0x000002c900bb0000-0x000002c900bb0000), size 12255232, SharedBaseAddress: 0x000002c900000000, ArchiveRelocationMode: 1.
Compressed class space mapped at: 0x000002c901000000-0x000002c935000000, reserved size: 872415232
Narrow klass base: 0x000002c900000000, Narrow klass shift: 0, Narrow klass range: 0x100000000

GC Precious Log:
 CPUs: 12 total, 12 available
 Memory: 5989M
 Large Page Support: Disabled
 NUMA Support: Disabled
 Compressed Oops: Enabled (Zero based)
 Heap Region Size: 2M
 Heap Min Capacity: 8M
 Heap Initial Capacity: 94M
 Heap Max Capacity: 4G
 Pre-touch: Disabled
 Parallel Workers: 10
 Concurrent Workers: 3
 Concurrent Refinement Workers: 10
 Periodic GC: Disabled

Heap:
 garbage-first heap   total 1474560K, used 545870K [0x0000000700000000, 0x0000000800000000)
  region size 2048K, 5 young (10240K), 5 survivors (10240K)
 Metaspace       used 162951K, committed 164928K, reserved 1048576K
  class space    used 22507K, committed 23424K, reserved 851968K

Heap Regions: E=young(eden), S=young(survivor), O=old, HS=humongous(starts), HC=humongous(continues), CS=collection set, F=free, OA=open archive, CA=closed archive, TAMS=top-at-mark-start (previous, next)
|   0|0x0000000700000000, 0x0000000700200000, 0x0000000700200000|100%|HS|  |TAMS 0x0000000700200000, 0x0000000700000000| Complete 
|   1|0x0000000700200000, 0x0000000700400000, 0x0000000700400000|100%|HC|  |TAMS 0x0000000700400000, 0x0000000700200000| Complete 
|   2|0x0000000700400000, 0x0000000700600000, 0x0000000700600000|100%| O|  |TAMS 0x0000000700600000, 0x0000000700400000| Untracked 
|   3|0x0000000700600000, 0x0000000700800000, 0x0000000700800000|100%| O|  |TAMS 0x0000000700800000, 0x0000000700600000| Untracked 
|   4|0x0000000700800000, 0x0000000700a00000, 0x0000000700a00000|100%| O|  |TAMS 0x0000000700a00000, 0x0000000700800000| Untracked 
|   5|0x0000000700a00000, 0x0000000700c00000, 0x0000000700c00000|100%| O|  |TAMS 0x0000000700c00000, 0x0000000700a00000| Untracked 
|   6|0x0000000700c00000, 0x0000000700e00000, 0x0000000700e00000|100%| O|  |TAMS 0x0000000700e00000, 0x0000000700c00000| Untracked 
|   7|0x0000000700e00000, 0x0000000701000000, 0x0000000701000000|100%| O|  |TAMS 0x0000000701000000, 0x0000000700e00000| Untracked 
|   8|0x0000000701000000, 0x0000000701200000, 0x0000000701200000|100%| O|  |TAMS 0x0000000701200000, 0x0000000701000000| Untracked 
|   9|0x0000000701200000, 0x0000000701400000, 0x0000000701400000|100%| O|  |TAMS 0x0000000701400000, 0x0000000701200000| Untracked 
|  10|0x0000000701400000, 0x0000000701600000, 0x0000000701600000|100%| O|  |TAMS 0x0000000701600000, 0x0000000701400000| Untracked 
|  11|0x0000000701600000, 0x0000000701800000, 0x0000000701800000|100%| O|  |TAMS 0x0000000701800000, 0x0000000701600000| Untracked 
|  12|0x0000000701800000, 0x0000000701a00000, 0x0000000701a00000|100%| O|  |TAMS 0x0000000701a00000, 0x0000000701800000| Untracked 
|  13|0x0000000701a00000, 0x0000000701c00000, 0x0000000701c00000|100%| O|  |TAMS 0x0000000701c00000, 0x0000000701a00000| Untracked 
|  14|0x0000000701c00000, 0x0000000701e00000, 0x0000000701e00000|100%| O|  |TAMS 0x0000000701e00000, 0x0000000701c00000| Untracked 
|  15|0x0000000701e00000, 0x0000000702000000, 0x0000000702000000|100%| O|  |TAMS 0x0000000702000000, 0x0000000701e00000| Untracked 
|  16|0x0000000702000000, 0x0000000702200000, 0x0000000702200000|100%| O|  |TAMS 0x0000000702200000, 0x0000000702000000| Untracked 
|  17|0x0000000702200000, 0x0000000702400000, 0x0000000702400000|100%| O|  |TAMS 0x0000000702400000, 0x0000000702200000| Untracked 
|  18|0x0000000702400000, 0x0000000702600000, 0x0000000702600000|100%| O|  |TAMS 0x0000000702600000, 0x0000000702400000| Untracked 
|  19|0x0000000702600000, 0x0000000702800000, 0x0000000702800000|100%| O|  |TAMS 0x0000000702800000, 0x0000000702600000| Untracked 
|  20|0x0000000702800000, 0x0000000702a00000, 0x0000000702a00000|100%|HS|  |TAMS 0x0000000702a00000, 0x0000000702800000| Complete 
|  21|0x0000000702a00000, 0x0000000702c00000, 0x0000000702c00000|100%| O|  |TAMS 0x0000000702c00000, 0x0000000702a00000| Untracked 
|  22|0x0000000702c00000, 0x0000000702e00000, 0x0000000702e00000|100%| O|  |TAMS 0x0000000702e00000, 0x0000000702c00000| Untracked 
|  23|0x0000000702e00000, 0x0000000703000000, 0x0000000703000000|100%| O|  |TAMS 0x0000000703000000, 0x0000000702e00000| Untracked 
|  24|0x0000000703000000, 0x0000000703200000, 0x0000000703200000|100%|HS|  |TAMS 0x0000000703200000, 0x0000000703000000| Complete 
|  25|0x0000000703200000, 0x0000000703400000, 0x0000000703400000|100%|HC|  |TAMS 0x0000000703400000, 0x0000000703200000| Complete 
|  26|0x0000000703400000, 0x0000000703600000, 0x0000000703600000|100%|HS|  |TAMS 0x0000000703600000, 0x0000000703400000| Complete 
|  27|0x0000000703600000, 0x0000000703800000, 0x0000000703800000|100%| O|  |TAMS 0x0000000703800000, 0x0000000703600000| Untracked 
|  28|0x0000000703800000, 0x0000000703a00000, 0x0000000703a00000|100%| O|  |TAMS 0x0000000703a00000, 0x0000000703800000| Untracked 
|  29|0x0000000703a00000, 0x0000000703c00000, 0x0000000703c00000|100%|HS|  |TAMS 0x0000000703c00000, 0x0000000703a00000| Complete 
|  30|0x0000000703c00000, 0x0000000703e00000, 0x0000000703e00000|100%|HC|  |TAMS 0x0000000703e00000, 0x0000000703c00000| Complete 
|  31|0x0000000703e00000, 0x0000000704000000, 0x0000000704000000|100%| O|  |TAMS 0x0000000704000000, 0x0000000703e00000| Untracked 
|  32|0x0000000704000000, 0x0000000704200000, 0x0000000704200000|100%| O|  |TAMS 0x0000000704200000, 0x0000000704000000| Untracked 
|  33|0x0000000704200000, 0x0000000704400000, 0x0000000704400000|100%| O|  |TAMS 0x0000000704400000, 0x0000000704200000| Untracked 
|  34|0x0000000704400000, 0x0000000704600000, 0x0000000704600000|100%| O|  |TAMS 0x0000000704600000, 0x0000000704400000| Untracked 
|  35|0x0000000704600000, 0x0000000704800000, 0x0000000704800000|100%| O|  |TAMS 0x0000000704800000, 0x0000000704600000| Untracked 
|  36|0x0000000704800000, 0x0000000704a00000, 0x0000000704a00000|100%| O|  |TAMS 0x0000000704a00000, 0x0000000704800000| Untracked 
|  37|0x0000000704a00000, 0x0000000704c00000, 0x0000000704c00000|100%| O|  |TAMS 0x0000000704c00000, 0x0000000704a00000| Untracked 
|  38|0x0000000704c00000, 0x0000000704e00000, 0x0000000704e00000|100%| O|  |TAMS 0x0000000704e00000, 0x0000000704c00000| Untracked 
|  39|0x0000000704e00000, 0x0000000705000000, 0x0000000705000000|100%| O|  |TAMS 0x0000000704e00000, 0x0000000704e00000| Untracked 
|  40|0x0000000705000000, 0x0000000705200000, 0x0000000705200000|100%| O|  |TAMS 0x0000000705200000, 0x0000000705000000| Untracked 
|  41|0x0000000705200000, 0x0000000705400000, 0x0000000705400000|100%| O|  |TAMS 0x0000000705400000, 0x0000000705200000| Untracked 
|  42|0x0000000705400000, 0x0000000705600000, 0x0000000705600000|100%| O|  |TAMS 0x0000000705600000, 0x0000000705400000| Untracked 
|  43|0x0000000705600000, 0x0000000705800000, 0x0000000705800000|100%| O|  |TAMS 0x0000000705600000, 0x0000000705600000| Untracked 
|  44|0x0000000705800000, 0x0000000705a00000, 0x0000000705a00000|100%|HS|  |TAMS 0x0000000705a00000, 0x0000000705800000| Complete 
|  45|0x0000000705a00000, 0x0000000705c00000, 0x0000000705c00000|100%| O|  |TAMS 0x0000000705c00000, 0x0000000705a00000| Untracked 
|  46|0x0000000705c00000, 0x0000000705e00000, 0x0000000705e00000|100%| O|  |TAMS 0x0000000705e00000, 0x0000000705c00000| Untracked 
|  47|0x0000000705e00000, 0x0000000706000000, 0x0000000706000000|100%| O|  |TAMS 0x0000000706000000, 0x0000000705e00000| Untracked 
|  48|0x0000000706000000, 0x0000000706200000, 0x0000000706200000|100%| O|  |TAMS 0x0000000706200000, 0x0000000706000000| Untracked 
|  49|0x0000000706200000, 0x0000000706400000, 0x0000000706400000|100%| O|  |TAMS 0x0000000706400000, 0x0000000706200000| Untracked 
|  50|0x0000000706400000, 0x0000000706600000, 0x0000000706600000|100%| O|  |TAMS 0x0000000706600000, 0x0000000706400000| Untracked 
|  51|0x0000000706600000, 0x0000000706800000, 0x0000000706800000|100%| O|  |TAMS 0x0000000706800000, 0x0000000706600000| Untracked 
|  52|0x0000000706800000, 0x0000000706a00000, 0x0000000706a00000|100%| O|  |TAMS 0x0000000706a00000, 0x0000000706800000| Untracked 
|  53|0x0000000706a00000, 0x0000000706c00000, 0x0000000706c00000|100%| O|  |TAMS 0x0000000706c00000, 0x0000000706a00000| Untracked 
|  54|0x0000000706c00000, 0x0000000706e00000, 0x0000000706e00000|100%| O|  |TAMS 0x0000000706e00000, 0x0000000706c00000| Untracked 
|  55|0x0000000706e00000, 0x0000000707000000, 0x0000000707000000|100%| O|  |TAMS 0x0000000707000000, 0x0000000706e00000| Untracked 
|  56|0x0000000707000000, 0x0000000707200000, 0x0000000707200000|100%| O|  |TAMS 0x0000000707200000, 0x0000000707000000| Untracked 
|  57|0x0000000707200000, 0x0000000707400000, 0x0000000707400000|100%| O|  |TAMS 0x0000000707400000, 0x0000000707200000| Untracked 
|  58|0x0000000707400000, 0x0000000707600000, 0x0000000707600000|100%| O|  |TAMS 0x0000000707600000, 0x0000000707400000| Untracked 
|  59|0x0000000707600000, 0x0000000707800000, 0x0000000707800000|100%|HS|  |TAMS 0x0000000707800000, 0x0000000707600000| Complete 
|  60|0x0000000707800000, 0x0000000707a00000, 0x0000000707a00000|100%|HS|  |TAMS 0x0000000707a00000, 0x0000000707800000| Complete 
|  61|0x0000000707a00000, 0x0000000707c00000, 0x0000000707c00000|100%| O|  |TAMS 0x0000000707c00000, 0x0000000707a00000| Untracked 
|  62|0x0000000707c00000, 0x0000000707e00000, 0x0000000707e00000|100%| O|  |TAMS 0x0000000707e00000, 0x0000000707c00000| Untracked 
|  63|0x0000000707e00000, 0x0000000708000000, 0x0000000708000000|100%| O|  |TAMS 0x0000000708000000, 0x0000000707e00000| Untracked 
|  64|0x0000000708000000, 0x0000000708200000, 0x0000000708200000|100%| O|  |TAMS 0x0000000708200000, 0x0000000708000000| Untracked 
|  65|0x0000000708200000, 0x0000000708400000, 0x0000000708400000|100%| O|  |TAMS 0x0000000708400000, 0x0000000708200000| Untracked 
|  66|0x0000000708400000, 0x0000000708600000, 0x0000000708600000|100%| O|  |TAMS 0x0000000708600000, 0x0000000708400000| Untracked 
|  67|0x0000000708600000, 0x0000000708800000, 0x0000000708800000|100%| O|  |TAMS 0x0000000708800000, 0x0000000708600000| Untracked 
|  68|0x0000000708800000, 0x0000000708a00000, 0x0000000708a00000|100%| O|  |TAMS 0x0000000708a00000, 0x0000000708800000| Untracked 
|  69|0x0000000708a00000, 0x0000000708c00000, 0x0000000708c00000|100%| O|  |TAMS 0x0000000708c00000, 0x0000000708a00000| Untracked 
|  70|0x0000000708c00000, 0x0000000708e00000, 0x0000000708e00000|100%| O|  |TAMS 0x0000000708e00000, 0x0000000708c00000| Untracked 
|  71|0x0000000708e00000, 0x0000000709000000, 0x0000000709000000|100%| O|  |TAMS 0x0000000709000000, 0x0000000708e00000| Untracked 
|  72|0x0000000709000000, 0x0000000709200000, 0x0000000709200000|100%| O|  |TAMS 0x0000000709200000, 0x0000000709000000| Untracked 
|  73|0x0000000709200000, 0x0000000709400000, 0x0000000709400000|100%| O|  |TAMS 0x0000000709400000, 0x0000000709200000| Untracked 
|  74|0x0000000709400000, 0x0000000709600000, 0x0000000709600000|100%| O|  |TAMS 0x0000000709400000, 0x0000000709400000| Untracked 
|  75|0x0000000709600000, 0x0000000709800000, 0x0000000709800000|100%|HS|  |TAMS 0x0000000709800000, 0x0000000709600000| Complete 
|  76|0x0000000709800000, 0x0000000709a00000, 0x0000000709a00000|100%| O|  |TAMS 0x0000000709a00000, 0x0000000709800000| Untracked 
|  77|0x0000000709a00000, 0x0000000709c00000, 0x0000000709c00000|100%| O|  |TAMS 0x0000000709c00000, 0x0000000709a00000| Untracked 
|  78|0x0000000709c00000, 0x0000000709e00000, 0x0000000709e00000|100%| O|  |TAMS 0x0000000709e00000, 0x0000000709c00000| Untracked 
|  79|0x0000000709e00000, 0x000000070a000000, 0x000000070a000000|100%| O|  |TAMS 0x000000070a000000, 0x0000000709e00000| Untracked 
|  80|0x000000070a000000, 0x000000070a200000, 0x000000070a200000|100%| O|  |TAMS 0x000000070a200000, 0x000000070a000000| Untracked 
|  81|0x000000070a200000, 0x000000070a400000, 0x000000070a400000|100%| O|  |TAMS 0x000000070a400000, 0x000000070a200000| Untracked 
|  82|0x000000070a400000, 0x000000070a600000, 0x000000070a600000|100%| O|  |TAMS 0x000000070a600000, 0x000000070a400000| Untracked 
|  83|0x000000070a600000, 0x000000070a800000, 0x000000070a800000|100%| O|  |TAMS 0x000000070a800000, 0x000000070a600000| Untracked 
|  84|0x000000070a800000, 0x000000070aa00000, 0x000000070aa00000|100%| O|  |TAMS 0x000000070aa00000, 0x000000070a800000| Untracked 
|  85|0x000000070aa00000, 0x000000070ac00000, 0x000000070ac00000|100%| O|  |TAMS 0x000000070ac00000, 0x000000070aa00000| Untracked 
|  86|0x000000070ac00000, 0x000000070ae00000, 0x000000070ae00000|100%| O|  |TAMS 0x000000070ae00000, 0x000000070ac00000| Untracked 
|  87|0x000000070ae00000, 0x000000070b000000, 0x000000070b000000|100%| O|  |TAMS 0x000000070b000000, 0x000000070ae00000| Untracked 
|  88|0x000000070b000000, 0x000000070b200000, 0x000000070b200000|100%| O|  |TAMS 0x000000070b200000, 0x000000070b000000| Untracked 
|  89|0x000000070b200000, 0x000000070b400000, 0x000000070b400000|100%| O|  |TAMS 0x000000070b400000, 0x000000070b200000| Untracked 
|  90|0x000000070b400000, 0x000000070b600000, 0x000000070b600000|100%| O|  |TAMS 0x000000070b600000, 0x000000070b400000| Untracked 
|  91|0x000000070b600000, 0x000000070b800000, 0x000000070b800000|100%| O|  |TAMS 0x000000070b800000, 0x000000070b600000| Untracked 
|  92|0x000000070b800000, 0x000000070ba00000, 0x000000070ba00000|100%| O|  |TAMS 0x000000070ba00000, 0x000000070b800000| Untracked 
|  93|0x000000070ba00000, 0x000000070bc00000, 0x000000070bc00000|100%| O|  |TAMS 0x000000070bc00000, 0x000000070ba00000| Untracked 
|  94|0x000000070bc00000, 0x000000070be00000, 0x000000070be00000|100%| O|  |TAMS 0x000000070be00000, 0x000000070bc00000| Untracked 
|  95|0x000000070be00000, 0x000000070c000000, 0x000000070c000000|100%| O|  |TAMS 0x000000070c000000, 0x000000070be00000| Untracked 
|  96|0x000000070c000000, 0x000000070c200000, 0x000000070c200000|100%| O|  |TAMS 0x000000070c200000, 0x000000070c000000| Untracked 
|  97|0x000000070c200000, 0x000000070c400000, 0x000000070c400000|100%| O|  |TAMS 0x000000070c400000, 0x000000070c200000| Untracked 
|  98|0x000000070c400000, 0x000000070c600000, 0x000000070c600000|100%| O|  |TAMS 0x000000070c600000, 0x000000070c400000| Untracked 
|  99|0x000000070c600000, 0x000000070c800000, 0x000000070c800000|100%| O|  |TAMS 0x000000070c800000, 0x000000070c600000| Untracked 
| 100|0x000000070c800000, 0x000000070ca00000, 0x000000070ca00000|100%| O|  |TAMS 0x000000070ca00000, 0x000000070c800000| Untracked 
| 101|0x000000070ca00000, 0x000000070cc00000, 0x000000070cc00000|100%| O|  |TAMS 0x000000070cc00000, 0x000000070ca00000| Untracked 
| 102|0x000000070cc00000, 0x000000070ce00000, 0x000000070ce00000|100%| O|  |TAMS 0x000000070ce00000, 0x000000070cc00000| Untracked 
| 103|0x000000070ce00000, 0x000000070d000000, 0x000000070d000000|100%| O|  |TAMS 0x000000070d000000, 0x000000070ce00000| Untracked 
| 104|0x000000070d000000, 0x000000070d200000, 0x000000070d200000|100%| O|  |TAMS 0x000000070d200000, 0x000000070d000000| Untracked 
| 105|0x000000070d200000, 0x000000070d400000, 0x000000070d400000|100%| O|  |TAMS 0x000000070d200000, 0x000000070d200000| Untracked 
| 106|0x000000070d400000, 0x000000070d600000, 0x000000070d600000|100%| O|  |TAMS 0x000000070d600000, 0x000000070d400000| Untracked 
| 107|0x000000070d600000, 0x000000070d800000, 0x000000070d800000|100%| O|  |TAMS 0x000000070d800000, 0x000000070d600000| Untracked 
| 108|0x000000070d800000, 0x000000070da00000, 0x000000070da00000|100%| O|  |TAMS 0x000000070da00000, 0x000000070d800000| Untracked 
| 109|0x000000070da00000, 0x000000070dc00000, 0x000000070dc00000|100%| O|  |TAMS 0x000000070dc00000, 0x000000070da00000| Untracked 
| 110|0x000000070dc00000, 0x000000070de00000, 0x000000070de00000|100%| O|  |TAMS 0x000000070de00000, 0x000000070dc00000| Untracked 
| 111|0x000000070de00000, 0x000000070e000000, 0x000000070e000000|100%| O|  |TAMS 0x000000070e000000, 0x000000070de00000| Untracked 
| 112|0x000000070e000000, 0x000000070e200000, 0x000000070e200000|100%| O|  |TAMS 0x000000070e200000, 0x000000070e000000| Untracked 
| 113|0x000000070e200000, 0x000000070e400000, 0x000000070e400000|100%| O|  |TAMS 0x000000070e400000, 0x000000070e200000| Untracked 
| 114|0x000000070e400000, 0x000000070e600000, 0x000000070e600000|100%| O|  |TAMS 0x000000070e600000, 0x000000070e400000| Untracked 
| 115|0x000000070e600000, 0x000000070e800000, 0x000000070e800000|100%| O|  |TAMS 0x000000070e800000, 0x000000070e600000| Untracked 
| 116|0x000000070e800000, 0x000000070ea00000, 0x000000070ea00000|100%| O|  |TAMS 0x000000070ea00000, 0x000000070e800000| Untracked 
| 117|0x000000070ea00000, 0x000000070ec00000, 0x000000070ec00000|100%| O|  |TAMS 0x000000070ec00000, 0x000000070ea00000| Untracked 
| 118|0x000000070ec00000, 0x000000070ee00000, 0x000000070ee00000|100%| O|  |TAMS 0x000000070ee00000, 0x000000070ec00000| Untracked 
| 119|0x000000070ee00000, 0x000000070f000000, 0x000000070f000000|100%| O|  |TAMS 0x000000070f000000, 0x000000070ee00000| Untracked 
| 120|0x000000070f000000, 0x000000070f200000, 0x000000070f200000|100%| O|  |TAMS 0x000000070f200000, 0x000000070f000000| Untracked 
| 121|0x000000070f200000, 0x000000070f400000, 0x000000070f400000|100%| O|  |TAMS 0x000000070f200000, 0x000000070f200000| Untracked 
| 122|0x000000070f400000, 0x000000070f600000, 0x000000070f600000|100%| O|  |TAMS 0x000000070f600000, 0x000000070f400000| Untracked 
| 123|0x000000070f600000, 0x000000070f800000, 0x000000070f800000|100%| O|  |TAMS 0x000000070f800000, 0x000000070f600000| Untracked 
| 124|0x000000070f800000, 0x000000070fa00000, 0x000000070fa00000|100%| O|  |TAMS 0x000000070fa00000, 0x000000070f800000| Untracked 
| 125|0x000000070fa00000, 0x000000070fc00000, 0x000000070fc00000|100%| O|  |TAMS 0x000000070fc00000, 0x000000070fa00000| Untracked 
| 126|0x000000070fc00000, 0x000000070fe00000, 0x000000070fe00000|100%| O|  |TAMS 0x000000070fe00000, 0x000000070fc00000| Untracked 
| 127|0x000000070fe00000, 0x0000000710000000, 0x0000000710000000|100%| O|  |TAMS 0x0000000710000000, 0x000000070fe00000| Untracked 
| 128|0x0000000710000000, 0x0000000710200000, 0x0000000710200000|100%| O|  |TAMS 0x0000000710200000, 0x0000000710000000| Untracked 
| 129|0x0000000710200000, 0x0000000710400000, 0x0000000710400000|100%| O|  |TAMS 0x0000000710400000, 0x0000000710200000| Untracked 
| 130|0x0000000710400000, 0x0000000710600000, 0x0000000710600000|100%| O|  |TAMS 0x0000000710600000, 0x0000000710400000| Untracked 
| 131|0x0000000710600000, 0x0000000710800000, 0x0000000710800000|100%| O|  |TAMS 0x0000000710800000, 0x0000000710600000| Untracked 
| 132|0x0000000710800000, 0x0000000710a00000, 0x0000000710a00000|100%| O|  |TAMS 0x0000000710a00000, 0x0000000710800000| Untracked 
| 133|0x0000000710a00000, 0x0000000710c00000, 0x0000000710c00000|100%| O|  |TAMS 0x0000000710a00000, 0x0000000710a00000| Untracked 
| 134|0x0000000710c00000, 0x0000000710e00000, 0x0000000710e00000|100%| O|  |TAMS 0x0000000710c00000, 0x0000000710c00000| Untracked 
| 135|0x0000000710e00000, 0x0000000711000000, 0x0000000711000000|100%| O|  |TAMS 0x0000000710e00000, 0x0000000710e00000| Untracked 
| 136|0x0000000711000000, 0x0000000711200000, 0x0000000711200000|100%| O|  |TAMS 0x0000000711000000, 0x0000000711000000| Untracked 
| 137|0x0000000711200000, 0x0000000711400000, 0x0000000711400000|100%| O|  |TAMS 0x0000000711200000, 0x0000000711200000| Untracked 
| 138|0x0000000711400000, 0x0000000711600000, 0x0000000711600000|100%| O|  |TAMS 0x0000000711400000, 0x0000000711400000| Untracked 
| 139|0x0000000711600000, 0x0000000711800000, 0x0000000711800000|100%| O|  |TAMS 0x0000000711600000, 0x0000000711600000| Untracked 
| 140|0x0000000711800000, 0x0000000711a00000, 0x0000000711a00000|100%| O|  |TAMS 0x0000000711800000, 0x0000000711800000| Untracked 
| 141|0x0000000711a00000, 0x0000000711c00000, 0x0000000711c00000|100%| O|  |TAMS 0x0000000711a00000, 0x0000000711a00000| Untracked 
| 142|0x0000000711c00000, 0x0000000711e00000, 0x0000000711e00000|100%| O|  |TAMS 0x0000000711c00000, 0x0000000711c00000| Untracked 
| 143|0x0000000711e00000, 0x0000000712000000, 0x0000000712000000|100%| O|  |TAMS 0x0000000711e00000, 0x0000000711e00000| Untracked 
| 144|0x0000000712000000, 0x0000000712200000, 0x0000000712200000|100%| O|  |TAMS 0x0000000712000000, 0x0000000712000000| Untracked 
| 145|0x0000000712200000, 0x0000000712400000, 0x0000000712400000|100%| O|  |TAMS 0x0000000712200000, 0x0000000712200000| Untracked 
| 146|0x0000000712400000, 0x0000000712600000, 0x0000000712600000|100%| O|  |TAMS 0x0000000712400000, 0x0000000712400000| Untracked 
| 147|0x0000000712600000, 0x0000000712800000, 0x0000000712800000|100%| O|  |TAMS 0x0000000712600000, 0x0000000712600000| Untracked 
| 148|0x0000000712800000, 0x0000000712a00000, 0x0000000712a00000|100%| O|  |TAMS 0x0000000712800000, 0x0000000712800000| Untracked 
| 149|0x0000000712a00000, 0x0000000712c00000, 0x0000000712c00000|100%| O|  |TAMS 0x0000000712a00000, 0x0000000712a00000| Untracked 
| 150|0x0000000712c00000, 0x0000000712e00000, 0x0000000712e00000|100%| O|  |TAMS 0x0000000712c00000, 0x0000000712c00000| Untracked 
| 151|0x0000000712e00000, 0x0000000713000000, 0x0000000713000000|100%| O|  |TAMS 0x0000000712e00000, 0x0000000712e00000| Untracked 
| 152|0x0000000713000000, 0x0000000713200000, 0x0000000713200000|100%| O|  |TAMS 0x0000000713000000, 0x0000000713000000| Untracked 
| 153|0x0000000713200000, 0x0000000713400000, 0x0000000713400000|100%| O|  |TAMS 0x0000000713200000, 0x0000000713200000| Untracked 
| 154|0x0000000713400000, 0x0000000713600000, 0x0000000713600000|100%| O|  |TAMS 0x0000000713400000, 0x0000000713400000| Untracked 
| 155|0x0000000713600000, 0x0000000713800000, 0x0000000713800000|100%| O|  |TAMS 0x0000000713600000, 0x0000000713600000| Untracked 
| 156|0x0000000713800000, 0x0000000713a00000, 0x0000000713a00000|100%| O|  |TAMS 0x0000000713800000, 0x0000000713800000| Untracked 
| 157|0x0000000713a00000, 0x0000000713c00000, 0x0000000713c00000|100%| O|  |TAMS 0x0000000713a00000, 0x0000000713a00000| Untracked 
| 158|0x0000000713c00000, 0x0000000713e00000, 0x0000000713e00000|100%| O|  |TAMS 0x0000000713c00000, 0x0000000713c00000| Untracked 
| 159|0x0000000713e00000, 0x0000000714000000, 0x0000000714000000|100%| O|  |TAMS 0x0000000713e00000, 0x0000000713e00000| Untracked 
| 160|0x0000000714000000, 0x0000000714200000, 0x0000000714200000|100%| O|  |TAMS 0x0000000714000000, 0x0000000714000000| Untracked 
| 161|0x0000000714200000, 0x0000000714400000, 0x0000000714400000|100%| O|  |TAMS 0x0000000714200000, 0x0000000714200000| Untracked 
| 162|0x0000000714400000, 0x0000000714600000, 0x0000000714600000|100%| O|  |TAMS 0x0000000714400000, 0x0000000714400000| Untracked 
| 163|0x0000000714600000, 0x0000000714800000, 0x0000000714800000|100%| O|  |TAMS 0x0000000714600000, 0x0000000714600000| Untracked 
| 164|0x0000000714800000, 0x0000000714a00000, 0x0000000714a00000|100%| O|  |TAMS 0x0000000714800000, 0x0000000714800000| Untracked 
| 165|0x0000000714a00000, 0x0000000714c00000, 0x0000000714c00000|100%| O|  |TAMS 0x0000000714a00000, 0x0000000714a00000| Untracked 
| 166|0x0000000714c00000, 0x0000000714e00000, 0x0000000714e00000|100%| O|  |TAMS 0x0000000714c00000, 0x0000000714c00000| Untracked 
| 167|0x0000000714e00000, 0x0000000715000000, 0x0000000715000000|100%| O|  |TAMS 0x0000000714e00000, 0x0000000714e00000| Untracked 
| 168|0x0000000715000000, 0x0000000715200000, 0x0000000715200000|100%| O|  |TAMS 0x0000000715000000, 0x0000000715000000| Untracked 
| 169|0x0000000715200000, 0x0000000715400000, 0x0000000715400000|100%| O|  |TAMS 0x0000000715200000, 0x0000000715200000| Untracked 
| 170|0x0000000715400000, 0x0000000715600000, 0x0000000715600000|100%| O|  |TAMS 0x0000000715400000, 0x0000000715400000| Untracked 
| 171|0x0000000715600000, 0x0000000715800000, 0x0000000715800000|100%| O|  |TAMS 0x0000000715600000, 0x0000000715600000| Untracked 
| 172|0x0000000715800000, 0x0000000715a00000, 0x0000000715a00000|100%| O|  |TAMS 0x0000000715800000, 0x0000000715800000| Untracked 
| 173|0x0000000715a00000, 0x0000000715c00000, 0x0000000715c00000|100%| O|  |TAMS 0x0000000715a00000, 0x0000000715a00000| Untracked 
| 174|0x0000000715c00000, 0x0000000715e00000, 0x0000000715e00000|100%| O|  |TAMS 0x0000000715c00000, 0x0000000715c00000| Untracked 
| 175|0x0000000715e00000, 0x0000000716000000, 0x0000000716000000|100%| O|  |TAMS 0x0000000715e00000, 0x0000000715e00000| Untracked 
| 176|0x0000000716000000, 0x0000000716200000, 0x0000000716200000|100%| O|  |TAMS 0x0000000716000000, 0x0000000716000000| Untracked 
| 177|0x0000000716200000, 0x0000000716400000, 0x0000000716400000|100%| O|  |TAMS 0x0000000716200000, 0x0000000716200000| Untracked 
| 178|0x0000000716400000, 0x0000000716600000, 0x0000000716600000|100%| O|  |TAMS 0x0000000716400000, 0x0000000716400000| Untracked 
| 179|0x0000000716600000, 0x0000000716800000, 0x0000000716800000|100%| O|  |TAMS 0x0000000716600000, 0x0000000716600000| Untracked 
| 180|0x0000000716800000, 0x0000000716a00000, 0x0000000716a00000|100%| O|  |TAMS 0x0000000716800000, 0x0000000716800000| Untracked 
| 181|0x0000000716a00000, 0x0000000716c00000, 0x0000000716c00000|100%| O|  |TAMS 0x0000000716a00000, 0x0000000716a00000| Untracked 
| 182|0x0000000716c00000, 0x0000000716e00000, 0x0000000716e00000|100%| O|  |TAMS 0x0000000716c00000, 0x0000000716c00000| Untracked 
| 183|0x0000000716e00000, 0x0000000717000000, 0x0000000717000000|100%| O|  |TAMS 0x0000000716e00000, 0x0000000716e00000| Untracked 
| 184|0x0000000717000000, 0x0000000717200000, 0x0000000717200000|100%| O|  |TAMS 0x0000000717000000, 0x0000000717000000| Untracked 
| 185|0x0000000717200000, 0x0000000717400000, 0x0000000717400000|100%| O|  |TAMS 0x0000000717200000, 0x0000000717200000| Untracked 
| 186|0x0000000717400000, 0x0000000717600000, 0x0000000717600000|100%| O|  |TAMS 0x0000000717400000, 0x0000000717400000| Untracked 
| 187|0x0000000717600000, 0x0000000717800000, 0x0000000717800000|100%|HS|  |TAMS 0x0000000717600000, 0x0000000717600000| Complete 
| 188|0x0000000717800000, 0x0000000717a00000, 0x0000000717a00000|100%| O|  |TAMS 0x0000000717800000, 0x0000000717800000| Untracked 
| 189|0x0000000717a00000, 0x0000000717c00000, 0x0000000717c00000|100%| O|  |TAMS 0x0000000717a00000, 0x0000000717a00000| Untracked 
| 190|0x0000000717c00000, 0x0000000717e00000, 0x0000000717e00000|100%| O|  |TAMS 0x0000000717c00000, 0x0000000717c00000| Untracked 
| 191|0x0000000717e00000, 0x0000000718000000, 0x0000000718000000|100%| O|  |TAMS 0x0000000717e00000, 0x0000000717e00000| Untracked 
| 192|0x0000000718000000, 0x0000000718200000, 0x0000000718200000|100%|HS|  |TAMS 0x0000000718000000, 0x0000000718000000| Complete 
| 193|0x0000000718200000, 0x0000000718400000, 0x0000000718400000|100%|HC|  |TAMS 0x0000000718200000, 0x0000000718200000| Complete 
| 194|0x0000000718400000, 0x0000000718600000, 0x0000000718600000|100%|HS|  |TAMS 0x0000000718400000, 0x0000000718400000| Complete 
| 195|0x0000000718600000, 0x0000000718800000, 0x0000000718800000|100%|HS|  |TAMS 0x0000000718600000, 0x0000000718600000| Complete 
| 196|0x0000000718800000, 0x0000000718a00000, 0x0000000718a00000|100%|HS|  |TAMS 0x0000000718800000, 0x0000000718800000| Complete 
| 197|0x0000000718a00000, 0x0000000718c00000, 0x0000000718c00000|100%|HS|  |TAMS 0x0000000718a00000, 0x0000000718a00000| Complete 
| 198|0x0000000718c00000, 0x0000000718e00000, 0x0000000718e00000|100%|HC|  |TAMS 0x0000000718c00000, 0x0000000718c00000| Complete 
| 199|0x0000000718e00000, 0x0000000719000000, 0x0000000719000000|100%| O|  |TAMS 0x0000000718e00000, 0x0000000718e00000| Untracked 
| 200|0x0000000719000000, 0x0000000719200000, 0x0000000719200000|100%| O|  |TAMS 0x0000000719000000, 0x0000000719000000| Untracked 
| 201|0x0000000719200000, 0x0000000719400000, 0x0000000719400000|100%| O|  |TAMS 0x0000000719200000, 0x0000000719200000| Untracked 
| 202|0x0000000719400000, 0x0000000719600000, 0x0000000719600000|100%|HS|  |TAMS 0x0000000719400000, 0x0000000719400000| Complete 
| 203|0x0000000719600000, 0x0000000719800000, 0x0000000719800000|100%|HC|  |TAMS 0x0000000719600000, 0x0000000719600000| Complete 
| 204|0x0000000719800000, 0x0000000719a00000, 0x0000000719a00000|100%| O|  |TAMS 0x0000000719800000, 0x0000000719800000| Untracked 
| 205|0x0000000719a00000, 0x0000000719c00000, 0x0000000719c00000|100%|HS|  |TAMS 0x0000000719a00000, 0x0000000719a00000| Complete 
| 206|0x0000000719c00000, 0x0000000719e00000, 0x0000000719e00000|100%| O|  |TAMS 0x0000000719c00000, 0x0000000719c00000| Untracked 
| 207|0x0000000719e00000, 0x000000071a000000, 0x000000071a000000|100%|HS|  |TAMS 0x0000000719e00000, 0x0000000719e00000| Complete 
| 208|0x000000071a000000, 0x000000071a200000, 0x000000071a200000|100%| O|  |TAMS 0x000000071a000000, 0x000000071a000000| Untracked 
| 209|0x000000071a200000, 0x000000071a400000, 0x000000071a400000|100%|HS|  |TAMS 0x000000071a200000, 0x000000071a200000| Complete 
| 210|0x000000071a400000, 0x000000071a600000, 0x000000071a600000|100%| O|  |TAMS 0x000000071a400000, 0x000000071a400000| Untracked 
| 211|0x000000071a600000, 0x000000071a800000, 0x000000071a800000|100%| O|  |TAMS 0x000000071a600000, 0x000000071a600000| Untracked 
| 212|0x000000071a800000, 0x000000071aa00000, 0x000000071aa00000|100%| O|  |TAMS 0x000000071a800000, 0x000000071a800000| Untracked 
| 213|0x000000071aa00000, 0x000000071ac00000, 0x000000071ac00000|100%|HS|  |TAMS 0x000000071aa00000, 0x000000071aa00000| Complete 
| 214|0x000000071ac00000, 0x000000071ae00000, 0x000000071ae00000|100%|HC|  |TAMS 0x000000071ac00000, 0x000000071ac00000| Complete 
| 215|0x000000071ae00000, 0x000000071b000000, 0x000000071b000000|100%| O|  |TAMS 0x000000071ae00000, 0x000000071ae00000| Untracked 
| 216|0x000000071b000000, 0x000000071b200000, 0x000000071b200000|100%| O|  |TAMS 0x000000071b000000, 0x000000071b000000| Untracked 
| 217|0x000000071b200000, 0x000000071b400000, 0x000000071b400000|100%| O|  |TAMS 0x000000071b200000, 0x000000071b200000| Untracked 
| 218|0x000000071b400000, 0x000000071b600000, 0x000000071b600000|100%| O|  |TAMS 0x000000071b400000, 0x000000071b400000| Untracked 
| 219|0x000000071b600000, 0x000000071b800000, 0x000000071b800000|100%| O|  |TAMS 0x000000071b600000, 0x000000071b600000| Untracked 
| 220|0x000000071b800000, 0x000000071ba00000, 0x000000071ba00000|100%| O|  |TAMS 0x000000071b800000, 0x000000071b800000| Untracked 
| 221|0x000000071ba00000, 0x000000071bc00000, 0x000000071bc00000|100%| O|  |TAMS 0x000000071ba00000, 0x000000071ba00000| Untracked 
| 222|0x000000071bc00000, 0x000000071be00000, 0x000000071be00000|100%| O|  |TAMS 0x000000071bc00000, 0x000000071bc00000| Untracked 
| 223|0x000000071be00000, 0x000000071c000000, 0x000000071c000000|100%| O|  |TAMS 0x000000071be00000, 0x000000071be00000| Untracked 
| 224|0x000000071c000000, 0x000000071c200000, 0x000000071c200000|100%| O|  |TAMS 0x000000071c000000, 0x000000071c000000| Untracked 
| 225|0x000000071c200000, 0x000000071c400000, 0x000000071c400000|100%| O|  |TAMS 0x000000071c200000, 0x000000071c200000| Untracked 
| 226|0x000000071c400000, 0x000000071c600000, 0x000000071c600000|100%| O|  |TAMS 0x000000071c400000, 0x000000071c400000| Untracked 
| 227|0x000000071c600000, 0x000000071c800000, 0x000000071c800000|100%| O|  |TAMS 0x000000071c600000, 0x000000071c600000| Untracked 
| 228|0x000000071c800000, 0x000000071ca00000, 0x000000071ca00000|100%| O|  |TAMS 0x000000071c800000, 0x000000071c800000| Untracked 
| 229|0x000000071ca00000, 0x000000071cc00000, 0x000000071cc00000|100%| O|  |TAMS 0x000000071ca00000, 0x000000071ca00000| Untracked 
| 230|0x000000071cc00000, 0x000000071ce00000, 0x000000071ce00000|100%| O|  |TAMS 0x000000071cc00000, 0x000000071cc00000| Untracked 
| 231|0x000000071ce00000, 0x000000071d000000, 0x000000071d000000|100%| O|  |TAMS 0x000000071ce00000, 0x000000071ce00000| Untracked 
| 232|0x000000071d000000, 0x000000071d200000, 0x000000071d200000|100%| O|  |TAMS 0x000000071d000000, 0x000000071d000000| Untracked 
| 233|0x000000071d200000, 0x000000071d400000, 0x000000071d400000|100%| O|  |TAMS 0x000000071d200000, 0x000000071d200000| Untracked 
| 234|0x000000071d400000, 0x000000071d600000, 0x000000071d600000|100%| O|  |TAMS 0x000000071d400000, 0x000000071d400000| Untracked 
| 235|0x000000071d600000, 0x000000071d800000, 0x000000071d800000|100%| O|  |TAMS 0x000000071d600000, 0x000000071d600000| Untracked 
| 236|0x000000071d800000, 0x000000071da00000, 0x000000071da00000|100%| O|  |TAMS 0x000000071d800000, 0x000000071d800000| Untracked 
| 237|0x000000071da00000, 0x000000071dc00000, 0x000000071dc00000|100%| O|  |TAMS 0x000000071da00000, 0x000000071da00000| Untracked 
| 238|0x000000071dc00000, 0x000000071de00000, 0x000000071de00000|100%| O|  |TAMS 0x000000071dc00000, 0x000000071dc00000| Untracked 
| 239|0x000000071de00000, 0x000000071e000000, 0x000000071e000000|100%| O|  |TAMS 0x000000071de00000, 0x000000071de00000| Untracked 
| 240|0x000000071e000000, 0x000000071e200000, 0x000000071e200000|100%| O|  |TAMS 0x000000071e000000, 0x000000071e000000| Untracked 
| 241|0x000000071e200000, 0x000000071e400000, 0x000000071e400000|100%| O|  |TAMS 0x000000071e200000, 0x000000071e200000| Untracked 
| 242|0x000000071e400000, 0x000000071e600000, 0x000000071e600000|100%| O|  |TAMS 0x000000071e400000, 0x000000071e400000| Untracked 
| 243|0x000000071e600000, 0x000000071e800000, 0x000000071e800000|100%| O|  |TAMS 0x000000071e600000, 0x000000071e600000| Untracked 
| 244|0x000000071e800000, 0x000000071ea00000, 0x000000071ea00000|100%| O|  |TAMS 0x000000071e800000, 0x000000071e800000| Untracked 
| 245|0x000000071ea00000, 0x000000071ec00000, 0x000000071ec00000|100%| O|  |TAMS 0x000000071ea00000, 0x000000071ea00000| Untracked 
| 246|0x000000071ec00000, 0x000000071ee00000, 0x000000071ee00000|100%| O|  |TAMS 0x000000071ec00000, 0x000000071ec00000| Untracked 
| 247|0x000000071ee00000, 0x000000071f000000, 0x000000071f000000|100%| O|  |TAMS 0x000000071ee00000, 0x000000071ee00000| Untracked 
| 248|0x000000071f000000, 0x000000071f200000, 0x000000071f200000|100%| O|  |TAMS 0x000000071f000000, 0x000000071f000000| Untracked 
| 249|0x000000071f200000, 0x000000071f400000, 0x000000071f400000|100%| O|  |TAMS 0x000000071f200000, 0x000000071f200000| Untracked 
| 250|0x000000071f400000, 0x000000071f600000, 0x000000071f600000|100%| O|  |TAMS 0x000000071f400000, 0x000000071f400000| Untracked 
| 251|0x000000071f600000, 0x000000071f800000, 0x000000071f800000|100%| O|  |TAMS 0x000000071f600000, 0x000000071f600000| Untracked 
| 252|0x000000071f800000, 0x000000071fa00000, 0x000000071fa00000|100%| O|  |TAMS 0x000000071f800000, 0x000000071f800000| Untracked 
| 253|0x000000071fa00000, 0x000000071fc00000, 0x000000071fc00000|100%| O|  |TAMS 0x000000071fa00000, 0x000000071fa00000| Untracked 
| 254|0x000000071fc00000, 0x000000071fe00000, 0x000000071fe00000|100%| O|  |TAMS 0x000000071fc00000, 0x000000071fc00000| Untracked 
| 255|0x000000071fe00000, 0x0000000720000000, 0x0000000720000000|100%| O|  |TAMS 0x000000071fe00000, 0x000000071fe00000| Untracked 
| 256|0x0000000720000000, 0x0000000720200000, 0x0000000720200000|100%| O|  |TAMS 0x0000000720000000, 0x0000000720000000| Untracked 
| 257|0x0000000720200000, 0x0000000720400000, 0x0000000720400000|100%| O|  |TAMS 0x0000000720200000, 0x0000000720200000| Untracked 
| 258|0x0000000720400000, 0x0000000720600000, 0x0000000720600000|100%| O|  |TAMS 0x0000000720400000, 0x0000000720400000| Untracked 
| 259|0x0000000720600000, 0x0000000720800000, 0x0000000720800000|100%| O|  |TAMS 0x0000000720600000, 0x0000000720600000| Untracked 
| 260|0x0000000720800000, 0x0000000720a00000, 0x0000000720a00000|100%| O|  |TAMS 0x0000000720800000, 0x0000000720800000| Untracked 
| 261|0x0000000720a00000, 0x0000000720b33200, 0x0000000720c00000| 59%| O|  |TAMS 0x0000000720a00000, 0x0000000720a00000| Untracked 
| 262|0x0000000720c00000, 0x0000000720c00000, 0x0000000720e00000|  0%| F|  |TAMS 0x0000000720c00000, 0x0000000720c00000| Untracked 
| 263|0x0000000720e00000, 0x0000000720e00000, 0x0000000721000000|  0%| F|  |TAMS 0x0000000720e00000, 0x0000000720e00000| Untracked 
| 264|0x0000000721000000, 0x0000000721000000, 0x0000000721200000|  0%| F|  |TAMS 0x0000000721000000, 0x0000000721000000| Untracked 
| 265|0x0000000721200000, 0x0000000721200000, 0x0000000721400000|  0%| F|  |TAMS 0x0000000721200000, 0x0000000721200000| Untracked 
| 266|0x0000000721400000, 0x0000000721400000, 0x0000000721600000|  0%| F|  |TAMS 0x0000000721400000, 0x0000000721400000| Untracked 
| 267|0x0000000721600000, 0x0000000721600000, 0x0000000721800000|  0%| F|  |TAMS 0x0000000721600000, 0x0000000721600000| Untracked 
| 268|0x0000000721800000, 0x0000000721800000, 0x0000000721a00000|  0%| F|  |TAMS 0x0000000721800000, 0x0000000721800000| Untracked 
| 269|0x0000000721a00000, 0x0000000721a00000, 0x0000000721c00000|  0%| F|  |TAMS 0x0000000721a00000, 0x0000000721a00000| Untracked 
| 270|0x0000000721c00000, 0x0000000721c00000, 0x0000000721e00000|  0%| F|  |TAMS 0x0000000721c00000, 0x0000000721c00000| Untracked 
| 271|0x0000000721e00000, 0x0000000721e00000, 0x0000000722000000|  0%| F|  |TAMS 0x0000000721e00000, 0x0000000721e00000| Untracked 
| 272|0x0000000722000000, 0x0000000722000000, 0x0000000722200000|  0%| F|  |TAMS 0x0000000722000000, 0x0000000722000000| Untracked 
| 273|0x0000000722200000, 0x0000000722200000, 0x0000000722400000|  0%| F|  |TAMS 0x0000000722200000, 0x0000000722200000| Untracked 
| 274|0x0000000722400000, 0x0000000722400000, 0x0000000722600000|  0%| F|  |TAMS 0x0000000722400000, 0x0000000722400000| Untracked 
| 275|0x0000000722600000, 0x0000000722600000, 0x0000000722800000|  0%| F|  |TAMS 0x0000000722600000, 0x0000000722600000| Untracked 
| 276|0x0000000722800000, 0x0000000722800000, 0x0000000722a00000|  0%| F|  |TAMS 0x0000000722800000, 0x0000000722800000| Untracked 
| 277|0x0000000722a00000, 0x0000000722a00000, 0x0000000722c00000|  0%| F|  |TAMS 0x0000000722a00000, 0x0000000722a00000| Untracked 
| 278|0x0000000722c00000, 0x0000000722c00000, 0x0000000722e00000|  0%| F|  |TAMS 0x0000000722c00000, 0x0000000722c00000| Untracked 
| 279|0x0000000722e00000, 0x0000000722e00000, 0x0000000723000000|  0%| F|  |TAMS 0x0000000722e00000, 0x0000000722e00000| Untracked 
| 280|0x0000000723000000, 0x0000000723000000, 0x0000000723200000|  0%| F|  |TAMS 0x0000000723000000, 0x0000000723000000| Untracked 
| 281|0x0000000723200000, 0x0000000723200000, 0x0000000723400000|  0%| F|  |TAMS 0x0000000723200000, 0x0000000723200000| Untracked 
| 282|0x0000000723400000, 0x0000000723400000, 0x0000000723600000|  0%| F|  |TAMS 0x0000000723400000, 0x0000000723400000| Untracked 
| 283|0x0000000723600000, 0x0000000723600000, 0x0000000723800000|  0%| F|  |TAMS 0x0000000723600000, 0x0000000723600000| Untracked 
| 284|0x0000000723800000, 0x0000000723800000, 0x0000000723a00000|  0%| F|  |TAMS 0x0000000723800000, 0x0000000723800000| Untracked 
| 285|0x0000000723a00000, 0x0000000723a00000, 0x0000000723c00000|  0%| F|  |TAMS 0x0000000723a00000, 0x0000000723a00000| Untracked 
| 286|0x0000000723c00000, 0x0000000723c00000, 0x0000000723e00000|  0%| F|  |TAMS 0x0000000723c00000, 0x0000000723c00000| Untracked 
| 287|0x0000000723e00000, 0x0000000723e00000, 0x0000000724000000|  0%| F|  |TAMS 0x0000000723e00000, 0x0000000723e00000| Untracked 
| 288|0x0000000724000000, 0x0000000724000000, 0x0000000724200000|  0%| F|  |TAMS 0x0000000724000000, 0x0000000724000000| Untracked 
| 289|0x0000000724200000, 0x0000000724200000, 0x0000000724400000|  0%| F|  |TAMS 0x0000000724200000, 0x0000000724200000| Untracked 
| 290|0x0000000724400000, 0x0000000724400000, 0x0000000724600000|  0%| F|  |TAMS 0x0000000724400000, 0x0000000724400000| Untracked 
| 291|0x0000000724600000, 0x0000000724600000, 0x0000000724800000|  0%| F|  |TAMS 0x0000000724600000, 0x0000000724600000| Untracked 
| 292|0x0000000724800000, 0x0000000724800000, 0x0000000724a00000|  0%| F|  |TAMS 0x0000000724800000, 0x0000000724800000| Untracked 
| 293|0x0000000724a00000, 0x0000000724a00000, 0x0000000724c00000|  0%| F|  |TAMS 0x0000000724a00000, 0x0000000724a00000| Untracked 
| 294|0x0000000724c00000, 0x0000000724c00000, 0x0000000724e00000|  0%| F|  |TAMS 0x0000000724c00000, 0x0000000724c00000| Untracked 
| 295|0x0000000724e00000, 0x0000000724e00000, 0x0000000725000000|  0%| F|  |TAMS 0x0000000724e00000, 0x0000000724e00000| Untracked 
| 296|0x0000000725000000, 0x0000000725000000, 0x0000000725200000|  0%| F|  |TAMS 0x0000000725000000, 0x0000000725000000| Untracked 
| 297|0x0000000725200000, 0x0000000725200000, 0x0000000725400000|  0%| F|  |TAMS 0x0000000725200000, 0x0000000725200000| Untracked 
| 298|0x0000000725400000, 0x0000000725400000, 0x0000000725600000|  0%| F|  |TAMS 0x0000000725400000, 0x0000000725400000| Untracked 
| 299|0x0000000725600000, 0x0000000725600000, 0x0000000725800000|  0%| F|  |TAMS 0x0000000725600000, 0x0000000725600000| Untracked 
| 300|0x0000000725800000, 0x0000000725800000, 0x0000000725a00000|  0%| F|  |TAMS 0x0000000725800000, 0x0000000725800000| Untracked 
| 301|0x0000000725a00000, 0x0000000725a00000, 0x0000000725c00000|  0%| F|  |TAMS 0x0000000725a00000, 0x0000000725a00000| Untracked 
| 302|0x0000000725c00000, 0x0000000725c00000, 0x0000000725e00000|  0%| F|  |TAMS 0x0000000725c00000, 0x0000000725c00000| Untracked 
| 303|0x0000000725e00000, 0x0000000725e00000, 0x0000000726000000|  0%| F|  |TAMS 0x0000000725e00000, 0x0000000725e00000| Untracked 
| 304|0x0000000726000000, 0x0000000726000000, 0x0000000726200000|  0%| F|  |TAMS 0x0000000726000000, 0x0000000726000000| Untracked 
| 305|0x0000000726200000, 0x0000000726200000, 0x0000000726400000|  0%| F|  |TAMS 0x0000000726200000, 0x0000000726200000| Untracked 
| 306|0x0000000726400000, 0x0000000726400000, 0x0000000726600000|  0%| F|  |TAMS 0x0000000726400000, 0x0000000726400000| Untracked 
| 307|0x0000000726600000, 0x0000000726600000, 0x0000000726800000|  0%| F|  |TAMS 0x0000000726600000, 0x0000000726600000| Untracked 
| 308|0x0000000726800000, 0x0000000726800000, 0x0000000726a00000|  0%| F|  |TAMS 0x0000000726800000, 0x0000000726800000| Untracked 
| 309|0x0000000726a00000, 0x0000000726a00000, 0x0000000726c00000|  0%| F|  |TAMS 0x0000000726a00000, 0x0000000726a00000| Untracked 
| 310|0x0000000726c00000, 0x0000000726c00000, 0x0000000726e00000|  0%| F|  |TAMS 0x0000000726c00000, 0x0000000726c00000| Untracked 
| 311|0x0000000726e00000, 0x0000000726e00000, 0x0000000727000000|  0%| F|  |TAMS 0x0000000726e00000, 0x0000000726e00000| Untracked 
| 312|0x0000000727000000, 0x0000000727000000, 0x0000000727200000|  0%| F|  |TAMS 0x0000000727000000, 0x0000000727000000| Untracked 
| 313|0x0000000727200000, 0x0000000727200000, 0x0000000727400000|  0%| F|  |TAMS 0x0000000727200000, 0x0000000727200000| Untracked 
| 314|0x0000000727400000, 0x0000000727400000, 0x0000000727600000|  0%| F|  |TAMS 0x0000000727400000, 0x0000000727400000| Untracked 
| 315|0x0000000727600000, 0x0000000727600000, 0x0000000727800000|  0%| F|  |TAMS 0x0000000727600000, 0x0000000727600000| Untracked 
| 316|0x0000000727800000, 0x0000000727800000, 0x0000000727a00000|  0%| F|  |TAMS 0x0000000727800000, 0x0000000727800000| Untracked 
| 317|0x0000000727a00000, 0x0000000727a00000, 0x0000000727c00000|  0%| F|  |TAMS 0x0000000727a00000, 0x0000000727a00000| Untracked 
| 318|0x0000000727c00000, 0x0000000727c00000, 0x0000000727e00000|  0%| F|  |TAMS 0x0000000727c00000, 0x0000000727c00000| Untracked 
| 319|0x0000000727e00000, 0x0000000727e00000, 0x0000000728000000|  0%| F|  |TAMS 0x0000000727e00000, 0x0000000727e00000| Untracked 
| 320|0x0000000728000000, 0x0000000728000000, 0x0000000728200000|  0%| F|  |TAMS 0x0000000728000000, 0x0000000728000000| Untracked 
| 321|0x0000000728200000, 0x0000000728200000, 0x0000000728400000|  0%| F|  |TAMS 0x0000000728200000, 0x0000000728200000| Untracked 
| 322|0x0000000728400000, 0x0000000728400000, 0x0000000728600000|  0%| F|  |TAMS 0x0000000728400000, 0x0000000728400000| Untracked 
| 323|0x0000000728600000, 0x0000000728600000, 0x0000000728800000|  0%| F|  |TAMS 0x0000000728600000, 0x0000000728600000| Untracked 
| 324|0x0000000728800000, 0x0000000728800000, 0x0000000728a00000|  0%| F|  |TAMS 0x0000000728800000, 0x0000000728800000| Untracked 
| 325|0x0000000728a00000, 0x0000000728a00000, 0x0000000728c00000|  0%| F|  |TAMS 0x0000000728a00000, 0x0000000728a00000| Untracked 
| 326|0x0000000728c00000, 0x0000000728c00000, 0x0000000728e00000|  0%| F|  |TAMS 0x0000000728c00000, 0x0000000728c00000| Untracked 
| 327|0x0000000728e00000, 0x0000000728e00000, 0x0000000729000000|  0%| F|  |TAMS 0x0000000728e00000, 0x0000000728e00000| Untracked 
| 328|0x0000000729000000, 0x0000000729000000, 0x0000000729200000|  0%| F|  |TAMS 0x0000000729000000, 0x0000000729000000| Untracked 
| 329|0x0000000729200000, 0x0000000729200000, 0x0000000729400000|  0%| F|  |TAMS 0x0000000729200000, 0x0000000729200000| Untracked 
| 330|0x0000000729400000, 0x0000000729400000, 0x0000000729600000|  0%| F|  |TAMS 0x0000000729400000, 0x0000000729400000| Untracked 
| 331|0x0000000729600000, 0x0000000729600000, 0x0000000729800000|  0%| F|  |TAMS 0x0000000729600000, 0x0000000729600000| Untracked 
| 332|0x0000000729800000, 0x0000000729800000, 0x0000000729a00000|  0%| F|  |TAMS 0x0000000729800000, 0x0000000729800000| Untracked 
| 333|0x0000000729a00000, 0x0000000729a00000, 0x0000000729c00000|  0%| F|  |TAMS 0x0000000729a00000, 0x0000000729a00000| Untracked 
| 334|0x0000000729c00000, 0x0000000729c00000, 0x0000000729e00000|  0%| F|  |TAMS 0x0000000729c00000, 0x0000000729c00000| Untracked 
| 335|0x0000000729e00000, 0x0000000729e00000, 0x000000072a000000|  0%| F|  |TAMS 0x0000000729e00000, 0x0000000729e00000| Untracked 
| 336|0x000000072a000000, 0x000000072a000000, 0x000000072a200000|  0%| F|  |TAMS 0x000000072a000000, 0x000000072a000000| Untracked 
| 337|0x000000072a200000, 0x000000072a200000, 0x000000072a400000|  0%| F|  |TAMS 0x000000072a200000, 0x000000072a200000| Untracked 
| 338|0x000000072a400000, 0x000000072a400000, 0x000000072a600000|  0%| F|  |TAMS 0x000000072a400000, 0x000000072a400000| Untracked 
| 339|0x000000072a600000, 0x000000072a600000, 0x000000072a800000|  0%| F|  |TAMS 0x000000072a600000, 0x000000072a600000| Untracked 
| 340|0x000000072a800000, 0x000000072a800000, 0x000000072aa00000|  0%| F|  |TAMS 0x000000072a800000, 0x000000072a800000| Untracked 
| 341|0x000000072aa00000, 0x000000072aa00000, 0x000000072ac00000|  0%| F|  |TAMS 0x000000072aa00000, 0x000000072aa00000| Untracked 
| 342|0x000000072ac00000, 0x000000072ac00000, 0x000000072ae00000|  0%| F|  |TAMS 0x000000072ac00000, 0x000000072ac00000| Untracked 
| 343|0x000000072ae00000, 0x000000072ae00000, 0x000000072b000000|  0%| F|  |TAMS 0x000000072ae00000, 0x000000072ae00000| Untracked 
| 344|0x000000072b000000, 0x000000072b000000, 0x000000072b200000|  0%| F|  |TAMS 0x000000072b000000, 0x000000072b000000| Untracked 
| 345|0x000000072b200000, 0x000000072b200000, 0x000000072b400000|  0%| F|  |TAMS 0x000000072b200000, 0x000000072b200000| Untracked 
| 346|0x000000072b400000, 0x000000072b400000, 0x000000072b600000|  0%| F|  |TAMS 0x000000072b400000, 0x000000072b400000| Untracked 
| 347|0x000000072b600000, 0x000000072b600000, 0x000000072b800000|  0%| F|  |TAMS 0x000000072b600000, 0x000000072b600000| Untracked 
| 348|0x000000072b800000, 0x000000072b800000, 0x000000072ba00000|  0%| F|  |TAMS 0x000000072b800000, 0x000000072b800000| Untracked 
| 349|0x000000072ba00000, 0x000000072ba00000, 0x000000072bc00000|  0%| F|  |TAMS 0x000000072ba00000, 0x000000072ba00000| Untracked 
| 350|0x000000072bc00000, 0x000000072bc00000, 0x000000072be00000|  0%| F|  |TAMS 0x000000072bc00000, 0x000000072bc00000| Untracked 
| 351|0x000000072be00000, 0x000000072be00000, 0x000000072c000000|  0%| F|  |TAMS 0x000000072be00000, 0x000000072be00000| Untracked 
| 352|0x000000072c000000, 0x000000072c000000, 0x000000072c200000|  0%| F|  |TAMS 0x000000072c000000, 0x000000072c000000| Untracked 
| 353|0x000000072c200000, 0x000000072c200000, 0x000000072c400000|  0%| F|  |TAMS 0x000000072c200000, 0x000000072c200000| Untracked 
| 354|0x000000072c400000, 0x000000072c400000, 0x000000072c600000|  0%| F|  |TAMS 0x000000072c400000, 0x000000072c400000| Untracked 
| 355|0x000000072c600000, 0x000000072c600000, 0x000000072c800000|  0%| F|  |TAMS 0x000000072c600000, 0x000000072c600000| Untracked 
| 356|0x000000072c800000, 0x000000072c800000, 0x000000072ca00000|  0%| F|  |TAMS 0x000000072c800000, 0x000000072c800000| Untracked 
| 357|0x000000072ca00000, 0x000000072ca00000, 0x000000072cc00000|  0%| F|  |TAMS 0x000000072ca00000, 0x000000072ca00000| Untracked 
| 358|0x000000072cc00000, 0x000000072cc00000, 0x000000072ce00000|  0%| F|  |TAMS 0x000000072cc00000, 0x000000072cc00000| Untracked 
| 359|0x000000072ce00000, 0x000000072ce00000, 0x000000072d000000|  0%| F|  |TAMS 0x000000072ce00000, 0x000000072ce00000| Untracked 
| 360|0x000000072d000000, 0x000000072d000000, 0x000000072d200000|  0%| F|  |TAMS 0x000000072d000000, 0x000000072d000000| Untracked 
| 361|0x000000072d200000, 0x000000072d200000, 0x000000072d400000|  0%| F|  |TAMS 0x000000072d200000, 0x000000072d200000| Untracked 
| 362|0x000000072d400000, 0x000000072d400000, 0x000000072d600000|  0%| F|  |TAMS 0x000000072d400000, 0x000000072d400000| Untracked 
| 363|0x000000072d600000, 0x000000072d600000, 0x000000072d800000|  0%| F|  |TAMS 0x000000072d600000, 0x000000072d600000| Untracked 
| 364|0x000000072d800000, 0x000000072d800000, 0x000000072da00000|  0%| F|  |TAMS 0x000000072d800000, 0x000000072d800000| Untracked 
| 365|0x000000072da00000, 0x000000072da00000, 0x000000072dc00000|  0%| F|  |TAMS 0x000000072da00000, 0x000000072da00000| Untracked 
| 366|0x000000072dc00000, 0x000000072dc00000, 0x000000072de00000|  0%| F|  |TAMS 0x000000072dc00000, 0x000000072dc00000| Untracked 
| 367|0x000000072de00000, 0x000000072de00000, 0x000000072e000000|  0%| F|  |TAMS 0x000000072de00000, 0x000000072de00000| Untracked 
| 368|0x000000072e000000, 0x000000072e000000, 0x000000072e200000|  0%| F|  |TAMS 0x000000072e000000, 0x000000072e000000| Untracked 
| 369|0x000000072e200000, 0x000000072e200000, 0x000000072e400000|  0%| F|  |TAMS 0x000000072e200000, 0x000000072e200000| Untracked 
| 370|0x000000072e400000, 0x000000072e400000, 0x000000072e600000|  0%| F|  |TAMS 0x000000072e400000, 0x000000072e400000| Untracked 
| 371|0x000000072e600000, 0x000000072e600000, 0x000000072e800000|  0%| F|  |TAMS 0x000000072e600000, 0x000000072e600000| Untracked 
| 372|0x000000072e800000, 0x000000072e800000, 0x000000072ea00000|  0%| F|  |TAMS 0x000000072e800000, 0x000000072e800000| Untracked 
| 373|0x000000072ea00000, 0x000000072ea00000, 0x000000072ec00000|  0%| F|  |TAMS 0x000000072ea00000, 0x000000072ea00000| Untracked 
| 374|0x000000072ec00000, 0x000000072ec00000, 0x000000072ee00000|  0%| F|  |TAMS 0x000000072ec00000, 0x000000072ec00000| Untracked 
| 375|0x000000072ee00000, 0x000000072ee00000, 0x000000072f000000|  0%| F|  |TAMS 0x000000072ee00000, 0x000000072ee00000| Untracked 
| 376|0x000000072f000000, 0x000000072f000000, 0x000000072f200000|  0%| F|  |TAMS 0x000000072f000000, 0x000000072f000000| Untracked 
| 377|0x000000072f200000, 0x000000072f200000, 0x000000072f400000|  0%| F|  |TAMS 0x000000072f200000, 0x000000072f200000| Untracked 
| 378|0x000000072f400000, 0x000000072f400000, 0x000000072f600000|  0%| F|  |TAMS 0x000000072f400000, 0x000000072f400000| Untracked 
| 379|0x000000072f600000, 0x000000072f600000, 0x000000072f800000|  0%| F|  |TAMS 0x000000072f600000, 0x000000072f600000| Untracked 
| 380|0x000000072f800000, 0x000000072f800000, 0x000000072fa00000|  0%| F|  |TAMS 0x000000072f800000, 0x000000072f800000| Untracked 
| 381|0x000000072fa00000, 0x000000072fa00000, 0x000000072fc00000|  0%| F|  |TAMS 0x000000072fa00000, 0x000000072fa00000| Untracked 
| 382|0x000000072fc00000, 0x000000072fc00000, 0x000000072fe00000|  0%| F|  |TAMS 0x000000072fc00000, 0x000000072fc00000| Untracked 
| 383|0x000000072fe00000, 0x000000072fe00000, 0x0000000730000000|  0%| F|  |TAMS 0x000000072fe00000, 0x000000072fe00000| Untracked 
| 384|0x0000000730000000, 0x0000000730000000, 0x0000000730200000|  0%| F|  |TAMS 0x0000000730000000, 0x0000000730000000| Untracked 
| 385|0x0000000730200000, 0x0000000730200000, 0x0000000730400000|  0%| F|  |TAMS 0x0000000730200000, 0x0000000730200000| Untracked 
| 386|0x0000000730400000, 0x0000000730400000, 0x0000000730600000|  0%| F|  |TAMS 0x0000000730400000, 0x0000000730400000| Untracked 
| 387|0x0000000730600000, 0x0000000730600000, 0x0000000730800000|  0%| F|  |TAMS 0x0000000730600000, 0x0000000730600000| Untracked 
| 388|0x0000000730800000, 0x0000000730800000, 0x0000000730a00000|  0%| F|  |TAMS 0x0000000730800000, 0x0000000730800000| Untracked 
| 389|0x0000000730a00000, 0x0000000730a00000, 0x0000000730c00000|  0%| F|  |TAMS 0x0000000730a00000, 0x0000000730a00000| Untracked 
| 390|0x0000000730c00000, 0x0000000730c00000, 0x0000000730e00000|  0%| F|  |TAMS 0x0000000730c00000, 0x0000000730c00000| Untracked 
| 391|0x0000000730e00000, 0x0000000730e00000, 0x0000000731000000|  0%| F|  |TAMS 0x0000000730e00000, 0x0000000730e00000| Untracked 
| 392|0x0000000731000000, 0x0000000731000000, 0x0000000731200000|  0%| F|  |TAMS 0x0000000731000000, 0x0000000731000000| Untracked 
| 393|0x0000000731200000, 0x0000000731200000, 0x0000000731400000|  0%| F|  |TAMS 0x0000000731200000, 0x0000000731200000| Untracked 
| 394|0x0000000731400000, 0x0000000731400000, 0x0000000731600000|  0%| F|  |TAMS 0x0000000731400000, 0x0000000731400000| Untracked 
| 395|0x0000000731600000, 0x0000000731600000, 0x0000000731800000|  0%| F|  |TAMS 0x0000000731600000, 0x0000000731600000| Untracked 
| 396|0x0000000731800000, 0x0000000731800000, 0x0000000731a00000|  0%| F|  |TAMS 0x0000000731800000, 0x0000000731800000| Untracked 
| 397|0x0000000731a00000, 0x0000000731a00000, 0x0000000731c00000|  0%| F|  |TAMS 0x0000000731a00000, 0x0000000731a00000| Untracked 
| 398|0x0000000731c00000, 0x0000000731c00000, 0x0000000731e00000|  0%| F|  |TAMS 0x0000000731c00000, 0x0000000731c00000| Untracked 
| 399|0x0000000731e00000, 0x0000000731e00000, 0x0000000732000000|  0%| F|  |TAMS 0x0000000731e00000, 0x0000000731e00000| Untracked 
| 400|0x0000000732000000, 0x0000000732000000, 0x0000000732200000|  0%| F|  |TAMS 0x0000000732000000, 0x0000000732000000| Untracked 
| 401|0x0000000732200000, 0x0000000732200000, 0x0000000732400000|  0%| F|  |TAMS 0x0000000732200000, 0x0000000732200000| Untracked 
| 402|0x0000000732400000, 0x0000000732400000, 0x0000000732600000|  0%| F|  |TAMS 0x0000000732400000, 0x0000000732400000| Untracked 
| 403|0x0000000732600000, 0x0000000732600000, 0x0000000732800000|  0%| F|  |TAMS 0x0000000732600000, 0x0000000732600000| Untracked 
| 404|0x0000000732800000, 0x0000000732800000, 0x0000000732a00000|  0%| F|  |TAMS 0x0000000732800000, 0x0000000732800000| Untracked 
| 405|0x0000000732a00000, 0x0000000732a00000, 0x0000000732c00000|  0%| F|  |TAMS 0x0000000732a00000, 0x0000000732a00000| Untracked 
| 406|0x0000000732c00000, 0x0000000732c00000, 0x0000000732e00000|  0%| F|  |TAMS 0x0000000732c00000, 0x0000000732c00000| Untracked 
| 407|0x0000000732e00000, 0x0000000732e00000, 0x0000000733000000|  0%| F|  |TAMS 0x0000000732e00000, 0x0000000732e00000| Untracked 
| 408|0x0000000733000000, 0x0000000733000000, 0x0000000733200000|  0%| F|  |TAMS 0x0000000733000000, 0x0000000733000000| Untracked 
| 409|0x0000000733200000, 0x0000000733200000, 0x0000000733400000|  0%| F|  |TAMS 0x0000000733200000, 0x0000000733200000| Untracked 
| 410|0x0000000733400000, 0x0000000733400000, 0x0000000733600000|  0%| F|  |TAMS 0x0000000733400000, 0x0000000733400000| Untracked 
| 411|0x0000000733600000, 0x0000000733600000, 0x0000000733800000|  0%| F|  |TAMS 0x0000000733600000, 0x0000000733600000| Untracked 
| 412|0x0000000733800000, 0x0000000733800000, 0x0000000733a00000|  0%| F|  |TAMS 0x0000000733800000, 0x0000000733800000| Untracked 
| 413|0x0000000733a00000, 0x0000000733a00000, 0x0000000733c00000|  0%| F|  |TAMS 0x0000000733a00000, 0x0000000733a00000| Untracked 
| 414|0x0000000733c00000, 0x0000000733c00000, 0x0000000733e00000|  0%| F|  |TAMS 0x0000000733c00000, 0x0000000733c00000| Untracked 
| 415|0x0000000733e00000, 0x0000000733e00000, 0x0000000734000000|  0%| F|  |TAMS 0x0000000733e00000, 0x0000000733e00000| Untracked 
| 416|0x0000000734000000, 0x0000000734000000, 0x0000000734200000|  0%| F|  |TAMS 0x0000000734000000, 0x0000000734000000| Untracked 
| 417|0x0000000734200000, 0x0000000734200000, 0x0000000734400000|  0%| F|  |TAMS 0x0000000734200000, 0x0000000734200000| Untracked 
| 418|0x0000000734400000, 0x0000000734400000, 0x0000000734600000|  0%| F|  |TAMS 0x0000000734400000, 0x0000000734400000| Untracked 
| 419|0x0000000734600000, 0x0000000734600000, 0x0000000734800000|  0%| F|  |TAMS 0x0000000734600000, 0x0000000734600000| Untracked 
| 420|0x0000000734800000, 0x0000000734800000, 0x0000000734a00000|  0%| F|  |TAMS 0x0000000734800000, 0x0000000734800000| Untracked 
| 421|0x0000000734a00000, 0x0000000734a00000, 0x0000000734c00000|  0%| F|  |TAMS 0x0000000734a00000, 0x0000000734a00000| Untracked 
| 422|0x0000000734c00000, 0x0000000734c00000, 0x0000000734e00000|  0%| F|  |TAMS 0x0000000734c00000, 0x0000000734c00000| Untracked 
| 423|0x0000000734e00000, 0x0000000734e00000, 0x0000000735000000|  0%| F|  |TAMS 0x0000000734e00000, 0x0000000734e00000| Untracked 
| 424|0x0000000735000000, 0x0000000735000000, 0x0000000735200000|  0%| F|  |TAMS 0x0000000735000000, 0x0000000735000000| Untracked 
| 425|0x0000000735200000, 0x0000000735200000, 0x0000000735400000|  0%| F|  |TAMS 0x0000000735200000, 0x0000000735200000| Untracked 
| 426|0x0000000735400000, 0x0000000735400000, 0x0000000735600000|  0%| F|  |TAMS 0x0000000735400000, 0x0000000735400000| Untracked 
| 427|0x0000000735600000, 0x0000000735600000, 0x0000000735800000|  0%| F|  |TAMS 0x0000000735600000, 0x0000000735600000| Untracked 
| 428|0x0000000735800000, 0x0000000735800000, 0x0000000735a00000|  0%| F|  |TAMS 0x0000000735800000, 0x0000000735800000| Untracked 
| 429|0x0000000735a00000, 0x0000000735a00000, 0x0000000735c00000|  0%| F|  |TAMS 0x0000000735a00000, 0x0000000735a00000| Untracked 
| 430|0x0000000735c00000, 0x0000000735c00000, 0x0000000735e00000|  0%| F|  |TAMS 0x0000000735c00000, 0x0000000735c00000| Untracked 
| 431|0x0000000735e00000, 0x0000000735e00000, 0x0000000736000000|  0%| F|  |TAMS 0x0000000735e00000, 0x0000000735e00000| Untracked 
| 432|0x0000000736000000, 0x0000000736000000, 0x0000000736200000|  0%| F|  |TAMS 0x0000000736000000, 0x0000000736000000| Untracked 
| 433|0x0000000736200000, 0x0000000736200000, 0x0000000736400000|  0%| F|  |TAMS 0x0000000736200000, 0x0000000736200000| Untracked 
| 434|0x0000000736400000, 0x0000000736400000, 0x0000000736600000|  0%| F|  |TAMS 0x0000000736400000, 0x0000000736400000| Untracked 
| 435|0x0000000736600000, 0x0000000736600000, 0x0000000736800000|  0%| F|  |TAMS 0x0000000736600000, 0x0000000736600000| Untracked 
| 436|0x0000000736800000, 0x0000000736800000, 0x0000000736a00000|  0%| F|  |TAMS 0x0000000736800000, 0x0000000736800000| Untracked 
| 437|0x0000000736a00000, 0x0000000736a00000, 0x0000000736c00000|  0%| F|  |TAMS 0x0000000736a00000, 0x0000000736a00000| Untracked 
| 438|0x0000000736c00000, 0x0000000736c00000, 0x0000000736e00000|  0%| F|  |TAMS 0x0000000736c00000, 0x0000000736c00000| Untracked 
| 439|0x0000000736e00000, 0x0000000736e00000, 0x0000000737000000|  0%| F|  |TAMS 0x0000000736e00000, 0x0000000736e00000| Untracked 
| 440|0x0000000737000000, 0x0000000737000000, 0x0000000737200000|  0%| F|  |TAMS 0x0000000737000000, 0x0000000737000000| Untracked 
| 441|0x0000000737200000, 0x0000000737200000, 0x0000000737400000|  0%| F|  |TAMS 0x0000000737200000, 0x0000000737200000| Untracked 
| 442|0x0000000737400000, 0x0000000737400000, 0x0000000737600000|  0%| F|  |TAMS 0x0000000737400000, 0x0000000737400000| Untracked 
| 443|0x0000000737600000, 0x0000000737600000, 0x0000000737800000|  0%| F|  |TAMS 0x0000000737600000, 0x0000000737600000| Untracked 
| 444|0x0000000737800000, 0x0000000737800000, 0x0000000737a00000|  0%| F|  |TAMS 0x0000000737800000, 0x0000000737800000| Untracked 
| 445|0x0000000737a00000, 0x0000000737a00000, 0x0000000737c00000|  0%| F|  |TAMS 0x0000000737a00000, 0x0000000737a00000| Untracked 
| 446|0x0000000737c00000, 0x0000000737c00000, 0x0000000737e00000|  0%| F|  |TAMS 0x0000000737c00000, 0x0000000737c00000| Untracked 
| 447|0x0000000737e00000, 0x0000000737e00000, 0x0000000738000000|  0%| F|  |TAMS 0x0000000737e00000, 0x0000000737e00000| Untracked 
| 448|0x0000000738000000, 0x0000000738000000, 0x0000000738200000|  0%| F|  |TAMS 0x0000000738000000, 0x0000000738000000| Untracked 
| 449|0x0000000738200000, 0x0000000738200000, 0x0000000738400000|  0%| F|  |TAMS 0x0000000738200000, 0x0000000738200000| Untracked 
| 450|0x0000000738400000, 0x0000000738400000, 0x0000000738600000|  0%| F|  |TAMS 0x0000000738400000, 0x0000000738400000| Untracked 
| 451|0x0000000738600000, 0x0000000738600000, 0x0000000738800000|  0%| F|  |TAMS 0x0000000738600000, 0x0000000738600000| Untracked 
| 452|0x0000000738800000, 0x0000000738800000, 0x0000000738a00000|  0%| F|  |TAMS 0x0000000738800000, 0x0000000738800000| Untracked 
| 453|0x0000000738a00000, 0x0000000738a00000, 0x0000000738c00000|  0%| F|  |TAMS 0x0000000738a00000, 0x0000000738a00000| Untracked 
| 454|0x0000000738c00000, 0x0000000738c00000, 0x0000000738e00000|  0%| F|  |TAMS 0x0000000738c00000, 0x0000000738c00000| Untracked 
| 455|0x0000000738e00000, 0x0000000738e00000, 0x0000000739000000|  0%| F|  |TAMS 0x0000000738e00000, 0x0000000738e00000| Untracked 
| 456|0x0000000739000000, 0x0000000739000000, 0x0000000739200000|  0%| F|  |TAMS 0x0000000739000000, 0x0000000739000000| Untracked 
| 457|0x0000000739200000, 0x0000000739200000, 0x0000000739400000|  0%| F|  |TAMS 0x0000000739200000, 0x0000000739200000| Untracked 
| 458|0x0000000739400000, 0x0000000739400000, 0x0000000739600000|  0%| F|  |TAMS 0x0000000739400000, 0x0000000739400000| Untracked 
| 459|0x0000000739600000, 0x0000000739600000, 0x0000000739800000|  0%| F|  |TAMS 0x0000000739600000, 0x0000000739600000| Untracked 
| 460|0x0000000739800000, 0x0000000739800000, 0x0000000739a00000|  0%| F|  |TAMS 0x0000000739800000, 0x0000000739800000| Untracked 
| 461|0x0000000739a00000, 0x0000000739a00000, 0x0000000739c00000|  0%| F|  |TAMS 0x0000000739a00000, 0x0000000739a00000| Untracked 
| 462|0x0000000739c00000, 0x0000000739c00000, 0x0000000739e00000|  0%| F|  |TAMS 0x0000000739c00000, 0x0000000739c00000| Untracked 
| 463|0x0000000739e00000, 0x0000000739e00000, 0x000000073a000000|  0%| F|  |TAMS 0x0000000739e00000, 0x0000000739e00000| Untracked 
| 464|0x000000073a000000, 0x000000073a000000, 0x000000073a200000|  0%| F|  |TAMS 0x000000073a000000, 0x000000073a000000| Untracked 
| 465|0x000000073a200000, 0x000000073a200000, 0x000000073a400000|  0%| F|  |TAMS 0x000000073a200000, 0x000000073a200000| Untracked 
| 466|0x000000073a400000, 0x000000073a400000, 0x000000073a600000|  0%| F|  |TAMS 0x000000073a400000, 0x000000073a400000| Untracked 
| 467|0x000000073a600000, 0x000000073a600000, 0x000000073a800000|  0%| F|  |TAMS 0x000000073a600000, 0x000000073a600000| Untracked 
| 468|0x000000073a800000, 0x000000073a800000, 0x000000073aa00000|  0%| F|  |TAMS 0x000000073a800000, 0x000000073a800000| Untracked 
| 469|0x000000073aa00000, 0x000000073aa00000, 0x000000073ac00000|  0%| F|  |TAMS 0x000000073aa00000, 0x000000073aa00000| Untracked 
| 470|0x000000073ac00000, 0x000000073ac00000, 0x000000073ae00000|  0%| F|  |TAMS 0x000000073ac00000, 0x000000073ac00000| Untracked 
| 471|0x000000073ae00000, 0x000000073ae00000, 0x000000073b000000|  0%| F|  |TAMS 0x000000073ae00000, 0x000000073ae00000| Untracked 
| 472|0x000000073b000000, 0x000000073b000000, 0x000000073b200000|  0%| F|  |TAMS 0x000000073b000000, 0x000000073b000000| Untracked 
| 473|0x000000073b200000, 0x000000073b200000, 0x000000073b400000|  0%| F|  |TAMS 0x000000073b200000, 0x000000073b200000| Untracked 
| 474|0x000000073b400000, 0x000000073b400000, 0x000000073b600000|  0%| F|  |TAMS 0x000000073b400000, 0x000000073b400000| Untracked 
| 475|0x000000073b600000, 0x000000073b600000, 0x000000073b800000|  0%| F|  |TAMS 0x000000073b600000, 0x000000073b600000| Untracked 
| 476|0x000000073b800000, 0x000000073b800000, 0x000000073ba00000|  0%| F|  |TAMS 0x000000073b800000, 0x000000073b800000| Untracked 
| 477|0x000000073ba00000, 0x000000073ba00000, 0x000000073bc00000|  0%| F|  |TAMS 0x000000073ba00000, 0x000000073ba00000| Untracked 
| 478|0x000000073bc00000, 0x000000073bc00000, 0x000000073be00000|  0%| F|  |TAMS 0x000000073bc00000, 0x000000073bc00000| Untracked 
| 479|0x000000073be00000, 0x000000073be00000, 0x000000073c000000|  0%| F|  |TAMS 0x000000073be00000, 0x000000073be00000| Untracked 
| 480|0x000000073c000000, 0x000000073c000000, 0x000000073c200000|  0%| F|  |TAMS 0x000000073c000000, 0x000000073c000000| Untracked 
| 481|0x000000073c200000, 0x000000073c200000, 0x000000073c400000|  0%| F|  |TAMS 0x000000073c200000, 0x000000073c200000| Untracked 
| 482|0x000000073c400000, 0x000000073c400000, 0x000000073c600000|  0%| F|  |TAMS 0x000000073c400000, 0x000000073c400000| Untracked 
| 483|0x000000073c600000, 0x000000073c600000, 0x000000073c800000|  0%| F|  |TAMS 0x000000073c600000, 0x000000073c600000| Untracked 
| 484|0x000000073c800000, 0x000000073c800000, 0x000000073ca00000|  0%| F|  |TAMS 0x000000073c800000, 0x000000073c800000| Untracked 
| 485|0x000000073ca00000, 0x000000073ca00000, 0x000000073cc00000|  0%| F|  |TAMS 0x000000073ca00000, 0x000000073ca00000| Untracked 
| 486|0x000000073cc00000, 0x000000073cc00000, 0x000000073ce00000|  0%| F|  |TAMS 0x000000073cc00000, 0x000000073cc00000| Untracked 
| 487|0x000000073ce00000, 0x000000073ce00000, 0x000000073d000000|  0%| F|  |TAMS 0x000000073ce00000, 0x000000073ce00000| Untracked 
| 488|0x000000073d000000, 0x000000073d000000, 0x000000073d200000|  0%| F|  |TAMS 0x000000073d000000, 0x000000073d000000| Untracked 
| 489|0x000000073d200000, 0x000000073d200000, 0x000000073d400000|  0%| F|  |TAMS 0x000000073d200000, 0x000000073d200000| Untracked 
| 490|0x000000073d400000, 0x000000073d400000, 0x000000073d600000|  0%| F|  |TAMS 0x000000073d400000, 0x000000073d400000| Untracked 
| 491|0x000000073d600000, 0x000000073d600000, 0x000000073d800000|  0%| F|  |TAMS 0x000000073d600000, 0x000000073d600000| Untracked 
| 492|0x000000073d800000, 0x000000073d800000, 0x000000073da00000|  0%| F|  |TAMS 0x000000073d800000, 0x000000073d800000| Untracked 
| 493|0x000000073da00000, 0x000000073da00000, 0x000000073dc00000|  0%| F|  |TAMS 0x000000073da00000, 0x000000073da00000| Untracked 
| 494|0x000000073dc00000, 0x000000073dc00000, 0x000000073de00000|  0%| F|  |TAMS 0x000000073dc00000, 0x000000073dc00000| Untracked 
| 495|0x000000073de00000, 0x000000073de00000, 0x000000073e000000|  0%| F|  |TAMS 0x000000073de00000, 0x000000073de00000| Untracked 
| 496|0x000000073e000000, 0x000000073e000000, 0x000000073e200000|  0%| F|  |TAMS 0x000000073e000000, 0x000000073e000000| Untracked 
| 497|0x000000073e200000, 0x000000073e200000, 0x000000073e400000|  0%| F|  |TAMS 0x000000073e200000, 0x000000073e200000| Untracked 
| 498|0x000000073e400000, 0x000000073e400000, 0x000000073e600000|  0%| F|  |TAMS 0x000000073e400000, 0x000000073e400000| Untracked 
| 499|0x000000073e600000, 0x000000073e600000, 0x000000073e800000|  0%| F|  |TAMS 0x000000073e600000, 0x000000073e600000| Untracked 
| 500|0x000000073e800000, 0x000000073e800000, 0x000000073ea00000|  0%| F|  |TAMS 0x000000073e800000, 0x000000073e800000| Untracked 
| 501|0x000000073ea00000, 0x000000073ea00000, 0x000000073ec00000|  0%| F|  |TAMS 0x000000073ea00000, 0x000000073ea00000| Untracked 
| 502|0x000000073ec00000, 0x000000073ec00000, 0x000000073ee00000|  0%| F|  |TAMS 0x000000073ec00000, 0x000000073ec00000| Untracked 
| 503|0x000000073ee00000, 0x000000073ee00000, 0x000000073f000000|  0%| F|  |TAMS 0x000000073ee00000, 0x000000073ee00000| Untracked 
| 504|0x000000073f000000, 0x000000073f000000, 0x000000073f200000|  0%| F|  |TAMS 0x000000073f000000, 0x000000073f000000| Untracked 
| 505|0x000000073f200000, 0x000000073f200000, 0x000000073f400000|  0%| F|  |TAMS 0x000000073f200000, 0x000000073f200000| Untracked 
| 506|0x000000073f400000, 0x000000073f400000, 0x000000073f600000|  0%| F|  |TAMS 0x000000073f400000, 0x000000073f400000| Untracked 
| 507|0x000000073f600000, 0x000000073f600000, 0x000000073f800000|  0%| F|  |TAMS 0x000000073f600000, 0x000000073f600000| Untracked 
| 508|0x000000073f800000, 0x000000073f800000, 0x000000073fa00000|  0%| F|  |TAMS 0x000000073f800000, 0x000000073f800000| Untracked 
| 509|0x000000073fa00000, 0x000000073fa00000, 0x000000073fc00000|  0%| F|  |TAMS 0x000000073fa00000, 0x000000073fa00000| Untracked 
| 510|0x000000073fc00000, 0x000000073fc00000, 0x000000073fe00000|  0%| F|  |TAMS 0x000000073fc00000, 0x000000073fc00000| Untracked 
| 511|0x000000073fe00000, 0x000000073fe00000, 0x0000000740000000|  0%| F|  |TAMS 0x000000073fe00000, 0x000000073fe00000| Untracked 
| 512|0x0000000740000000, 0x0000000740000000, 0x0000000740200000|  0%| F|  |TAMS 0x0000000740000000, 0x0000000740000000| Untracked 
| 513|0x0000000740200000, 0x0000000740200000, 0x0000000740400000|  0%| F|  |TAMS 0x0000000740200000, 0x0000000740200000| Untracked 
| 514|0x0000000740400000, 0x0000000740400000, 0x0000000740600000|  0%| F|  |TAMS 0x0000000740400000, 0x0000000740400000| Untracked 
| 515|0x0000000740600000, 0x0000000740600000, 0x0000000740800000|  0%| F|  |TAMS 0x0000000740600000, 0x0000000740600000| Untracked 
| 516|0x0000000740800000, 0x0000000740800000, 0x0000000740a00000|  0%| F|  |TAMS 0x0000000740800000, 0x0000000740800000| Untracked 
| 517|0x0000000740a00000, 0x0000000740a00000, 0x0000000740c00000|  0%| F|  |TAMS 0x0000000740a00000, 0x0000000740a00000| Untracked 
| 518|0x0000000740c00000, 0x0000000740c00000, 0x0000000740e00000|  0%| F|  |TAMS 0x0000000740c00000, 0x0000000740c00000| Untracked 
| 519|0x0000000740e00000, 0x0000000740e00000, 0x0000000741000000|  0%| F|  |TAMS 0x0000000740e00000, 0x0000000740e00000| Untracked 
| 520|0x0000000741000000, 0x0000000741000000, 0x0000000741200000|  0%| F|  |TAMS 0x0000000741000000, 0x0000000741000000| Untracked 
| 521|0x0000000741200000, 0x0000000741200000, 0x0000000741400000|  0%| F|  |TAMS 0x0000000741200000, 0x0000000741200000| Untracked 
| 522|0x0000000741400000, 0x0000000741400000, 0x0000000741600000|  0%| F|  |TAMS 0x0000000741400000, 0x0000000741400000| Untracked 
| 523|0x0000000741600000, 0x0000000741600000, 0x0000000741800000|  0%| F|  |TAMS 0x0000000741600000, 0x0000000741600000| Untracked 
| 524|0x0000000741800000, 0x0000000741800000, 0x0000000741a00000|  0%| F|  |TAMS 0x0000000741800000, 0x0000000741800000| Untracked 
| 525|0x0000000741a00000, 0x0000000741a00000, 0x0000000741c00000|  0%| F|  |TAMS 0x0000000741a00000, 0x0000000741a00000| Untracked 
| 526|0x0000000741c00000, 0x0000000741c00000, 0x0000000741e00000|  0%| F|  |TAMS 0x0000000741c00000, 0x0000000741c00000| Untracked 
| 527|0x0000000741e00000, 0x0000000741e00000, 0x0000000742000000|  0%| F|  |TAMS 0x0000000741e00000, 0x0000000741e00000| Untracked 
| 528|0x0000000742000000, 0x0000000742000000, 0x0000000742200000|  0%| F|  |TAMS 0x0000000742000000, 0x0000000742000000| Untracked 
| 529|0x0000000742200000, 0x0000000742200000, 0x0000000742400000|  0%| F|  |TAMS 0x0000000742200000, 0x0000000742200000| Untracked 
| 530|0x0000000742400000, 0x0000000742400000, 0x0000000742600000|  0%| F|  |TAMS 0x0000000742400000, 0x0000000742400000| Untracked 
| 531|0x0000000742600000, 0x0000000742600000, 0x0000000742800000|  0%| F|  |TAMS 0x0000000742600000, 0x0000000742600000| Untracked 
| 532|0x0000000742800000, 0x0000000742800000, 0x0000000742a00000|  0%| F|  |TAMS 0x0000000742800000, 0x0000000742800000| Untracked 
| 533|0x0000000742a00000, 0x0000000742a00000, 0x0000000742c00000|  0%| F|  |TAMS 0x0000000742a00000, 0x0000000742a00000| Untracked 
| 534|0x0000000742c00000, 0x0000000742c00000, 0x0000000742e00000|  0%| F|  |TAMS 0x0000000742c00000, 0x0000000742c00000| Untracked 
| 535|0x0000000742e00000, 0x0000000742e00000, 0x0000000743000000|  0%| F|  |TAMS 0x0000000742e00000, 0x0000000742e00000| Untracked 
| 536|0x0000000743000000, 0x0000000743000000, 0x0000000743200000|  0%| F|  |TAMS 0x0000000743000000, 0x0000000743000000| Untracked 
| 537|0x0000000743200000, 0x0000000743200000, 0x0000000743400000|  0%| F|  |TAMS 0x0000000743200000, 0x0000000743200000| Untracked 
| 538|0x0000000743400000, 0x0000000743400000, 0x0000000743600000|  0%| F|  |TAMS 0x0000000743400000, 0x0000000743400000| Untracked 
| 539|0x0000000743600000, 0x0000000743600000, 0x0000000743800000|  0%| F|  |TAMS 0x0000000743600000, 0x0000000743600000| Untracked 
| 540|0x0000000743800000, 0x0000000743800000, 0x0000000743a00000|  0%| F|  |TAMS 0x0000000743800000, 0x0000000743800000| Untracked 
| 541|0x0000000743a00000, 0x0000000743a00000, 0x0000000743c00000|  0%| F|  |TAMS 0x0000000743a00000, 0x0000000743a00000| Untracked 
| 542|0x0000000743c00000, 0x0000000743c00000, 0x0000000743e00000|  0%| F|  |TAMS 0x0000000743c00000, 0x0000000743c00000| Untracked 
| 543|0x0000000743e00000, 0x0000000743e00000, 0x0000000744000000|  0%| F|  |TAMS 0x0000000743e00000, 0x0000000743e00000| Untracked 
| 544|0x0000000744000000, 0x0000000744000000, 0x0000000744200000|  0%| F|  |TAMS 0x0000000744000000, 0x0000000744000000| Untracked 
| 545|0x0000000744200000, 0x0000000744200000, 0x0000000744400000|  0%| F|  |TAMS 0x0000000744200000, 0x0000000744200000| Untracked 
| 546|0x0000000744400000, 0x0000000744400000, 0x0000000744600000|  0%| F|  |TAMS 0x0000000744400000, 0x0000000744400000| Untracked 
| 547|0x0000000744600000, 0x0000000744600000, 0x0000000744800000|  0%| F|  |TAMS 0x0000000744600000, 0x0000000744600000| Untracked 
| 548|0x0000000744800000, 0x0000000744800000, 0x0000000744a00000|  0%| F|  |TAMS 0x0000000744800000, 0x0000000744800000| Untracked 
| 549|0x0000000744a00000, 0x0000000744a00000, 0x0000000744c00000|  0%| F|  |TAMS 0x0000000744a00000, 0x0000000744a00000| Untracked 
| 550|0x0000000744c00000, 0x0000000744c00000, 0x0000000744e00000|  0%| F|  |TAMS 0x0000000744c00000, 0x0000000744c00000| Untracked 
| 551|0x0000000744e00000, 0x0000000744e00000, 0x0000000745000000|  0%| F|  |TAMS 0x0000000744e00000, 0x0000000744e00000| Untracked 
| 552|0x0000000745000000, 0x0000000745000000, 0x0000000745200000|  0%| F|  |TAMS 0x0000000745000000, 0x0000000745000000| Untracked 
| 553|0x0000000745200000, 0x0000000745200000, 0x0000000745400000|  0%| F|  |TAMS 0x0000000745200000, 0x0000000745200000| Untracked 
| 554|0x0000000745400000, 0x0000000745400000, 0x0000000745600000|  0%| F|  |TAMS 0x0000000745400000, 0x0000000745400000| Untracked 
| 555|0x0000000745600000, 0x0000000745600000, 0x0000000745800000|  0%| F|  |TAMS 0x0000000745600000, 0x0000000745600000| Untracked 
| 556|0x0000000745800000, 0x0000000745800000, 0x0000000745a00000|  0%| F|  |TAMS 0x0000000745800000, 0x0000000745800000| Untracked 
| 557|0x0000000745a00000, 0x0000000745a00000, 0x0000000745c00000|  0%| F|  |TAMS 0x0000000745a00000, 0x0000000745a00000| Untracked 
| 558|0x0000000745c00000, 0x0000000745c00000, 0x0000000745e00000|  0%| F|  |TAMS 0x0000000745c00000, 0x0000000745c00000| Untracked 
| 559|0x0000000745e00000, 0x0000000745e00000, 0x0000000746000000|  0%| F|  |TAMS 0x0000000745e00000, 0x0000000745e00000| Untracked 
| 560|0x0000000746000000, 0x0000000746000000, 0x0000000746200000|  0%| F|  |TAMS 0x0000000746000000, 0x0000000746000000| Untracked 
| 561|0x0000000746200000, 0x0000000746200000, 0x0000000746400000|  0%| F|  |TAMS 0x0000000746200000, 0x0000000746200000| Untracked 
| 562|0x0000000746400000, 0x0000000746400000, 0x0000000746600000|  0%| F|  |TAMS 0x0000000746400000, 0x0000000746400000| Untracked 
| 563|0x0000000746600000, 0x0000000746600000, 0x0000000746800000|  0%| F|  |TAMS 0x0000000746600000, 0x0000000746600000| Untracked 
| 564|0x0000000746800000, 0x0000000746800000, 0x0000000746a00000|  0%| F|  |TAMS 0x0000000746800000, 0x0000000746800000| Untracked 
| 565|0x0000000746a00000, 0x0000000746a00000, 0x0000000746c00000|  0%| F|  |TAMS 0x0000000746a00000, 0x0000000746a00000| Untracked 
| 566|0x0000000746c00000, 0x0000000746c00000, 0x0000000746e00000|  0%| F|  |TAMS 0x0000000746c00000, 0x0000000746c00000| Untracked 
| 567|0x0000000746e00000, 0x0000000746e00000, 0x0000000747000000|  0%| F|  |TAMS 0x0000000746e00000, 0x0000000746e00000| Untracked 
| 568|0x0000000747000000, 0x0000000747000000, 0x0000000747200000|  0%| F|  |TAMS 0x0000000747000000, 0x0000000747000000| Untracked 
| 569|0x0000000747200000, 0x0000000747200000, 0x0000000747400000|  0%| F|  |TAMS 0x0000000747200000, 0x0000000747200000| Untracked 
| 570|0x0000000747400000, 0x0000000747400000, 0x0000000747600000|  0%| F|  |TAMS 0x0000000747400000, 0x0000000747400000| Untracked 
| 571|0x0000000747600000, 0x0000000747600000, 0x0000000747800000|  0%| F|  |TAMS 0x0000000747600000, 0x0000000747600000| Untracked 
| 572|0x0000000747800000, 0x0000000747800000, 0x0000000747a00000|  0%| F|  |TAMS 0x0000000747800000, 0x0000000747800000| Untracked 
| 573|0x0000000747a00000, 0x0000000747a00000, 0x0000000747c00000|  0%| F|  |TAMS 0x0000000747a00000, 0x0000000747a00000| Untracked 
| 574|0x0000000747c00000, 0x0000000747c00000, 0x0000000747e00000|  0%| F|  |TAMS 0x0000000747c00000, 0x0000000747c00000| Untracked 
| 575|0x0000000747e00000, 0x0000000747e00000, 0x0000000748000000|  0%| F|  |TAMS 0x0000000747e00000, 0x0000000747e00000| Untracked 
| 576|0x0000000748000000, 0x0000000748000000, 0x0000000748200000|  0%| F|  |TAMS 0x0000000748000000, 0x0000000748000000| Untracked 
| 577|0x0000000748200000, 0x0000000748200000, 0x0000000748400000|  0%| F|  |TAMS 0x0000000748200000, 0x0000000748200000| Untracked 
| 578|0x0000000748400000, 0x0000000748400000, 0x0000000748600000|  0%| F|  |TAMS 0x0000000748400000, 0x0000000748400000| Untracked 
| 579|0x0000000748600000, 0x0000000748600000, 0x0000000748800000|  0%| F|  |TAMS 0x0000000748600000, 0x0000000748600000| Untracked 
| 580|0x0000000748800000, 0x0000000748800000, 0x0000000748a00000|  0%| F|  |TAMS 0x0000000748800000, 0x0000000748800000| Untracked 
| 581|0x0000000748a00000, 0x0000000748a00000, 0x0000000748c00000|  0%| F|  |TAMS 0x0000000748a00000, 0x0000000748a00000| Untracked 
| 582|0x0000000748c00000, 0x0000000748c00000, 0x0000000748e00000|  0%| F|  |TAMS 0x0000000748c00000, 0x0000000748c00000| Untracked 
| 583|0x0000000748e00000, 0x0000000748e00000, 0x0000000749000000|  0%| F|  |TAMS 0x0000000748e00000, 0x0000000748e00000| Untracked 
| 584|0x0000000749000000, 0x0000000749000000, 0x0000000749200000|  0%| F|  |TAMS 0x0000000749000000, 0x0000000749000000| Untracked 
| 585|0x0000000749200000, 0x0000000749200000, 0x0000000749400000|  0%| F|  |TAMS 0x0000000749200000, 0x0000000749200000| Untracked 
| 586|0x0000000749400000, 0x0000000749400000, 0x0000000749600000|  0%| F|  |TAMS 0x0000000749400000, 0x0000000749400000| Untracked 
| 587|0x0000000749600000, 0x0000000749600000, 0x0000000749800000|  0%| F|  |TAMS 0x0000000749600000, 0x0000000749600000| Untracked 
| 588|0x0000000749800000, 0x0000000749800000, 0x0000000749a00000|  0%| F|  |TAMS 0x0000000749800000, 0x0000000749800000| Untracked 
| 589|0x0000000749a00000, 0x0000000749a00000, 0x0000000749c00000|  0%| F|  |TAMS 0x0000000749a00000, 0x0000000749a00000| Untracked 
| 590|0x0000000749c00000, 0x0000000749c00000, 0x0000000749e00000|  0%| F|  |TAMS 0x0000000749c00000, 0x0000000749c00000| Untracked 
| 591|0x0000000749e00000, 0x0000000749e00000, 0x000000074a000000|  0%| F|  |TAMS 0x0000000749e00000, 0x0000000749e00000| Untracked 
| 592|0x000000074a000000, 0x000000074a000000, 0x000000074a200000|  0%| F|  |TAMS 0x000000074a000000, 0x000000074a000000| Untracked 
| 593|0x000000074a200000, 0x000000074a200000, 0x000000074a400000|  0%| F|  |TAMS 0x000000074a200000, 0x000000074a200000| Untracked 
| 594|0x000000074a400000, 0x000000074a400000, 0x000000074a600000|  0%| F|  |TAMS 0x000000074a400000, 0x000000074a400000| Untracked 
| 595|0x000000074a600000, 0x000000074a600000, 0x000000074a800000|  0%| F|  |TAMS 0x000000074a600000, 0x000000074a600000| Untracked 
| 596|0x000000074a800000, 0x000000074a800000, 0x000000074aa00000|  0%| F|  |TAMS 0x000000074a800000, 0x000000074a800000| Untracked 
| 597|0x000000074aa00000, 0x000000074aa00000, 0x000000074ac00000|  0%| F|  |TAMS 0x000000074aa00000, 0x000000074aa00000| Untracked 
| 598|0x000000074ac00000, 0x000000074ac00000, 0x000000074ae00000|  0%| F|  |TAMS 0x000000074ac00000, 0x000000074ac00000| Untracked 
| 599|0x000000074ae00000, 0x000000074ae00000, 0x000000074b000000|  0%| F|  |TAMS 0x000000074ae00000, 0x000000074ae00000| Untracked 
| 600|0x000000074b000000, 0x000000074b000000, 0x000000074b200000|  0%| F|  |TAMS 0x000000074b000000, 0x000000074b000000| Untracked 
| 601|0x000000074b200000, 0x000000074b200000, 0x000000074b400000|  0%| F|  |TAMS 0x000000074b200000, 0x000000074b200000| Untracked 
| 602|0x000000074b400000, 0x000000074b400000, 0x000000074b600000|  0%| F|  |TAMS 0x000000074b400000, 0x000000074b400000| Untracked 
| 603|0x000000074b600000, 0x000000074b600000, 0x000000074b800000|  0%| F|  |TAMS 0x000000074b600000, 0x000000074b600000| Untracked 
| 604|0x000000074b800000, 0x000000074b800000, 0x000000074ba00000|  0%| F|  |TAMS 0x000000074b800000, 0x000000074b800000| Untracked 
| 605|0x000000074ba00000, 0x000000074ba00000, 0x000000074bc00000|  0%| F|  |TAMS 0x000000074ba00000, 0x000000074ba00000| Untracked 
| 606|0x000000074bc00000, 0x000000074bc00000, 0x000000074be00000|  0%| F|  |TAMS 0x000000074bc00000, 0x000000074bc00000| Untracked 
| 607|0x000000074be00000, 0x000000074be00000, 0x000000074c000000|  0%| F|  |TAMS 0x000000074be00000, 0x000000074be00000| Untracked 
| 608|0x000000074c000000, 0x000000074c000000, 0x000000074c200000|  0%| F|  |TAMS 0x000000074c000000, 0x000000074c000000| Untracked 
| 609|0x000000074c200000, 0x000000074c200000, 0x000000074c400000|  0%| F|  |TAMS 0x000000074c200000, 0x000000074c200000| Untracked 
| 610|0x000000074c400000, 0x000000074c400000, 0x000000074c600000|  0%| F|  |TAMS 0x000000074c400000, 0x000000074c400000| Untracked 
| 611|0x000000074c600000, 0x000000074c600000, 0x000000074c800000|  0%| F|  |TAMS 0x000000074c600000, 0x000000074c600000| Untracked 
| 612|0x000000074c800000, 0x000000074c800000, 0x000000074ca00000|  0%| F|  |TAMS 0x000000074c800000, 0x000000074c800000| Untracked 
| 613|0x000000074ca00000, 0x000000074ca00000, 0x000000074cc00000|  0%| F|  |TAMS 0x000000074ca00000, 0x000000074ca00000| Untracked 
| 614|0x000000074cc00000, 0x000000074cc00000, 0x000000074ce00000|  0%| F|  |TAMS 0x000000074cc00000, 0x000000074cc00000| Untracked 
| 615|0x000000074ce00000, 0x000000074ce00000, 0x000000074d000000|  0%| F|  |TAMS 0x000000074ce00000, 0x000000074ce00000| Untracked 
| 616|0x000000074d000000, 0x000000074d000000, 0x000000074d200000|  0%| F|  |TAMS 0x000000074d000000, 0x000000074d000000| Untracked 
| 617|0x000000074d200000, 0x000000074d200000, 0x000000074d400000|  0%| F|  |TAMS 0x000000074d200000, 0x000000074d200000| Untracked 
| 618|0x000000074d400000, 0x000000074d400000, 0x000000074d600000|  0%| F|  |TAMS 0x000000074d400000, 0x000000074d400000| Untracked 
| 619|0x000000074d600000, 0x000000074d600000, 0x000000074d800000|  0%| F|  |TAMS 0x000000074d600000, 0x000000074d600000| Untracked 
| 620|0x000000074d800000, 0x000000074d800000, 0x000000074da00000|  0%| F|  |TAMS 0x000000074d800000, 0x000000074d800000| Untracked 
| 621|0x000000074da00000, 0x000000074da00000, 0x000000074dc00000|  0%| F|  |TAMS 0x000000074da00000, 0x000000074da00000| Untracked 
| 622|0x000000074dc00000, 0x000000074dc00000, 0x000000074de00000|  0%| F|  |TAMS 0x000000074dc00000, 0x000000074dc00000| Untracked 
| 623|0x000000074de00000, 0x000000074de00000, 0x000000074e000000|  0%| F|  |TAMS 0x000000074de00000, 0x000000074de00000| Untracked 
| 624|0x000000074e000000, 0x000000074e000000, 0x000000074e200000|  0%| F|  |TAMS 0x000000074e000000, 0x000000074e000000| Untracked 
| 625|0x000000074e200000, 0x000000074e200000, 0x000000074e400000|  0%| F|  |TAMS 0x000000074e200000, 0x000000074e200000| Untracked 
| 626|0x000000074e400000, 0x000000074e400000, 0x000000074e600000|  0%| F|  |TAMS 0x000000074e400000, 0x000000074e400000| Untracked 
| 627|0x000000074e600000, 0x000000074e600000, 0x000000074e800000|  0%| F|  |TAMS 0x000000074e600000, 0x000000074e600000| Untracked 
| 628|0x000000074e800000, 0x000000074e800000, 0x000000074ea00000|  0%| F|  |TAMS 0x000000074e800000, 0x000000074e800000| Untracked 
| 629|0x000000074ea00000, 0x000000074ea00000, 0x000000074ec00000|  0%| F|  |TAMS 0x000000074ea00000, 0x000000074ea00000| Untracked 
| 630|0x000000074ec00000, 0x000000074ec00000, 0x000000074ee00000|  0%| F|  |TAMS 0x000000074ec00000, 0x000000074ec00000| Untracked 
| 631|0x000000074ee00000, 0x000000074ee00000, 0x000000074f000000|  0%| F|  |TAMS 0x000000074ee00000, 0x000000074ee00000| Untracked 
| 632|0x000000074f000000, 0x000000074f000000, 0x000000074f200000|  0%| F|  |TAMS 0x000000074f000000, 0x000000074f000000| Untracked 
| 633|0x000000074f200000, 0x000000074f200000, 0x000000074f400000|  0%| F|  |TAMS 0x000000074f200000, 0x000000074f200000| Untracked 
| 634|0x000000074f400000, 0x000000074f400000, 0x000000074f600000|  0%| F|  |TAMS 0x000000074f400000, 0x000000074f400000| Untracked 
| 635|0x000000074f600000, 0x000000074f600000, 0x000000074f800000|  0%| F|  |TAMS 0x000000074f600000, 0x000000074f600000| Untracked 
| 636|0x000000074f800000, 0x000000074f800000, 0x000000074fa00000|  0%| F|  |TAMS 0x000000074f800000, 0x000000074f800000| Untracked 
| 637|0x000000074fa00000, 0x000000074fa00000, 0x000000074fc00000|  0%| F|  |TAMS 0x000000074fa00000, 0x000000074fa00000| Untracked 
| 638|0x000000074fc00000, 0x000000074fc00000, 0x000000074fe00000|  0%| F|  |TAMS 0x000000074fc00000, 0x000000074fc00000| Untracked 
| 639|0x000000074fe00000, 0x000000074fe00000, 0x0000000750000000|  0%| F|  |TAMS 0x000000074fe00000, 0x000000074fe00000| Untracked 
| 640|0x0000000750000000, 0x0000000750000000, 0x0000000750200000|  0%| F|  |TAMS 0x0000000750000000, 0x0000000750000000| Untracked 
| 641|0x0000000750200000, 0x0000000750200000, 0x0000000750400000|  0%| F|  |TAMS 0x0000000750200000, 0x0000000750200000| Untracked 
| 642|0x0000000750400000, 0x0000000750400000, 0x0000000750600000|  0%| F|  |TAMS 0x0000000750400000, 0x0000000750400000| Untracked 
| 643|0x0000000750600000, 0x0000000750600000, 0x0000000750800000|  0%| F|  |TAMS 0x0000000750600000, 0x0000000750600000| Untracked 
| 644|0x0000000750800000, 0x0000000750800000, 0x0000000750a00000|  0%| F|  |TAMS 0x0000000750800000, 0x0000000750800000| Untracked 
| 645|0x0000000750a00000, 0x0000000750a00000, 0x0000000750c00000|  0%| F|  |TAMS 0x0000000750a00000, 0x0000000750a00000| Untracked 
| 646|0x0000000750c00000, 0x0000000750c00000, 0x0000000750e00000|  0%| F|  |TAMS 0x0000000750c00000, 0x0000000750c00000| Untracked 
| 647|0x0000000750e00000, 0x0000000750e00000, 0x0000000751000000|  0%| F|  |TAMS 0x0000000750e00000, 0x0000000750e00000| Untracked 
| 648|0x0000000751000000, 0x0000000751000000, 0x0000000751200000|  0%| F|  |TAMS 0x0000000751000000, 0x0000000751000000| Untracked 
| 649|0x0000000751200000, 0x0000000751200000, 0x0000000751400000|  0%| F|  |TAMS 0x0000000751200000, 0x0000000751200000| Untracked 
| 650|0x0000000751400000, 0x0000000751400000, 0x0000000751600000|  0%| F|  |TAMS 0x0000000751400000, 0x0000000751400000| Untracked 
| 651|0x0000000751600000, 0x0000000751600000, 0x0000000751800000|  0%| F|  |TAMS 0x0000000751600000, 0x0000000751600000| Untracked 
| 652|0x0000000751800000, 0x0000000751800000, 0x0000000751a00000|  0%| F|  |TAMS 0x0000000751800000, 0x0000000751800000| Untracked 
| 653|0x0000000751a00000, 0x0000000751a00000, 0x0000000751c00000|  0%| F|  |TAMS 0x0000000751a00000, 0x0000000751a00000| Untracked 
| 654|0x0000000751c00000, 0x0000000751c00000, 0x0000000751e00000|  0%| F|  |TAMS 0x0000000751c00000, 0x0000000751c00000| Untracked 
| 655|0x0000000751e00000, 0x0000000751e00000, 0x0000000752000000|  0%| F|  |TAMS 0x0000000751e00000, 0x0000000751e00000| Untracked 
| 656|0x0000000752000000, 0x0000000752000000, 0x0000000752200000|  0%| F|  |TAMS 0x0000000752000000, 0x0000000752000000| Untracked 
| 657|0x0000000752200000, 0x0000000752200000, 0x0000000752400000|  0%| F|  |TAMS 0x0000000752200000, 0x0000000752200000| Untracked 
| 658|0x0000000752400000, 0x0000000752400000, 0x0000000752600000|  0%| F|  |TAMS 0x0000000752400000, 0x0000000752400000| Untracked 
| 659|0x0000000752600000, 0x0000000752600000, 0x0000000752800000|  0%| F|  |TAMS 0x0000000752600000, 0x0000000752600000| Untracked 
| 660|0x0000000752800000, 0x0000000752800000, 0x0000000752a00000|  0%| F|  |TAMS 0x0000000752800000, 0x0000000752800000| Untracked 
| 661|0x0000000752a00000, 0x0000000752a00000, 0x0000000752c00000|  0%| F|  |TAMS 0x0000000752a00000, 0x0000000752a00000| Untracked 
| 662|0x0000000752c00000, 0x0000000752c00000, 0x0000000752e00000|  0%| F|  |TAMS 0x0000000752c00000, 0x0000000752c00000| Untracked 
| 663|0x0000000752e00000, 0x0000000752e00000, 0x0000000753000000|  0%| F|  |TAMS 0x0000000752e00000, 0x0000000752e00000| Untracked 
| 664|0x0000000753000000, 0x0000000753000000, 0x0000000753200000|  0%| F|  |TAMS 0x0000000753000000, 0x0000000753000000| Untracked 
| 665|0x0000000753200000, 0x0000000753200000, 0x0000000753400000|  0%| F|  |TAMS 0x0000000753200000, 0x0000000753200000| Untracked 
| 666|0x0000000753400000, 0x0000000753400000, 0x0000000753600000|  0%| F|  |TAMS 0x0000000753400000, 0x0000000753400000| Untracked 
| 667|0x0000000753600000, 0x0000000753600000, 0x0000000753800000|  0%| F|  |TAMS 0x0000000753600000, 0x0000000753600000| Untracked 
| 668|0x0000000753800000, 0x0000000753800000, 0x0000000753a00000|  0%| F|  |TAMS 0x0000000753800000, 0x0000000753800000| Untracked 
| 669|0x0000000753a00000, 0x0000000753a00000, 0x0000000753c00000|  0%| F|  |TAMS 0x0000000753a00000, 0x0000000753a00000| Untracked 
| 670|0x0000000753c00000, 0x0000000753c00000, 0x0000000753e00000|  0%| F|  |TAMS 0x0000000753c00000, 0x0000000753c00000| Untracked 
| 671|0x0000000753e00000, 0x0000000753e00000, 0x0000000754000000|  0%| F|  |TAMS 0x0000000753e00000, 0x0000000753e00000| Untracked 
| 672|0x0000000754000000, 0x0000000754000000, 0x0000000754200000|  0%| F|  |TAMS 0x0000000754000000, 0x0000000754000000| Untracked 
| 673|0x0000000754200000, 0x0000000754200000, 0x0000000754400000|  0%| F|  |TAMS 0x0000000754200000, 0x0000000754200000| Untracked 
| 674|0x0000000754400000, 0x0000000754400000, 0x0000000754600000|  0%| F|  |TAMS 0x0000000754400000, 0x0000000754400000| Untracked 
| 675|0x0000000754600000, 0x0000000754600000, 0x0000000754800000|  0%| F|  |TAMS 0x0000000754600000, 0x0000000754600000| Untracked 
| 676|0x0000000754800000, 0x0000000754800000, 0x0000000754a00000|  0%| F|  |TAMS 0x0000000754800000, 0x0000000754800000| Untracked 
| 677|0x0000000754a00000, 0x0000000754a00000, 0x0000000754c00000|  0%| F|  |TAMS 0x0000000754a00000, 0x0000000754a00000| Untracked 
| 678|0x0000000754c00000, 0x0000000754c00000, 0x0000000754e00000|  0%| F|  |TAMS 0x0000000754c00000, 0x0000000754c00000| Untracked 
| 679|0x0000000754e00000, 0x0000000754fe09f0, 0x0000000755000000| 93%| S|CS|TAMS 0x0000000754e00000, 0x0000000754e00000| Complete 
| 680|0x0000000755000000, 0x0000000755200000, 0x0000000755200000|100%| S|CS|TAMS 0x0000000755000000, 0x0000000755000000| Complete 
| 681|0x0000000755200000, 0x0000000755400000, 0x0000000755400000|100%| S|CS|TAMS 0x0000000755200000, 0x0000000755200000| Complete 
| 682|0x0000000755400000, 0x0000000755600000, 0x0000000755600000|100%| S|CS|TAMS 0x0000000755400000, 0x0000000755400000| Complete 
| 683|0x0000000755600000, 0x0000000755800000, 0x0000000755800000|100%| S|CS|TAMS 0x0000000755600000, 0x0000000755600000| Complete 
| 684|0x0000000755800000, 0x0000000755800000, 0x0000000755a00000|  0%| F|  |TAMS 0x0000000755800000, 0x0000000755800000| Untracked 
| 685|0x0000000755a00000, 0x0000000755a00000, 0x0000000755c00000|  0%| F|  |TAMS 0x0000000755a00000, 0x0000000755a00000| Untracked 
| 686|0x0000000755c00000, 0x0000000755c00000, 0x0000000755e00000|  0%| F|  |TAMS 0x0000000755c00000, 0x0000000755c00000| Untracked 
| 687|0x0000000755e00000, 0x0000000755e00000, 0x0000000756000000|  0%| F|  |TAMS 0x0000000755e00000, 0x0000000755e00000| Untracked 
| 688|0x0000000756000000, 0x0000000756000000, 0x0000000756200000|  0%| F|  |TAMS 0x0000000756000000, 0x0000000756000000| Untracked 
| 689|0x0000000756200000, 0x0000000756200000, 0x0000000756400000|  0%| F|  |TAMS 0x0000000756200000, 0x0000000756200000| Untracked 
| 690|0x0000000756400000, 0x0000000756400000, 0x0000000756600000|  0%| F|  |TAMS 0x0000000756400000, 0x0000000756400000| Untracked 
| 691|0x0000000756600000, 0x0000000756600000, 0x0000000756800000|  0%| F|  |TAMS 0x0000000756600000, 0x0000000756600000| Untracked 
| 692|0x0000000756800000, 0x0000000756800000, 0x0000000756a00000|  0%| F|  |TAMS 0x0000000756800000, 0x0000000756800000| Untracked 
| 693|0x0000000756a00000, 0x0000000756a00000, 0x0000000756c00000|  0%| F|  |TAMS 0x0000000756a00000, 0x0000000756a00000| Untracked 
| 694|0x0000000756c00000, 0x0000000756c00000, 0x0000000756e00000|  0%| F|  |TAMS 0x0000000756c00000, 0x0000000756c00000| Untracked 
| 695|0x0000000756e00000, 0x0000000756e00000, 0x0000000757000000|  0%| F|  |TAMS 0x0000000756e00000, 0x0000000756e00000| Untracked 
| 696|0x0000000757000000, 0x0000000757000000, 0x0000000757200000|  0%| F|  |TAMS 0x0000000757000000, 0x0000000757000000| Untracked 
| 697|0x0000000757200000, 0x0000000757200000, 0x0000000757400000|  0%| F|  |TAMS 0x0000000757200000, 0x0000000757200000| Untracked 
| 698|0x0000000757400000, 0x0000000757400000, 0x0000000757600000|  0%| F|  |TAMS 0x0000000757400000, 0x0000000757400000| Untracked 
| 699|0x0000000757600000, 0x0000000757600000, 0x0000000757800000|  0%| F|  |TAMS 0x0000000757600000, 0x0000000757600000| Untracked 
| 700|0x0000000757800000, 0x0000000757800000, 0x0000000757a00000|  0%| F|  |TAMS 0x0000000757800000, 0x0000000757800000| Untracked 
| 701|0x0000000757a00000, 0x0000000757a00000, 0x0000000757c00000|  0%| F|  |TAMS 0x0000000757a00000, 0x0000000757a00000| Untracked 
| 702|0x0000000757c00000, 0x0000000757c00000, 0x0000000757e00000|  0%| F|  |TAMS 0x0000000757c00000, 0x0000000757c00000| Untracked 
| 703|0x0000000757e00000, 0x0000000757e00000, 0x0000000758000000|  0%| F|  |TAMS 0x0000000757e00000, 0x0000000757e00000| Untracked 
| 704|0x0000000758000000, 0x0000000758000000, 0x0000000758200000|  0%| F|  |TAMS 0x0000000758000000, 0x0000000758000000| Untracked 
| 705|0x0000000758200000, 0x0000000758200000, 0x0000000758400000|  0%| F|  |TAMS 0x0000000758200000, 0x0000000758200000| Untracked 
| 706|0x0000000758400000, 0x0000000758400000, 0x0000000758600000|  0%| F|  |TAMS 0x0000000758400000, 0x0000000758400000| Untracked 
| 707|0x0000000758600000, 0x0000000758600000, 0x0000000758800000|  0%| F|  |TAMS 0x0000000758600000, 0x0000000758600000| Untracked 
| 708|0x0000000758800000, 0x0000000758800000, 0x0000000758a00000|  0%| F|  |TAMS 0x0000000758800000, 0x0000000758800000| Untracked 
| 709|0x0000000758a00000, 0x0000000758a00000, 0x0000000758c00000|  0%| F|  |TAMS 0x0000000758a00000, 0x0000000758a00000| Untracked 
| 710|0x0000000758c00000, 0x0000000758c00000, 0x0000000758e00000|  0%| F|  |TAMS 0x0000000758c00000, 0x0000000758c00000| Untracked 
| 711|0x0000000758e00000, 0x0000000758e00000, 0x0000000759000000|  0%| F|  |TAMS 0x0000000758e00000, 0x0000000758e00000| Untracked 
| 712|0x0000000759000000, 0x0000000759000000, 0x0000000759200000|  0%| F|  |TAMS 0x0000000759000000, 0x0000000759000000| Untracked 
| 713|0x0000000759200000, 0x0000000759200000, 0x0000000759400000|  0%| F|  |TAMS 0x0000000759200000, 0x0000000759200000| Untracked 
| 714|0x0000000759400000, 0x0000000759400000, 0x0000000759600000|  0%| F|  |TAMS 0x0000000759400000, 0x0000000759400000| Untracked 
| 715|0x0000000759600000, 0x0000000759600000, 0x0000000759800000|  0%| F|  |TAMS 0x0000000759600000, 0x0000000759600000| Untracked 
| 716|0x0000000759800000, 0x0000000759800000, 0x0000000759a00000|  0%| F|  |TAMS 0x0000000759800000, 0x0000000759800000| Untracked 
| 717|0x0000000759a00000, 0x0000000759a00000, 0x0000000759c00000|  0%| F|  |TAMS 0x0000000759a00000, 0x0000000759a00000| Untracked 
| 718|0x0000000759c00000, 0x0000000759c00000, 0x0000000759e00000|  0%| F|  |TAMS 0x0000000759c00000, 0x0000000759c00000| Untracked 
| 719|0x0000000759e00000, 0x0000000759e00000, 0x000000075a000000|  0%| F|  |TAMS 0x0000000759e00000, 0x0000000759e00000| Untracked 

Card table byte_map: [0x000002c973050000,0x000002c973850000] _byte_map_base: 0x000002c96f850000

Marking Bits (Prev, Next): (CMBitMap*) 0x000002c95b844bb0, (CMBitMap*) 0x000002c95b844bf0
 Prev Bits: [0x000002c974050000, 0x000002c978050000)
 Next Bits: [0x000002c978050000, 0x000002c97c050000)

Polling page: 0x000002c959460000

Metaspace:

Usage:
  Non-class:    137.15 MB used.
      Class:     21.98 MB used.
       Both:    159.13 MB used.

Virtual space:
  Non-class space:      192.00 MB reserved,     138.19 MB ( 72%) committed,  3 nodes.
      Class space:      832.00 MB reserved,      22.88 MB (  3%) committed,  1 nodes.
             Both:        1.00 GB reserved,     161.06 MB ( 16%) committed. 

Chunk freelists:
   Non-Class:  5.47 MB
       Class:  9.15 MB
        Both:  14.62 MB

MaxMetaspaceSize: 1.00 GB
CompressedClassSpaceSize: 832.00 MB
Initial GC threshold: 21.00 MB
Current GC threshold: 202.44 MB
CDS: on
MetaspaceReclaimPolicy: balanced
 - commit_granule_bytes: 65536.
 - commit_granule_words: 8192.
 - virtual_space_node_default_size: 8388608.
 - enlarge_chunks_in_place: 1.
 - new_chunks_are_fully_committed: 0.
 - uncommit_free_chunks: 1.
 - use_allocation_guard: 0.
 - handle_deallocations: 1.


Internal statistics:

num_allocs_failed_limit: 9.
num_arena_births: 2728.
num_arena_deaths: 0.
num_vsnodes_births: 4.
num_vsnodes_deaths: 0.
num_space_committed: 2576.
num_space_uncommitted: 0.
num_chunks_returned_to_freelist: 9.
num_chunks_taken_from_freelist: 10318.
num_chunk_merges: 9.
num_chunk_splits: 6565.
num_chunks_enlarged: 3998.
num_inconsistent_stats: 0.

CodeHeap 'non-profiled nmethods': size=120000Kb used=22048Kb max_used=22048Kb free=97951Kb
 bounds [0x000002c96add0000, 0x000002c96c360000, 0x000002c972300000]
CodeHeap 'profiled nmethods': size=120000Kb used=50982Kb max_used=53786Kb free=69017Kb
 bounds [0x000002c963300000, 0x000002c9667a0000, 0x000002c96a830000]
CodeHeap 'non-nmethods': size=5760Kb used=2523Kb max_used=2685Kb free=3236Kb
 bounds [0x000002c96a830000, 0x000002c96aae0000, 0x000002c96add0000]
 total_blobs=26190 nmethods=25117 adapters=983
 compilation: enabled
              stopped_count=0, restarted_count=0
 full_count=0

Compilation events (20 events):
Event: 97.393 Thread 0x000002c94d371c20 nmethod 32642 0x000002c96bce3c90 code [0x000002c96bce3e20, 0x000002c96bce3fb8]
Event: 97.394 Thread 0x000002c94d371c20 32550       4       com.android.tools.r8.graph.l1::c (62 bytes)
Event: 97.398 Thread 0x000002c94d371c20 nmethod 32550 0x000002c96bce3310 code [0x000002c96bce34a0, 0x000002c96bce39d8]
Event: 97.398 Thread 0x000002c94d371c20 32579       4       java.util.zip.ZipUtils::get16 (21 bytes)
Event: 97.399 Thread 0x000002c94d371c20 nmethod 32579 0x000002c96bce3010 code [0x000002c96bce3180, 0x000002c96bce3238]
Event: 97.399 Thread 0x000002c94d371c20 32638       4       com.android.tools.r8.internal.qJ::hasNext (13 bytes)
Event: 97.400 Thread 0x000002c94d371c20 nmethod 32638 0x000002c96bce2d10 code [0x000002c96bce2e80, 0x000002c96bce2f18]
Event: 97.400 Thread 0x000002c94d371c20 32563       4       com.android.tools.r8.internal.lo::hashCode (13 bytes)
Event: 97.401 Thread 0x000002c94d371c20 nmethod 32563 0x000002c96bce2990 code [0x000002c96bce2b20, 0x000002c96bce2be8]
Event: 97.401 Thread 0x000002c94d371c20 32575       4       com.android.tools.r8.dex.m::e (5 bytes)
Event: 97.405 Thread 0x000002c94d371c20 nmethod 32575 0x000002c96bce2310 code [0x000002c96bce24a0, 0x000002c96bce26d8]
Event: 97.405 Thread 0x000002c94d371c20 32577       4       com.android.tools.r8.dex.C::h (23 bytes)
Event: 97.430 Thread 0x000002c94ce2e1d0 nmethod 32943 0x000002c96c354290 code [0x000002c96c354520, 0x000002c96c355b00]
Event: 97.431 Thread 0x000002c97eba4b80 32977       2       com.android.tools.r8.internal.k50::a (34 bytes)
Event: 97.431 Thread 0x000002c94ce2e1d0 32973       4       com.android.tools.r8.internal.Ar0::a (134 bytes)
Event: 97.431 Thread 0x000002c97eba4b80 nmethod 32977 0x000002c9659caf90 code [0x000002c9659cb1a0, 0x000002c9659cb548]
Event: 97.431 Thread 0x000002c97eba4b80 32976       2       com.android.tools.r8.graph.i0::a (422 bytes)
Event: 97.434 Thread 0x000002c94d371c20 nmethod 32577 0x000002c96c356c10 code [0x000002c96c356e00, 0x000002c96c3577a8]
Event: 97.434 Thread 0x000002c97eba4b80 nmethod 32976 0x000002c9659c9a10 code [0x000002c9659c9d00, 0x000002c9659ca898]
Event: 97.434 Thread 0x000002c94d371c20 32974       4       com.android.tools.r8.internal.Ar0::a (34 bytes)

GC Heap History (20 events):
Event: 65.084 GC heap after
{Heap after GC invocations=82 (full 0):
 garbage-first heap   total 1474560K, used 387544K [0x0000000700000000, 0x0000000800000000)
  region size 2048K, 3 young (6144K), 3 survivors (6144K)
 Metaspace       used 159665K, committed 161664K, reserved 1048576K
  class space    used 22171K, committed 23104K, reserved 851968K
}
Event: 73.491 GC heap before
{Heap before GC invocations=82 (full 0):
 garbage-first heap   total 1474560K, used 963032K [0x0000000700000000, 0x0000000800000000)
  region size 2048K, 285 young (583680K), 3 survivors (6144K)
 Metaspace       used 159786K, committed 161792K, reserved 1048576K
  class space    used 22177K, committed 23104K, reserved 851968K
}
Event: 73.553 GC heap after
{Heap after GC invocations=83 (full 0):
 garbage-first heap   total 1474560K, used 389207K [0x0000000700000000, 0x0000000800000000)
  region size 2048K, 4 young (8192K), 4 survivors (8192K)
 Metaspace       used 159786K, committed 161792K, reserved 1048576K
  class space    used 22177K, committed 23104K, reserved 851968K
}
Event: 76.012 GC heap before
{Heap before GC invocations=83 (full 0):
 garbage-first heap   total 1474560K, used 1265751K [0x0000000700000000, 0x0000000800000000)
  region size 2048K, 432 young (884736K), 4 survivors (8192K)
 Metaspace       used 159910K, committed 161920K, reserved 1048576K
  class space    used 22181K, committed 23104K, reserved 851968K
}
Event: 76.281 GC heap after
{Heap after GC invocations=84 (full 0):
 garbage-first heap   total 1474560K, used 390964K [0x0000000700000000, 0x0000000800000000)
  region size 2048K, 5 young (10240K), 5 survivors (10240K)
 Metaspace       used 159910K, committed 161920K, reserved 1048576K
  class space    used 22181K, committed 23104K, reserved 851968K
}
Event: 76.945 GC heap before
{Heap before GC invocations=84 (full 0):
 garbage-first heap   total 1474560K, used 571188K [0x0000000700000000, 0x0000000800000000)
  region size 2048K, 93 young (190464K), 5 survivors (10240K)
 Metaspace       used 159911K, committed 161920K, reserved 1048576K
  class space    used 22181K, committed 23104K, reserved 851968K
}
Event: 76.971 GC heap after
{Heap after GC invocations=85 (full 0):
 garbage-first heap   total 1474560K, used 391560K [0x0000000700000000, 0x0000000800000000)
  region size 2048K, 5 young (10240K), 5 survivors (10240K)
 Metaspace       used 159911K, committed 161920K, reserved 1048576K
  class space    used 22181K, committed 23104K, reserved 851968K
}
Event: 79.309 GC heap before
{Heap before GC invocations=85 (full 0):
 garbage-first heap   total 1474560K, used 668040K [0x0000000700000000, 0x0000000800000000)
  region size 2048K, 137 young (280576K), 5 survivors (10240K)
 Metaspace       used 160068K, committed 162048K, reserved 1048576K
  class space    used 22191K, committed 23104K, reserved 851968K
}
Event: 79.325 GC heap after
{Heap after GC invocations=86 (full 0):
 garbage-first heap   total 1474560K, used 398144K [0x0000000700000000, 0x0000000800000000)
  region size 2048K, 7 young (14336K), 7 survivors (14336K)
 Metaspace       used 160068K, committed 162048K, reserved 1048576K
  class space    used 22191K, committed 23104K, reserved 851968K
}
Event: 85.775 GC heap before
{Heap before GC invocations=86 (full 0):
 garbage-first heap   total 1474560K, used 707392K [0x0000000700000000, 0x0000000800000000)
  region size 2048K, 158 young (323584K), 7 survivors (14336K)
 Metaspace       used 160136K, committed 162112K, reserved 1048576K
  class space    used 22199K, committed 23104K, reserved 851968K
}
Event: 85.791 GC heap after
{Heap after GC invocations=87 (full 0):
 garbage-first heap   total 1474560K, used 393488K [0x0000000700000000, 0x0000000800000000)
  region size 2048K, 6 young (12288K), 6 survivors (12288K)
 Metaspace       used 160136K, committed 162112K, reserved 1048576K
  class space    used 22199K, committed 23104K, reserved 851968K
}
Event: 93.985 GC heap before
{Heap before GC invocations=87 (full 0):
 garbage-first heap   total 1474560K, used 1151248K [0x0000000700000000, 0x0000000800000000)
  region size 2048K, 349 young (714752K), 6 survivors (12288K)
 Metaspace       used 161813K, committed 163776K, reserved 1048576K
  class space    used 22407K, committed 23296K, reserved 851968K
}
Event: 94.024 GC heap after
{Heap after GC invocations=88 (full 0):
 garbage-first heap   total 1474560K, used 452279K [0x0000000700000000, 0x0000000800000000)
  region size 2048K, 21 young (43008K), 21 survivors (43008K)
 Metaspace       used 161813K, committed 163776K, reserved 1048576K
  class space    used 22407K, committed 23296K, reserved 851968K
}
Event: 94.727 GC heap before
{Heap before GC invocations=88 (full 0):
 garbage-first heap   total 1474560K, used 487095K [0x0000000700000000, 0x0000000800000000)
  region size 2048K, 38 young (77824K), 21 survivors (43008K)
 Metaspace       used 161923K, committed 163840K, reserved 1048576K
  class space    used 22411K, committed 23296K, reserved 851968K
}
Event: 95.304 GC heap after
{Heap after GC invocations=89 (full 0):
 garbage-first heap   total 1474560K, used 462550K [0x0000000700000000, 0x0000000800000000)
  region size 2048K, 5 young (10240K), 5 survivors (10240K)
 Metaspace       used 161923K, committed 163840K, reserved 1048576K
  class space    used 22411K, committed 23296K, reserved 851968K
}
Event: 96.093 GC heap before
{Heap before GC invocations=89 (full 0):
 garbage-first heap   total 1474560K, used 546518K [0x0000000700000000, 0x0000000800000000)
  region size 2048K, 47 young (96256K), 5 survivors (10240K)
 Metaspace       used 162560K, committed 164544K, reserved 1048576K
  class space    used 22476K, committed 23424K, reserved 851968K
}
Event: 96.224 GC heap after
{Heap after GC invocations=90 (full 0):
 garbage-first heap   total 1474560K, used 501760K [0x0000000700000000, 0x0000000800000000)
  region size 2048K, 6 young (12288K), 6 survivors (12288K)
 Metaspace       used 162560K, committed 164544K, reserved 1048576K
  class space    used 22476K, committed 23424K, reserved 851968K
}
Event: 96.565 GC heap before
{Heap before GC invocations=90 (full 0):
 garbage-first heap   total 1474560K, used 561152K [0x0000000700000000, 0x0000000800000000)
  region size 2048K, 36 young (73728K), 6 survivors (12288K)
 Metaspace       used 162717K, committed 164672K, reserved 1048576K
  class space    used 22496K, committed 23424K, reserved 851968K
}
Event: 96.661 GC heap after
{Heap after GC invocations=91 (full 0):
 garbage-first heap   total 1474560K, used 533076K [0x0000000700000000, 0x0000000800000000)
  region size 2048K, 5 young (10240K), 5 survivors (10240K)
 Metaspace       used 162717K, committed 164672K, reserved 1048576K
  class space    used 22496K, committed 23424K, reserved 851968K
}
Event: 97.437 GC heap before
{Heap before GC invocations=91 (full 0):
 garbage-first heap   total 1474560K, used 596564K [0x0000000700000000, 0x0000000800000000)
  region size 2048K, 36 young (73728K), 5 survivors (10240K)
 Metaspace       used 162951K, committed 164928K, reserved 1048576K
  class space    used 22507K, committed 23424K, reserved 851968K
}

Dll operation events (16 events):
Event: 0.018 Loaded shared library C:\Program Files\Microsoft\jdk-17.0.13.11-hotspot\bin\java.dll
Event: 0.043 Loaded shared library C:\Program Files\Microsoft\jdk-17.0.13.11-hotspot\bin\jsvml.dll
Event: 0.134 Loaded shared library C:\Program Files\Microsoft\jdk-17.0.13.11-hotspot\bin\zip.dll
Event: 0.139 Loaded shared library C:\Program Files\Microsoft\jdk-17.0.13.11-hotspot\bin\instrument.dll
Event: 0.147 Loaded shared library C:\Program Files\Microsoft\jdk-17.0.13.11-hotspot\bin\net.dll
Event: 0.150 Loaded shared library C:\Program Files\Microsoft\jdk-17.0.13.11-hotspot\bin\nio.dll
Event: 0.155 Loaded shared library C:\Program Files\Microsoft\jdk-17.0.13.11-hotspot\bin\zip.dll
Event: 0.555 Loaded shared library C:\Program Files\Microsoft\jdk-17.0.13.11-hotspot\bin\jimage.dll
Event: 0.776 Loaded shared library C:\Program Files\Microsoft\jdk-17.0.13.11-hotspot\bin\verify.dll
Event: 0.904 Loaded shared library C:\Users\laxman\.gradle\native\1def1411415f61bf3af743bc5b6707747c0891f09f0c88961ee8f79bc544acac\windows-amd64\native-platform.dll
Event: 0.933 Loaded shared library C:\Users\laxman\.gradle\native\0.2.7\x86_64-windows-gnu\gradle-fileevents.dll
Event: 2.641 Loaded shared library C:\Program Files\Microsoft\jdk-17.0.13.11-hotspot\bin\management.dll
Event: 2.643 Loaded shared library C:\Program Files\Microsoft\jdk-17.0.13.11-hotspot\bin\management_ext.dll
Event: 2.904 Loaded shared library C:\Program Files\Microsoft\jdk-17.0.13.11-hotspot\bin\extnet.dll
Event: 3.156 Loaded shared library C:\Program Files\Microsoft\jdk-17.0.13.11-hotspot\bin\sunmscapi.dll
Event: 47.193 Loaded shared library C:\Program Files\Microsoft\jdk-17.0.13.11-hotspot\bin\rmi.dll

Deoptimization events (20 events):
Event: 97.078 Thread 0x000002c94794c5e0 Uncommon trap: trap_request=0xffffffde fr.pc=0x000002c96bef65ec relative=0x0000000000000b0c
Event: 97.078 Thread 0x000002c94794c5e0 Uncommon trap: reason=class_check action=maybe_recompile pc=0x000002c96bef65ec method=com.android.tools.r8.internal.Ne.b(Ljava/util/function/Function;Lcom/android/tools/r8/internal/kp0;Lcom/android/tools/r8/internal/lp0;)Lcom/android/tools/r8/internal/pp0
Event: 97.079 Thread 0x000002c94794c5e0 DEOPT PACKING pc=0x000002c96bef65ec sp=0x000000ed995fd4b0
Event: 97.079 Thread 0x000002c94794c5e0 DEOPT UNPACKING pc=0x000002c96a8869a3 sp=0x000000ed995fd450 mode 2
Event: 97.141 Thread 0x000002c94794c5e0 Uncommon trap: trap_request=0xffffffde fr.pc=0x000002c96b25d3ac relative=0x00000000000004cc
Event: 97.141 Thread 0x000002c94794c5e0 Uncommon trap: reason=class_check action=maybe_recompile pc=0x000002c96b25d3ac method=com.android.tools.r8.internal.yz.a(Ljava/util/function/Predicate;Ljava/util/function/Function;Lcom/android/tools/r8/internal/kp0;Lcom/android/tools/r8/internal/lp0;)Lcom
Event: 97.141 Thread 0x000002c94794c5e0 DEOPT PACKING pc=0x000002c96b25d3ac sp=0x000000ed995fcdc0
Event: 97.141 Thread 0x000002c94794c5e0 DEOPT UNPACKING pc=0x000002c96a8869a3 sp=0x000000ed995fcd58 mode 2
Event: 97.141 Thread 0x000002c94794c5e0 Uncommon trap: trap_request=0xffffffde fr.pc=0x000002c96b25d3ac relative=0x00000000000004cc
Event: 97.141 Thread 0x000002c94794c5e0 Uncommon trap: reason=class_check action=maybe_recompile pc=0x000002c96b25d3ac method=com.android.tools.r8.internal.yz.a(Ljava/util/function/Predicate;Ljava/util/function/Function;Lcom/android/tools/r8/internal/kp0;Lcom/android/tools/r8/internal/lp0;)Lcom
Event: 97.141 Thread 0x000002c94794c5e0 DEOPT PACKING pc=0x000002c96b25d3ac sp=0x000000ed995fcd70
Event: 97.141 Thread 0x000002c94794c5e0 DEOPT UNPACKING pc=0x000002c96a8869a3 sp=0x000000ed995fcd08 mode 2
Event: 97.141 Thread 0x000002c94794c5e0 Uncommon trap: trap_request=0xffffffde fr.pc=0x000002c96b25d3ac relative=0x00000000000004cc
Event: 97.141 Thread 0x000002c94794c5e0 Uncommon trap: reason=class_check action=maybe_recompile pc=0x000002c96b25d3ac method=com.android.tools.r8.internal.yz.a(Ljava/util/function/Predicate;Ljava/util/function/Function;Lcom/android/tools/r8/internal/kp0;Lcom/android/tools/r8/internal/lp0;)Lcom
Event: 97.141 Thread 0x000002c94794c5e0 DEOPT PACKING pc=0x000002c96b25d3ac sp=0x000000ed995fcdc0
Event: 97.141 Thread 0x000002c94794c5e0 DEOPT UNPACKING pc=0x000002c96a8869a3 sp=0x000000ed995fcd58 mode 2
Event: 97.141 Thread 0x000002c94794c5e0 Uncommon trap: trap_request=0xffffffde fr.pc=0x000002c96b25d3ac relative=0x00000000000004cc
Event: 97.141 Thread 0x000002c94794c5e0 Uncommon trap: reason=class_check action=maybe_recompile pc=0x000002c96b25d3ac method=com.android.tools.r8.internal.yz.a(Ljava/util/function/Predicate;Ljava/util/function/Function;Lcom/android/tools/r8/internal/kp0;Lcom/android/tools/r8/internal/lp0;)Lcom
Event: 97.141 Thread 0x000002c94794c5e0 DEOPT PACKING pc=0x000002c96b25d3ac sp=0x000000ed995fcd70
Event: 97.141 Thread 0x000002c94794c5e0 DEOPT UNPACKING pc=0x000002c96a8869a3 sp=0x000000ed995fcd08 mode 2

Classes loaded (20 events):
Event: 58.885 Loading class java/util/zip/Adler32
Event: 58.889 Loading class java/util/zip/Adler32 done
Event: 91.478 Loading class java/nio/file/FileTreeIterator
Event: 91.491 Loading class java/nio/file/FileTreeIterator done
Event: 92.728 Loading class java/util/Collections$UnmodifiableSortedSet
Event: 92.735 Loading class java/util/Collections$UnmodifiableSortedSet done
Event: 92.741 Loading class java/util/concurrent/Semaphore$NonfairSync
Event: 92.747 Loading class java/util/concurrent/Semaphore$Sync
Event: 92.749 Loading class java/util/concurrent/Semaphore$Sync done
Event: 92.750 Loading class java/util/concurrent/Semaphore$NonfairSync done
Event: 92.898 Loading class java/nio/BufferUnderflowException
Event: 92.899 Loading class java/nio/BufferUnderflowException done
Event: 95.467 Loading class java/util/concurrent/ForkJoinTask$AdaptedCallable
Event: 95.469 Loading class java/util/concurrent/ForkJoinTask$AdaptedCallable done
Event: 95.494 Loading class java/util/concurrent/ForkJoinPool$DefaultForkJoinWorkerThreadFactory$1
Event: 95.499 Loading class java/util/concurrent/ForkJoinPool$DefaultForkJoinWorkerThreadFactory$1 done
Event: 95.643 Loading class java/nio/HeapShortBuffer
Event: 95.649 Loading class java/nio/HeapShortBuffer done
Event: 96.524 Loading class java/io/PushbackInputStream
Event: 96.524 Loading class java/io/PushbackInputStream done

Classes unloaded (0 events):
No events

Classes redefined (0 events):
No events

Internal exceptions (20 events):
Event: 95.692 Thread 0x000002c94c4d4500 Exception <a 'java/lang/NoSuchMethodError'{0x000000075944db30}: 'long java.lang.invoke.DirectMethodHandle$Holder.invokeStatic(java.lang.Object, java.lang.Object, java.lang.Object)'> (0x000000075944db30) 
thrown [s\src\hotspot\share\interpreter\linkResolver.cpp, line 759]
Event: 95.695 Thread 0x000002c9488ce820 Exception <a 'sun/nio/fs/WindowsException'{0x00000007597df800}> (0x00000007597df800) 
thrown [s\src\hotspot\share\prims\jni.cpp, line 516]
Event: 95.697 Thread 0x000002c93f01b4c0 Exception <a 'java/lang/NoSuchMethodError'{0x00000007597e6d40}: 'long java.lang.invoke.DirectMethodHandle$Holder.invokeStatic(java.lang.Object, java.lang.Object, java.lang.Object)'> (0x00000007597e6d40) 
thrown [s\src\hotspot\share\interpreter\linkResolver.cpp, line 759]
Event: 95.735 Thread 0x000002c9488ce820 Exception <a 'sun/nio/fs/WindowsException'{0x0000000759279940}> (0x0000000759279940) 
thrown [s\src\hotspot\share\prims\jni.cpp, line 516]
Event: 95.898 Thread 0x000002c9488ce820 Exception <a 'sun/nio/fs/WindowsException'{0x000000075927bb78}> (0x000000075927bb78) 
thrown [s\src\hotspot\share\prims\jni.cpp, line 516]
Event: 96.021 Thread 0x000002c9488ce820 Exception <a 'sun/nio/fs/WindowsException'{0x000000075927dec0}> (0x000000075927dec0) 
thrown [s\src\hotspot\share\prims\jni.cpp, line 516]
Event: 96.278 Thread 0x000002c9488ce820 Exception <a 'sun/nio/fs/WindowsException'{0x0000000759fc24b0}> (0x0000000759fc24b0) 
thrown [s\src\hotspot\share\prims\jni.cpp, line 516]
Event: 96.308 Thread 0x000002c9488ce820 Exception <a 'sun/nio/fs/WindowsException'{0x0000000759fc4730}> (0x0000000759fc4730) 
thrown [s\src\hotspot\share\prims\jni.cpp, line 516]
Event: 96.427 Thread 0x000002c9488ce820 Exception <a 'sun/nio/fs/WindowsException'{0x0000000757012818}> (0x0000000757012818) 
thrown [s\src\hotspot\share\prims\jni.cpp, line 516]
Event: 96.683 Thread 0x000002c9488ce820 Exception <a 'sun/nio/fs/WindowsException'{0x0000000759ed3610}> (0x0000000759ed3610) 
thrown [s\src\hotspot\share\prims\jni.cpp, line 516]
Event: 96.895 Thread 0x000002c9488ce820 Exception <a 'sun/nio/fs/WindowsException'{0x000000075898cbb8}> (0x000000075898cbb8) 
thrown [s\src\hotspot\share\prims\jni.cpp, line 516]
Event: 97.076 Thread 0x000002c9488ce820 Exception <a 'sun/nio/fs/WindowsException'{0x000000075898edc0}> (0x000000075898edc0) 
thrown [s\src\hotspot\share\prims\jni.cpp, line 516]
Event: 97.187 Thread 0x000002c9488ce820 Exception <a 'sun/nio/fs/WindowsException'{0x0000000756e04978}> (0x0000000756e04978) 
thrown [s\src\hotspot\share\prims\jni.cpp, line 516]
Event: 97.191 Thread 0x000002c9488ce820 Exception <a 'sun/nio/fs/WindowsException'{0x0000000756e06ba0}> (0x0000000756e06ba0) 
thrown [s\src\hotspot\share\prims\jni.cpp, line 516]
Event: 97.198 Thread 0x000002c9488ce820 Exception <a 'sun/nio/fs/WindowsException'{0x0000000756e878a0}> (0x0000000756e878a0) 
thrown [s\src\hotspot\share\prims\jni.cpp, line 516]
Event: 97.210 Thread 0x000002c9488ce820 Exception <a 'sun/nio/fs/WindowsException'{0x0000000756e89ad8}> (0x0000000756e89ad8) 
thrown [s\src\hotspot\share\prims\jni.cpp, line 516]
Event: 97.241 Thread 0x000002c9488ce820 Exception <a 'sun/nio/fs/WindowsException'{0x0000000756c14cb0}> (0x0000000756c14cb0) 
thrown [s\src\hotspot\share\prims\jni.cpp, line 516]
Event: 97.391 Thread 0x000002c9488ce820 Exception <a 'sun/nio/fs/WindowsException'{0x0000000756c16f40}> (0x0000000756c16f40) 
thrown [s\src\hotspot\share\prims\jni.cpp, line 516]
Event: 97.399 Thread 0x000002c9488ce820 Exception <a 'sun/nio/fs/WindowsException'{0x00000007558b9110}> (0x00000007558b9110) 
thrown [s\src\hotspot\share\prims\jni.cpp, line 516]
Event: 97.435 Thread 0x000002c9488ce820 Exception <a 'sun/nio/fs/WindowsException'{0x00000007559d6940}> (0x00000007559d6940) 
thrown [s\src\hotspot\share\prims\jni.cpp, line 516]

VM Operations (20 events):
Event: 93.218 Executing VM operation: ICBufferFull done
Event: 93.984 Executing VM operation: G1CollectForAllocation
Event: 94.024 Executing VM operation: G1CollectForAllocation done
Event: 94.643 Executing VM operation: G1CollectForAllocation
Event: 94.643 Executing VM operation: G1CollectForAllocation done
Event: 94.727 Executing VM operation: G1CollectForAllocation
Event: 95.305 Executing VM operation: G1CollectForAllocation done
Event: 95.655 Executing VM operation: HandshakeAllThreads
Event: 95.658 Executing VM operation: HandshakeAllThreads done
Event: 95.662 Executing VM operation: HandshakeAllThreads
Event: 95.668 Executing VM operation: HandshakeAllThreads done
Event: 95.893 Executing VM operation: HandshakeAllThreads
Event: 95.900 Executing VM operation: HandshakeAllThreads done
Event: 96.051 Executing VM operation: HandshakeAllThreads
Event: 96.084 Executing VM operation: HandshakeAllThreads done
Event: 96.085 Executing VM operation: G1CollectForAllocation
Event: 96.224 Executing VM operation: G1CollectForAllocation done
Event: 96.564 Executing VM operation: G1CollectForAllocation
Event: 96.661 Executing VM operation: G1CollectForAllocation done
Event: 97.437 Executing VM operation: G1CollectForAllocation

Memory protections (0 events):
No events

Nmethod flushes (20 events):
Event: 93.108 Thread 0x000002c97eba84b0 flushing  nmethod 0x000002c96674c910
Event: 93.108 Thread 0x000002c97eba84b0 flushing  nmethod 0x000002c96675bd90
Event: 93.108 Thread 0x000002c97eba84b0 flushing  nmethod 0x000002c96675c790
Event: 93.108 Thread 0x000002c97eba84b0 flushing  nmethod 0x000002c96675cf90
Event: 93.108 Thread 0x000002c97eba84b0 flushing  nmethod 0x000002c96675e110
Event: 93.108 Thread 0x000002c97eba84b0 flushing  nmethod 0x000002c96675e710
Event: 93.108 Thread 0x000002c97eba84b0 flushing  nmethod 0x000002c96676ba90
Event: 93.108 Thread 0x000002c97eba84b0 flushing  nmethod 0x000002c96676e890
Event: 93.108 Thread 0x000002c97eba84b0 flushing  nmethod 0x000002c966772b90
Event: 93.108 Thread 0x000002c97eba84b0 flushing  nmethod 0x000002c966772f10
Event: 93.108 Thread 0x000002c97eba84b0 flushing  nmethod 0x000002c966780410
Event: 96.229 Thread 0x000002c97eba84b0 flushing  nmethod 0x000002c96b2ac390
Event: 96.237 Thread 0x000002c97eba84b0 flushing  nmethod 0x000002c96bce2310
Event: 96.237 Thread 0x000002c97eba84b0 flushing  nmethod 0x000002c96bd00290
Event: 96.237 Thread 0x000002c97eba84b0 flushing  nmethod 0x000002c96bd2aa10
Event: 96.237 Thread 0x000002c97eba84b0 flushing  nmethod 0x000002c96bd8ab90
Event: 96.238 Thread 0x000002c97eba84b0 flushing  nmethod 0x000002c96be9f710
Event: 96.239 Thread 0x000002c97eba84b0 flushing  nmethod 0x000002c96bfa2e90
Event: 96.270 Thread 0x000002c97eba84b0 flushing  nmethod 0x000002c964836390
Event: 96.301 Thread 0x000002c97eba84b0 flushing  nmethod 0x000002c966783190

Events (20 events):
Event: 91.497 Thread 0x000002c93d92b460 Thread added: 0x000002c948075e60
Event: 91.566 Thread 0x000002c93d92c390 Thread added: 0x000002c9488ce820
Event: 91.728 Thread 0x000002c94794da20 Thread added: 0x000002c94cd34280
Event: 91.801 Thread 0x000002c93d92a020 Thread added: 0x000002c94cd34790
Event: 91.902 Thread 0x000002c93d92b970 Thread added: 0x000002c948076370
Event: 95.503 Thread 0x000002c94794c5e0 Thread added: 0x000002c94c4d4f20
Event: 95.534 Thread 0x000002c94c4d4f20 Thread added: 0x000002c947c619f0
Event: 95.609 Thread 0x000002c947c619f0 Thread added: 0x000002c94500b030
Event: 95.634 Thread 0x000002c94500b030 Thread added: 0x000002c948d5c3f0
Event: 95.636 Thread 0x000002c948d5c3f0 Thread added: 0x000002c947c60ac0
Event: 95.638 Thread 0x000002c947c60ac0 Thread added: 0x000002c947944240
Event: 95.646 Thread 0x000002c947944240 Thread added: 0x000002c953f48f90
Event: 95.652 Thread 0x000002c953f48f90 Thread added: 0x000002c93f01b4c0
Event: 95.661 Thread 0x000002c93f01b4c0 Thread added: 0x000002c947c600a0
Event: 95.669 Thread 0x000002c947c600a0 Thread added: 0x000002c948d5c900
Event: 95.679 Thread 0x000002c948d5c900 Thread added: 0x000002c94c4d4500
Event: 95.685 Thread 0x000002c94c4d4500 Thread added: 0x000002c947944c60
Event: 96.664 Thread 0x000002c93ac3a1c0 Thread exited: 0x000002c93ac3a1c0
Event: 96.675 Thread 0x000002c93ac38d80 Thread exited: 0x000002c93ac38d80
Event: 96.679 Thread 0x000002c97f1d6130 Thread exited: 0x000002c97f1d6130


Dynamic libraries:
0x00007ff6e3fd0000 - 0x00007ff6e3fde000 	C:\Program Files\Microsoft\jdk-17.0.13.11-hotspot\bin\java.exe
0x00007ffcec450000 - 0x00007ffcec667000 	C:\Windows\SYSTEM32\ntdll.dll
0x00007ffceada0000 - 0x00007ffceae64000 	C:\Windows\System32\KERNEL32.DLL
0x00007ffce9880000 - 0x00007ffce9c53000 	C:\Windows\System32\KERNELBASE.dll
0x00007ffce9dd0000 - 0x00007ffce9ee1000 	C:\Windows\System32\ucrtbase.dll
0x00007ffc751e0000 - 0x00007ffc751fd000 	C:\Program Files\Microsoft\jdk-17.0.13.11-hotspot\bin\VCRUNTIME140.dll
0x00007ffc75200000 - 0x00007ffc75217000 	C:\Program Files\Microsoft\jdk-17.0.13.11-hotspot\bin\jli.dll
0x00007ffcea4b0000 - 0x00007ffcea661000 	C:\Windows\System32\USER32.dll
0x00007ffce9da0000 - 0x00007ffce9dc6000 	C:\Windows\System32\win32u.dll
0x00007ffcea0e0000 - 0x00007ffcea109000 	C:\Windows\System32\GDI32.dll
0x00007ffce9ef0000 - 0x00007ffcea012000 	C:\Windows\System32\gdi32full.dll
0x00007ffce97e0000 - 0x00007ffce987a000 	C:\Windows\System32\msvcp_win.dll
0x00007ffcd8f80000 - 0x00007ffcd921b000 	C:\Windows\WinSxS\amd64_microsoft.windows.common-controls_6595b64144ccf1df_6.0.22621.5262_none_2712bde373830908\COMCTL32.dll
0x00007ffcea3e0000 - 0x00007ffcea487000 	C:\Windows\System32\msvcrt.dll
0x00007ffceba30000 - 0x00007ffceba61000 	C:\Windows\System32\IMM32.DLL
0x00007ffcb3cc0000 - 0x00007ffcb3ccc000 	C:\Program Files\Microsoft\jdk-17.0.13.11-hotspot\bin\vcruntime140_1.dll
0x00007ffc75150000 - 0x00007ffc751dd000 	C:\Program Files\Microsoft\jdk-17.0.13.11-hotspot\bin\msvcp140.dll
0x00007ffc5a910000 - 0x00007ffc5b581000 	C:\Program Files\Microsoft\jdk-17.0.13.11-hotspot\bin\server\jvm.dll
0x00007ffcea6f0000 - 0x00007ffcea7a1000 	C:\Windows\System32\ADVAPI32.dll
0x00007ffcea190000 - 0x00007ffcea237000 	C:\Windows\System32\sechost.dll
0x00007ffce9640000 - 0x00007ffce9668000 	C:\Windows\System32\bcrypt.dll
0x00007ffcec2f0000 - 0x00007ffcec404000 	C:\Windows\System32\RPCRT4.dll
0x00007ffcea670000 - 0x00007ffcea6e1000 	C:\Windows\System32\WS2_32.dll
0x00007ffce9410000 - 0x00007ffce945d000 	C:\Windows\SYSTEM32\POWRPROF.dll
0x00007ffcdf210000 - 0x00007ffcdf244000 	C:\Windows\SYSTEM32\WINMM.dll
0x00007ffcdfbe0000 - 0x00007ffcdfbea000 	C:\Windows\SYSTEM32\VERSION.dll
0x00007ffce93f0000 - 0x00007ffce9403000 	C:\Windows\SYSTEM32\UMPDC.dll
0x00007ffce8580000 - 0x00007ffce8598000 	C:\Windows\SYSTEM32\kernel.appcore.dll
0x00007ffcb0650000 - 0x00007ffcb065a000 	C:\Program Files\Microsoft\jdk-17.0.13.11-hotspot\bin\jimage.dll
0x00007ffce7080000 - 0x00007ffce72b2000 	C:\Windows\SYSTEM32\DBGHELP.DLL
0x00007ffcebad0000 - 0x00007ffcebe63000 	C:\Windows\System32\combase.dll
0x00007ffcea250000 - 0x00007ffcea327000 	C:\Windows\System32\OLEAUT32.dll
0x00007ffce1670000 - 0x00007ffce16a2000 	C:\Windows\SYSTEM32\dbgcore.DLL
0x00007ffce95c0000 - 0x00007ffce963b000 	C:\Windows\System32\bcryptPrimitives.dll
0x00007ffcaf6c0000 - 0x00007ffcaf6ce000 	C:\Program Files\Microsoft\jdk-17.0.13.11-hotspot\bin\instrument.dll
0x00007ffc75120000 - 0x00007ffc75145000 	C:\Program Files\Microsoft\jdk-17.0.13.11-hotspot\bin\java.dll
0x00007ffc747f0000 - 0x00007ffc748c7000 	C:\Program Files\Microsoft\jdk-17.0.13.11-hotspot\bin\jsvml.dll
0x00007ffceaf00000 - 0x00007ffceb79d000 	C:\Windows\System32\SHELL32.dll
0x00007ffce9c60000 - 0x00007ffce9d9f000 	C:\Windows\System32\wintypes.dll
0x00007ffce7480000 - 0x00007ffce7d9d000 	C:\Windows\SYSTEM32\windows.storage.dll
0x00007ffceb7c0000 - 0x00007ffceb8cb000 	C:\Windows\System32\SHCORE.dll
0x00007ffcea990000 - 0x00007ffcea9f6000 	C:\Windows\System32\shlwapi.dll
0x00007ffce9470000 - 0x00007ffce949b000 	C:\Windows\SYSTEM32\profapi.dll
0x00007ffc75100000 - 0x00007ffc75118000 	C:\Program Files\Microsoft\jdk-17.0.13.11-hotspot\bin\zip.dll
0x00007ffc747d0000 - 0x00007ffc747ea000 	C:\Program Files\Microsoft\jdk-17.0.13.11-hotspot\bin\net.dll
0x00007ffce4670000 - 0x00007ffce479c000 	C:\Windows\SYSTEM32\WINHTTP.dll
0x00007ffce8a00000 - 0x00007ffce8a6a000 	C:\Windows\system32\mswsock.dll
0x00007ffc747b0000 - 0x00007ffc747c6000 	C:\Program Files\Microsoft\jdk-17.0.13.11-hotspot\bin\nio.dll
0x00007ffcad240000 - 0x00007ffcad250000 	C:\Program Files\Microsoft\jdk-17.0.13.11-hotspot\bin\verify.dll
0x00007ffc828d0000 - 0x00007ffc828f7000 	C:\Users\laxman\.gradle\native\1def1411415f61bf3af743bc5b6707747c0891f09f0c88961ee8f79bc544acac\windows-amd64\native-platform.dll
0x00007ffc74730000 - 0x00007ffc747a8000 	C:\Users\laxman\.gradle\native\0.2.7\x86_64-windows-gnu\gradle-fileevents.dll
0x00007ffca6df0000 - 0x00007ffca6dfa000 	C:\Program Files\Microsoft\jdk-17.0.13.11-hotspot\bin\management.dll
0x00007ffca1d50000 - 0x00007ffca1d5b000 	C:\Program Files\Microsoft\jdk-17.0.13.11-hotspot\bin\management_ext.dll
0x00007ffcea4a0000 - 0x00007ffcea4a8000 	C:\Windows\System32\PSAPI.DLL
0x00007ffce8000000 - 0x00007ffce802d000 	C:\Windows\SYSTEM32\IPHLPAPI.DLL
0x00007ffcea490000 - 0x00007ffcea499000 	C:\Windows\System32\NSI.dll
0x00007ffce4610000 - 0x00007ffce4629000 	C:\Windows\SYSTEM32\dhcpcsvc6.DLL
0x00007ffce45f0000 - 0x00007ffce460f000 	C:\Windows\SYSTEM32\dhcpcsvc.DLL
0x00007ffce8070000 - 0x00007ffce8168000 	C:\Windows\SYSTEM32\DNSAPI.dll
0x00007ffca1b50000 - 0x00007ffca1b59000 	C:\Program Files\Microsoft\jdk-17.0.13.11-hotspot\bin\extnet.dll
0x00007ffce8c60000 - 0x00007ffce8c7b000 	C:\Windows\SYSTEM32\CRYPTSP.dll
0x00007ffce84e0000 - 0x00007ffce8517000 	C:\Windows\system32\rsaenh.dll
0x00007ffce8af0000 - 0x00007ffce8b18000 	C:\Windows\SYSTEM32\USERENV.dll
0x00007ffce8c50000 - 0x00007ffce8c5c000 	C:\Windows\SYSTEM32\CRYPTBASE.dll
0x00007ffca1a80000 - 0x00007ffca1a8e000 	C:\Program Files\Microsoft\jdk-17.0.13.11-hotspot\bin\sunmscapi.dll
0x00007ffce9670000 - 0x00007ffce97d7000 	C:\Windows\System32\CRYPT32.dll
0x00007ffce8e10000 - 0x00007ffce8e3d000 	C:\Windows\SYSTEM32\ncrypt.dll
0x00007ffce8dd0000 - 0x00007ffce8e07000 	C:\Windows\SYSTEM32\NTASN1.dll
0x00007ffcb54f0000 - 0x00007ffcb54f8000 	C:\Windows\system32\wshunix.dll
0x00007ffc95a30000 - 0x00007ffc95a47000 	C:\Windows\system32\napinsp.dll
0x00007ffc95a10000 - 0x00007ffc95a2b000 	C:\Windows\system32\pnrpnsp.dll
0x00007ffc959f0000 - 0x00007ffc95a01000 	C:\Windows\System32\winrnr.dll
0x00007ffce4f20000 - 0x00007ffce4f3f000 	C:\Windows\system32\wshbth.dll
0x00007ffc96790000 - 0x00007ffc967b1000 	C:\Windows\system32\nlansp_c.dll
0x00007ffcdbe30000 - 0x00007ffcdbe3a000 	C:\Windows\System32\rasadhlp.dll
0x00007ffce1bc0000 - 0x00007ffce1c43000 	C:\Windows\System32\fwpuclnt.dll
0x00007ffcd7b30000 - 0x00007ffcd7b37000 	C:\Program Files\Microsoft\jdk-17.0.13.11-hotspot\bin\rmi.dll
0x00007ffce8690000 - 0x00007ffce86c4000 	C:\Windows\SYSTEM32\ntmarta.dll

dbghelp: loaded successfully - version: 4.0.5 - missing functions: none
symbol engine: initialized successfully - sym options: 0x614 - pdb path: .;C:\Program Files\Microsoft\jdk-17.0.13.11-hotspot\bin;C:\Windows\SYSTEM32;C:\Windows\WinSxS\amd64_microsoft.windows.common-controls_6595b64144ccf1df_6.0.22621.5262_none_2712bde373830908;C:\Program Files\Microsoft\jdk-17.0.13.11-hotspot\bin\server;C:\Users\laxman\.gradle\native\1def1411415f61bf3af743bc5b6707747c0891f09f0c88961ee8f79bc544acac\windows-amd64;C:\Users\laxman\.gradle\native\0.2.7\x86_64-windows-gnu

VM Arguments:
jvm_args: --add-opens=java.base/java.lang=ALL-UNNAMED --add-opens=java.base/java.lang.invoke=ALL-UNNAMED --add-opens=java.base/java.util=ALL-UNNAMED --add-opens=java.prefs/java.util.prefs=ALL-UNNAMED --add-exports=jdk.compiler/com.sun.tools.javac.api=ALL-UNNAMED --add-exports=jdk.compiler/com.sun.tools.javac.util=ALL-UNNAMED --add-opens=java.base/java.util=ALL-UNNAMED --add-opens=java.prefs/java.util.prefs=ALL-UNNAMED --add-opens=java.base/java.nio.charset=ALL-UNNAMED --add-opens=java.base/java.net=ALL-UNNAMED --add-opens=java.base/java.util.concurrent.atomic=ALL-UNNAMED --add-opens=java.xml/javax.xml.namespace=ALL-UNNAMED -XX:MaxMetaspaceSize=1024m -Xmx4096m -Dfile.encoding=windows-1252 -Duser.country=IN -Duser.language=en -Duser.variant -javaagent:C:\Users\laxman\.gradle\wrapper\dists\gradle-8.13-bin\5xuhj0ry160q40clulazy9h7d\gradle-8.13\lib\agents\gradle-instrumentation-agent-8.13.jar 
java_command: org.gradle.launcher.daemon.bootstrap.GradleDaemon 8.13
java_class_path (initial): C:\Users\laxman\.gradle\wrapper\dists\gradle-8.13-bin\5xuhj0ry160q40clulazy9h7d\gradle-8.13\lib\gradle-daemon-main-8.13.jar
Launcher Type: SUN_STANDARD

[Global flags]
     intx CICompilerCount                          = 4                                         {product} {ergonomic}
   size_t CompressedClassSpaceSize                 = 872415232                                 {product} {ergonomic}
     uint ConcGCThreads                            = 3                                         {product} {ergonomic}
     uint G1ConcRefinementThreads                  = 10                                        {product} {ergonomic}
   size_t G1HeapRegionSize                         = 2097152                                   {product} {ergonomic}
    uintx GCDrainStackTargetSize                   = 64                                        {product} {ergonomic}
   size_t InitialHeapSize                          = 98566144                                  {product} {ergonomic}
   size_t MarkStackSize                            = 4194304                                   {product} {ergonomic}
   size_t MaxHeapSize                              = 4294967296                                {product} {command line}
   size_t MaxMetaspaceSize                         = 1073741824                                {product} {command line}
   size_t MaxNewSize                               = 2575302656                                {product} {ergonomic}
   size_t MinHeapDeltaBytes                        = 2097152                                   {product} {ergonomic}
   size_t MinHeapSize                              = 8388608                                   {product} {ergonomic}
    uintx NonNMethodCodeHeapSize                   = 5839372                                {pd product} {ergonomic}
    uintx NonProfiledCodeHeapSize                  = 122909434                              {pd product} {ergonomic}
    uintx ProfiledCodeHeapSize                     = 122909434                              {pd product} {ergonomic}
    uintx ReservedCodeCacheSize                    = 251658240                              {pd product} {ergonomic}
     bool SegmentedCodeCache                       = true                                      {product} {ergonomic}
   size_t SoftMaxHeapSize                          = 4294967296                             {manageable} {ergonomic}
     bool UseCompressedClassPointers               = true                           {product lp64_product} {ergonomic}
     bool UseCompressedOops                        = true                           {product lp64_product} {ergonomic}
     bool UseG1GC                                  = true                                      {product} {ergonomic}
     bool UseLargePagesIndividualAllocation        = false                                  {pd product} {ergonomic}

Logging:
Log output configuration:
 #0: stdout all=warning uptime,level,tags
 #1: stderr all=off uptime,level,tags

Environment Variables:
JAVA_HOME=C:\Program Files\Microsoft\jdk-17.0.13.11-hotspot
CLASSPATH=C:\InternshipTask\oxfan\android\\gradle\wrapper\gradle-wrapper.jar
PATH=C:\InternshipTask\oxfan\node_modules\.bin;C:\InternshipTask\node_modules\.bin;C:\node_modules\.bin;C:\Users\laxman\AppData\Roaming\npm\node_modules\npm\node_modules\@npmcli\run-script\lib\node-gyp-bin;C:\Users\laxman\bin;C:\Program Files\Git\mingw64\bin;C:\Program Files\Git\usr\local\bin;C:\Program Files\Git\usr\bin;C:\Program Files\Git\usr\bin;C:\Program Files\Git\mingw64\bin;C:\Program Files\Git\usr\bin;C:\Users\laxman\bin;C:\Windows\system32;C:\Windows;C:\Windows\System32\Wbem;C:\Windows\System32\WindowsPowerShell\v1.0;C:\Windows\System32\OpenSSH;C:\Program Files\Git\cmd;C:\ProgramData\chocolatey\bin;C:\Users\laxman\AppData\Local\Android\Sdk\platforms;C:\Users\laxman\AppData\Local\Android\Sdk;C:\Users\laxman\AppData\Local\Android\Sdk\platform-tools;C:\Users\laxman\AppData\Local\Android\Sdk\build-tools;C:\Users\laxman\AppData\Local\Android\Sdk\emulator;C:\Program Files\Microsoft\jdk-17.0.13.11-hotspot\bin;C:\Program Files\nodejs;C:\Users\laxman\AppData\Local\Android\Sdk\tools;C:\Users\laxman\AppData\Local\Microsoft\WindowsApps;C:\Users\laxman\AppData\Local\Programs\Microsoft VS Code\bin;C:\jdk-20\bin;C:\Users\laxman\AppData\Local\Android\Sdk;C:\Users\laxman\AppData\Local\Android\Sdk\platform-tools;C:\Users\laxman\AppData\Local\Android\Sdk\emulator;C:\Users\laxman\AppData\Local\Android\Sdk\build-tools;C:\Users\laxman\AppData\Local\Android\Sdk\platforms;C:\Program Files\Microsoft\jdk-17.0.13.11-hotspot\bin;C:\Users\laxman\AppData\Roaming\npm;C:\Users\laxman\AppData\Roaming\Code\User\globalStorage\github.copilot-chat\debugCommand;C:\Program Files\Git\usr\bin\vendor_perl;C:\Program Files\Git\usr\bin\core_perl
USERNAME=laxman
SHELL=C:\Program Files\Git\usr\bin\bash.exe
DISPLAY=needs-to-be-defined
LANG=en_US.UTF-8
TERM=xterm-256color
TMPDIR=C:\Users\laxman\AppData\Local\Temp
OS=Windows_NT
PROCESSOR_IDENTIFIER=AMD64 Family 23 Model 104 Stepping 1, AuthenticAMD
TMP=C:\Users\laxman\AppData\Local\Temp
TEMP=C:\Users\laxman\AppData\Local\Temp



Periodic native trim disabled


---------------  S Y S T E M  ---------------

OS:
 Windows 11 , 64 bit Build 22621 (10.0.22621.5262)
OS uptime: 0 days 12:24 hours

CPU: total 12 (initial active 12) (12 cores per cpu, 2 threads per core) family 23 model 104 stepping 1 microcode 0x0, cx8, cmov, fxsr, ht, mmx, 3dnowpref, sse, sse2, sse3, ssse3, sse4a, sse4.1, sse4.2, popcnt, lzcnt, tsc, tscinvbit, avx, avx2, aes, clmul, bmi1, bmi2, adx, sha, fma, vzeroupper, clflush, clflushopt
Processor Information for processor 0
  Max Mhz: 2100, Current Mhz: 2100, Mhz Limit: 2100
Processor Information for processor 1
  Max Mhz: 2100, Current Mhz: 2100, Mhz Limit: 2100
Processor Information for processor 2
  Max Mhz: 2100, Current Mhz: 2100, Mhz Limit: 2100
Processor Information for processor 3
  Max Mhz: 2100, Current Mhz: 2100, Mhz Limit: 2100
Processor Information for processor 4
  Max Mhz: 2100, Current Mhz: 2100, Mhz Limit: 2100
Processor Information for processor 5
  Max Mhz: 2100, Current Mhz: 2100, Mhz Limit: 2100
Processor Information for processor 6
  Max Mhz: 2100, Current Mhz: 2100, Mhz Limit: 2100
Processor Information for processor 7
  Max Mhz: 2100, Current Mhz: 1988, Mhz Limit: 2100
Processor Information for processor 8
  Max Mhz: 2100, Current Mhz: 2100, Mhz Limit: 2100
Processor Information for processor 9
  Max Mhz: 2100, Current Mhz: 1988, Mhz Limit: 2100
Processor Information for processor 10
  Max Mhz: 2100, Current Mhz: 2100, Mhz Limit: 2100
Processor Information for processor 11
  Max Mhz: 2100, Current Mhz: 2100, Mhz Limit: 2100

Memory: 4k page, system-wide physical 5989M (207M free)
TotalPageFile size 24421M (AvailPageFile size 374M)
current process WorkingSet (physical memory assigned to process): 965M, peak: 1328M
current process commit charge ("private bytes"): 2083M, peak: 2819M

vm_info: OpenJDK 64-Bit Server VM (17.0.13+11-LTS) for windows-amd64 JRE (17.0.13+11-LTS), built on Oct 11 2024 23:25:05 by "MicrosoftCorporation" with unknown MS VC++:1939

END.
