#
# There is insufficient memory for the Java Runtime Environment to continue.
# Native memory allocation (malloc) failed to allocate 1465456 bytes. Error detail: Chunk::new
# Possible reasons:
#   The system is out of physical RAM or swap space
#   This process is running with CompressedOops enabled, and the Java Heap may be blocking the growth of the native heap
# Possible solutions:
#   Reduce memory load on the system
#   Increase physical memory or swap space
#   Check if swap backing store is full
#   Decrease Java heap size (-Xmx/-Xms)
#   Decrease number of Java threads
#   Decrease Java thread stack sizes (-Xss)
#   Set larger code cache with -XX:ReservedCodeCacheSize=
#   JVM is running with Zero Based Compressed Oops mode in which the Java heap is
#     placed in the first 32GB address space. The Java Heap base address is the
#     maximum limit for the native heap growth. Please use -XX:HeapBaseMinAddress
#     to set the Java Heap base and to place the Java Heap above 32GB virtual address.
# This output file may be truncated or incomplete.
#
#  Out of Memory Error (arena.cpp:191), pid=25948, tid=24408
#
# JRE version: OpenJDK Runtime Environment Microsoft-10376486 (17.0.13+11) (build 17.0.13+11-LTS)
# Java VM: OpenJDK 64-Bit Server VM Microsoft-10376486 (17.0.13+11-LTS, mixed mode, sharing, tiered, compressed oops, compressed class ptrs, g1 gc, windows-amd64)
# No core dump will be written. Minidumps are not enabled by default on client versions of Windows
#

---------------  S U M M A R Y ------------

Command Line: --add-opens=java.base/java.lang=ALL-UNNAMED --add-opens=java.base/java.lang.invoke=ALL-UNNAMED --add-opens=java.base/java.util=ALL-UNNAMED --add-opens=java.prefs/java.util.prefs=ALL-UNNAMED --add-exports=jdk.compiler/com.sun.tools.javac.api=ALL-UNNAMED --add-exports=jdk.compiler/com.sun.tools.javac.util=ALL-UNNAMED --add-opens=java.base/java.util=ALL-UNNAMED --add-opens=java.prefs/java.util.prefs=ALL-UNNAMED --add-opens=java.base/java.nio.charset=ALL-UNNAMED --add-opens=java.base/java.net=ALL-UNNAMED --add-opens=java.base/java.util.concurrent.atomic=ALL-UNNAMED --add-opens=java.xml/javax.xml.namespace=ALL-UNNAMED -XX:MaxMetaspaceSize=1024m -Xmx4096m -Dfile.encoding=windows-1252 -Duser.country=IN -Duser.language=en -Duser.variant -javaagent:C:\Users\laxman\.gradle\wrapper\dists\gradle-8.13-bin\5xuhj0ry160q40clulazy9h7d\gradle-8.13\lib\agents\gradle-instrumentation-agent-8.13.jar org.gradle.launcher.daemon.bootstrap.GradleDaemon 8.13

Host: AMD Ryzen 5 5500U with Radeon Graphics         , 12 cores, 5G,  Windows 11 , 64 bit Build 22621 (10.0.22621.5262)
Time: Thu Jun 19 15:36:06 2025 India Standard Time elapsed time: 184.689994 seconds (0d 0h 3m 4s)

---------------  T H R E A D  ---------------

Current thread (0x0000023ff682c360):  JavaThread "C2 CompilerThread0" daemon [_thread_in_native, id=24408, stack(0x000000f5c8000000,0x000000f5c8100000)]


Current CompileTask:
C2: 184690 34561       4       org.gradle.internal.vfs.impl.DefaultFileSystemAccess::snapshot (60 bytes)

Stack: [0x000000f5c8000000,0x000000f5c8100000]
Native frames: (J=compiled Java code, j=interpreted, Vv=VM code, C=native code)
V  [jvm.dll+0x687fc9]
V  [jvm.dll+0x83eeb8]
V  [jvm.dll+0x840963]
V  [jvm.dll+0x840fd3]
V  [jvm.dll+0x24951f]
V  [jvm.dll+0xad0c4]
V  [jvm.dll+0xad75c]
V  [jvm.dll+0x36aaaf]
V  [jvm.dll+0x335153]
V  [jvm.dll+0x3345ea]
V  [jvm.dll+0x21a748]
V  [jvm.dll+0x219b7f]
V  [jvm.dll+0x1a5506]
V  [jvm.dll+0x22a1ca]
V  [jvm.dll+0x22830b]
V  [jvm.dll+0x7f4708]
V  [jvm.dll+0x7eea6c]
V  [jvm.dll+0x686ea7]
C  [ucrtbase.dll+0x29333]
C  [KERNEL32.DLL+0x1259d]
C  [ntdll.dll+0x5af58]


---------------  P R O C E S S  ---------------

Threads class SMR info:
_java_thread_list=0x0000023fbf2364d0, length=241, elements={
0x0000023fd3455150, 0x0000023ff6809e80, 0x0000023ff680dbc0, 0x0000023ff6822160,
0x0000023ff6822d20, 0x0000023ff68256f0, 0x0000023ff68280c0, 0x0000023ff682c360,
0x0000023ff6838e40, 0x0000023ff6839840, 0x0000023ff6a42360, 0x0000023ff6b92e90,
0x0000023ffc10c7d0, 0x0000023ffc5b7c20, 0x0000023ffb50ac70, 0x0000023ffc87b650,
0x0000023ffcb6c000, 0x0000023ffb505880, 0x0000023ffb506cc0, 0x0000023ffb504950,
0x0000023ffb504e60, 0x0000023ffb5062a0, 0x0000023ffb505d90, 0x0000023ffb503510,
0x0000023ffb503a20, 0x0000023ffb504440, 0x0000023ffd557c70, 0x0000023ffd55ebd0,
0x0000023ffd55be40, 0x0000023ffd55f5f0, 0x0000023ffd558690, 0x0000023ffd55dca0,
0x0000023ffd55b930, 0x0000023ffd5590b0, 0x0000023ffd55e6c0, 0x0000023ffd55c860,
0x0000023ffd55d790, 0x0000023ffd558ba0, 0x0000023ffd55cd70, 0x0000023ffd559ad0,
0x0000023ffd5595c0, 0x0000023ffd55e1b0, 0x0000023ffd55f0e0, 0x0000023ffd558180,
0x0000023ffd559fe0, 0x0000023ffd55a4f0, 0x0000023ffb5067b0, 0x0000023ffe491fa0,
0x0000023ffe494d30, 0x0000023ffe497fd0, 0x0000023ffe495c60, 0x0000023ffe491a90,
0x0000023ffe4929c0, 0x0000023ffe4984e0, 0x0000023ffe496170, 0x0000023ffe496b90,
0x0000023ffe497ac0, 0x0000023ffe4924b0, 0x0000023ffe492ed0, 0x0000023ffe4933e0,
0x0000023ffe4970a0, 0x0000023ffe4975b0, 0x0000023ffe491070, 0x0000023ffe494310,
0x0000023ffe496680, 0x0000023ffe495240, 0x0000023ffe4938f0, 0x0000023ffe493e00,
0x0000023ffe494820, 0x0000023ffe495750, 0x0000023ffe4989f0, 0x0000023ffe491580,
0x0000023ffdb30ab0, 0x0000023ffdb2c8e0, 0x0000023ffdb2a060, 0x0000023ffdb30fc0,
0x0000023ffdb2d810, 0x0000023ffdb319e0, 0x0000023ffdb2a570, 0x0000023ffdb2f670,
0x0000023ffdb2aa80, 0x0000023ffdb2c3d0, 0x0000023ffdb2e230, 0x0000023ffdb2b9b0,
0x0000023ffdb2cdf0, 0x0000023ffdb2ec50, 0x0000023ffdb2f160, 0x0000023ffdb30090,
0x0000023ffdb305a0, 0x0000023fb5c7f420, 0x0000023fb5c80860, 0x0000023fb5c7f930,
0x0000023fb5c80d70, 0x0000023fb5c81280, 0x0000023fb5c7dad0, 0x0000023fb5c7dfe0,
0x0000023fb5c81790, 0x0000023fb5c7c690, 0x0000023fb5c830e0, 0x0000023fb5c7bc70,
0x0000023fb5c81ca0, 0x0000023fb5c821b0, 0x0000023fb5c7cba0, 0x0000023fb5c835f0,
0x0000023fb5c7e4f0, 0x0000023fb5c826c0, 0x0000023fb5c7d0b0, 0x0000023fb5c82bd0,
0x0000023fb5c7d5c0, 0x0000023fb5c7c180, 0x0000023fb5c7ea00, 0x0000023fb5c7ef10,
0x0000023fb5c7fe40, 0x0000023fb5c80350, 0x0000023fb6301780, 0x0000023fb6305440,
0x0000023fb6305e60, 0x0000023fb6304f30, 0x0000023fb63021a0, 0x0000023fb6305950,
0x0000023fb63035e0, 0x0000023fb6302bc0, 0x0000023fb63086e0, 0x0000023fb6301270,
0x0000023fb6307cc0, 0x0000023fb63026b0, 0x0000023fb6303af0, 0x0000023fb6308bf0,
0x0000023fb63030d0, 0x0000023fb6306370, 0x0000023fb6301c90, 0x0000023fb63077b0,
0x0000023fb63081d0, 0x0000023fb6304000, 0x0000023fb6304510, 0x0000023fb6304a20,
0x0000023fb6306880, 0x0000023fb6306d90, 0x0000023fb63072a0, 0x0000023fff1658e0,
0x0000023fff165df0, 0x0000023fff16a4d0, 0x0000023fff166300, 0x0000023fff166d20,
0x0000023fff163060, 0x0000023fff168670, 0x0000023fff1644a0, 0x0000023fff164ec0,
0x0000023fff169090, 0x0000023fff1649b0, 0x0000023fff169ab0, 0x0000023fff167c50,
0x0000023fff168160, 0x0000023fff167230, 0x0000023fff168b80, 0x0000023fff1695a0,
0x0000023fff169fc0, 0x0000023fff1653d0, 0x0000023fff163a80, 0x0000023fff167740,
0x0000023fff16a9e0, 0x0000023fff163f90, 0x0000023fff163570, 0x0000023fb61abf10,
0x0000023fb61ac420, 0x0000023fb61ac930, 0x0000023fb61a9690, 0x0000023fb61ace40,
0x0000023fb61ad350, 0x0000023fb61ad860, 0x0000023fb61af1b0, 0x0000023fb61ae280,
0x0000023fb61a9ba0, 0x0000023fb61aaad0, 0x0000023fb61af6c0, 0x0000023fb61a8c70,
0x0000023fb61ab4f0, 0x0000023fb61ae790, 0x0000023fb61aafe0, 0x0000023fb61a9180,
0x0000023fb61aeca0, 0x0000023fb61aa0b0, 0x0000023fb61afbd0, 0x0000023fb61a8760,
0x0000023fb61aba00, 0x0000023ffd71cfa0, 0x0000023ffd71e8f0, 0x0000023ffd71d4b0,
0x0000023ffd71b650, 0x0000023fbba87740, 0x0000023fbba87c50, 0x0000023fbba87230,
0x0000023fbba8aef0, 0x0000023fbba86300, 0x0000023fbba86810, 0x0000023fbba86d20,
0x0000023ffb505370, 0x0000023ffd71d9c0, 0x0000023fbb89b5b0, 0x0000023fbb899c60,
0x0000023fbb899240, 0x0000023fbb895580, 0x0000023fbb8978f0, 0x0000023fbb898310,
0x0000023fbb89d410, 0x0000023fbb8969c0, 0x0000023fbb89a170, 0x0000023fbb89e340,
0x0000023fbb89e850, 0x0000023fbb89c9f0, 0x0000023fbb8973e0, 0x0000023fbb89ed60,
0x0000023fbb897e00, 0x0000023fbb89f270, 0x0000023fbb89f780, 0x0000023fbb8a2a20,
0x0000023fbb89fc90, 0x0000023fbb8a3440, 0x0000023fbb8a4370, 0x0000023fbb8a06b0,
0x0000023fbb8a0bc0, 0x0000023fbb8a10d0, 0x0000023fbb8a1af0, 0x0000023fbb8a3e60,
0x0000023ffdb2af90, 0x0000023ffdb2dd20, 0x0000023ffdb2e740, 0x0000023ffdb2d300,
0x0000023ffdb2fb80, 0x0000023fbba895a0, 0x0000023fb61add70, 0x0000023fb5f4bfc0,
0x0000023fb5f4c9e0, 0x0000023fb5f4e840, 0x0000023fb5f4ed50, 0x0000023fb5f4ab80,
0x0000023fb5f4f260, 0x0000023fb5f4a670, 0x0000023fb5f48810, 0x0000023fb5f4a160,
0x0000023fb5f4cef0
}

Java Threads: ( => current thread )
  0x0000023fd3455150 JavaThread "main" [_thread_blocked, id=11540, stack(0x000000f5c7300000,0x000000f5c7400000)]
  0x0000023ff6809e80 JavaThread "Reference Handler" daemon [_thread_blocked, id=23784, stack(0x000000f5c7a00000,0x000000f5c7b00000)]
  0x0000023ff680dbc0 JavaThread "Finalizer" daemon [_thread_blocked, id=11912, stack(0x000000f5c7b00000,0x000000f5c7c00000)]
  0x0000023ff6822160 JavaThread "Signal Dispatcher" daemon [_thread_blocked, id=14472, stack(0x000000f5c7c00000,0x000000f5c7d00000)]
  0x0000023ff6822d20 JavaThread "Attach Listener" daemon [_thread_blocked, id=24592, stack(0x000000f5c7d00000,0x000000f5c7e00000)]
  0x0000023ff68256f0 JavaThread "Service Thread" daemon [_thread_in_vm, id=17216, stack(0x000000f5c7e00000,0x000000f5c7f00000)]
  0x0000023ff68280c0 JavaThread "Monitor Deflation Thread" daemon [_thread_blocked, id=4848, stack(0x000000f5c7f00000,0x000000f5c8000000)]
=>0x0000023ff682c360 JavaThread "C2 CompilerThread0" daemon [_thread_in_native, id=24408, stack(0x000000f5c8000000,0x000000f5c8100000)]
  0x0000023ff6838e40 JavaThread "C1 CompilerThread0" daemon [_thread_blocked, id=22684, stack(0x000000f5c8100000,0x000000f5c8200000)]
  0x0000023ff6839840 JavaThread "Sweeper thread" daemon [_thread_blocked, id=24848, stack(0x000000f5c8200000,0x000000f5c8300000)]
  0x0000023ff6a42360 JavaThread "Common-Cleaner" daemon [_thread_blocked, id=25636, stack(0x000000f5c8300000,0x000000f5c8400000)]
  0x0000023ff6b92e90 JavaThread "Notification Thread" daemon [_thread_blocked, id=4888, stack(0x000000f5c8400000,0x000000f5c8500000)]
  0x0000023ffc10c7d0 JavaThread "Daemon health stats" [_thread_blocked, id=22240, stack(0x000000f5c8b00000,0x000000f5c8c00000)]
  0x0000023ffc5b7c20 JavaThread "Incoming local TCP Connector on port 62583" [_thread_in_native, id=26512, stack(0x000000f5c8c00000,0x000000f5c8d00000)]
  0x0000023ffb50ac70 JavaThread "Daemon periodic checks" [_thread_blocked, id=18052, stack(0x000000f5c8d00000,0x000000f5c8e00000)]
  0x0000023ffc87b650 JavaThread "Daemon" [_thread_blocked, id=15560, stack(0x000000f5c8e00000,0x000000f5c8f00000)]
  0x0000023ffcb6c000 JavaThread "Handler for socket connection from /127.0.0.1:62583 to /127.0.0.1:62584" [_thread_in_native, id=25036, stack(0x000000f5c8f00000,0x000000f5c9000000)]
  0x0000023ffb505880 JavaThread "Cancel handler" [_thread_blocked, id=23972, stack(0x000000f5c8a00000,0x000000f5c8b00000)]
  0x0000023ffb506cc0 JavaThread "Daemon worker" [_thread_blocked, id=11868, stack(0x000000f5c9000000,0x000000f5c9100000)]
  0x0000023ffb504950 JavaThread "Asynchronous log dispatcher for DefaultDaemonConnection: socket connection from /127.0.0.1:62583 to /127.0.0.1:62584" [_thread_blocked, id=2964, stack(0x000000f5c9100000,0x000000f5c9200000)]
  0x0000023ffb504e60 JavaThread "Stdin handler" [_thread_blocked, id=13860, stack(0x000000f5c9200000,0x000000f5c9300000)]
  0x0000023ffb5062a0 JavaThread "Daemon client event forwarder" [_thread_blocked, id=19108, stack(0x000000f5c9300000,0x000000f5c9400000)]
  0x0000023ffb505d90 JavaThread "Cache worker for journal cache (C:\Users\laxman\.gradle\caches\journal-1)" [_thread_blocked, id=26008, stack(0x000000f5c9a00000,0x000000f5c9b00000)]
  0x0000023ffb503510 JavaThread "File lock request listener" [_thread_in_native, id=25380, stack(0x000000f5c9b00000,0x000000f5c9c00000)]
  0x0000023ffb503a20 JavaThread "Cache worker for file hash cache (C:\Users\laxman\.gradle\caches\8.13\fileHashes)" [_thread_blocked, id=25952, stack(0x000000f5c9c00000,0x000000f5c9d00000)]
  0x0000023ffb504440 JavaThread "Cache worker for file hash cache (C:\InternshipTask\oxfan\android\.gradle\8.13\fileHashes)" [_thread_blocked, id=23136, stack(0x000000f5c9900000,0x000000f5c9a00000)]
  0x0000023ffd557c70 JavaThread "Cache worker for Build Output Cleanup Cache (C:\InternshipTask\oxfan\android\.gradle\buildOutputCleanup)" [_thread_blocked, id=24300, stack(0x000000f5c9d00000,0x000000f5c9e00000)]
  0x0000023ffd55ebd0 JavaThread "File watcher server" daemon [_thread_in_native, id=25808, stack(0x000000f5ca000000,0x000000f5ca100000)]
  0x0000023ffd55be40 JavaThread "File watcher consumer" daemon [_thread_blocked, id=6396, stack(0x000000f5ca100000,0x000000f5ca200000)]
  0x0000023ffd55f5f0 JavaThread "jar transforms" [_thread_blocked, id=11796, stack(0x000000f5ca200000,0x000000f5ca300000)]
  0x0000023ffd558690 JavaThread "Cache worker for checksums cache (C:\InternshipTask\oxfan\android\.gradle\8.13\checksums)" [_thread_blocked, id=5588, stack(0x000000f5ca300000,0x000000f5ca400000)]
  0x0000023ffd55dca0 JavaThread "Cache worker for file content cache (C:\Users\laxman\.gradle\caches\8.13\fileContent)" [_thread_blocked, id=24808, stack(0x000000f5ca400000,0x000000f5ca500000)]
  0x0000023ffd55b930 JavaThread "Cache worker for cache directory md-supplier (C:\Users\laxman\.gradle\caches\8.13\md-supplier)" [_thread_blocked, id=10468, stack(0x000000f5ca500000,0x000000f5ca600000)]
  0x0000023ffd5590b0 JavaThread "Cache worker for cache directory md-rule (C:\Users\laxman\.gradle\caches\8.13\md-rule)" [_thread_blocked, id=20736, stack(0x000000f5ca600000,0x000000f5ca700000)]
  0x0000023ffd55e6c0 JavaThread "Cache worker for Build Output Cleanup Cache (C:\InternshipTask\oxfan\node_modules\@react-native\gradle-plugin\.gradle\buildOutputCleanup)" [_thread_blocked, id=6296, stack(0x000000f5ca700000,0x000000f5ca800000)]
  0x0000023ffd55c860 JavaThread "Unconstrained build operations" [_thread_blocked, id=25056, stack(0x000000f5ca800000,0x000000f5ca900000)]
  0x0000023ffd55d790 JavaThread "Unconstrained build operations Thread 2" [_thread_blocked, id=25888, stack(0x000000f5ca900000,0x000000f5caa00000)]
  0x0000023ffd558ba0 JavaThread "Unconstrained build operations Thread 3" [_thread_blocked, id=18908, stack(0x000000f5caa00000,0x000000f5cab00000)]
  0x0000023ffd55cd70 JavaThread "Unconstrained build operations Thread 4" [_thread_blocked, id=9588, stack(0x000000f5cab00000,0x000000f5cac00000)]
  0x0000023ffd559ad0 JavaThread "Unconstrained build operations Thread 5" [_thread_blocked, id=25844, stack(0x000000f5cac00000,0x000000f5cad00000)]
  0x0000023ffd5595c0 JavaThread "Unconstrained build operations Thread 6" [_thread_blocked, id=2940, stack(0x000000f5cad00000,0x000000f5cae00000)]
  0x0000023ffd55e1b0 JavaThread "Unconstrained build operations Thread 7" [_thread_blocked, id=26360, stack(0x000000f5caf00000,0x000000f5cb000000)]
  0x0000023ffd55f0e0 JavaThread "Unconstrained build operations Thread 8" [_thread_blocked, id=25340, stack(0x000000f5cb000000,0x000000f5cb100000)]
  0x0000023ffd558180 JavaThread "Unconstrained build operations Thread 9" [_thread_blocked, id=1588, stack(0x000000f5cb100000,0x000000f5cb200000)]
  0x0000023ffd559fe0 JavaThread "Unconstrained build operations Thread 10" [_thread_blocked, id=14312, stack(0x000000f5cb200000,0x000000f5cb300000)]
  0x0000023ffd55a4f0 JavaThread "Unconstrained build operations Thread 11" [_thread_blocked, id=23608, stack(0x000000f5cb300000,0x000000f5cb400000)]
  0x0000023ffb5067b0 JavaThread "Unconstrained build operations Thread 12" [_thread_blocked, id=9992, stack(0x000000f5cb400000,0x000000f5cb500000)]
  0x0000023ffe491fa0 JavaThread "Unconstrained build operations Thread 13" [_thread_blocked, id=156, stack(0x000000f5cb500000,0x000000f5cb600000)]
  0x0000023ffe494d30 JavaThread "Unconstrained build operations Thread 14" [_thread_blocked, id=10344, stack(0x000000f5cb600000,0x000000f5cb700000)]
  0x0000023ffe497fd0 JavaThread "Unconstrained build operations Thread 15" [_thread_blocked, id=26284, stack(0x000000f5cb700000,0x000000f5cb800000)]
  0x0000023ffe495c60 JavaThread "Unconstrained build operations Thread 16" [_thread_blocked, id=13052, stack(0x000000f5cb800000,0x000000f5cb900000)]
  0x0000023ffe491a90 JavaThread "Unconstrained build operations Thread 17" [_thread_blocked, id=24628, stack(0x000000f5cb900000,0x000000f5cba00000)]
  0x0000023ffe4929c0 JavaThread "Unconstrained build operations Thread 18" [_thread_blocked, id=24180, stack(0x000000f5cba00000,0x000000f5cbb00000)]
  0x0000023ffe4984e0 JavaThread "Unconstrained build operations Thread 19" [_thread_blocked, id=13344, stack(0x000000f5cbb00000,0x000000f5cbc00000)]
  0x0000023ffe496170 JavaThread "Unconstrained build operations Thread 20" [_thread_blocked, id=15492, stack(0x000000f5cbc00000,0x000000f5cbd00000)]
  0x0000023ffe496b90 JavaThread "Unconstrained build operations Thread 21" [_thread_blocked, id=10592, stack(0x000000f5cbd00000,0x000000f5cbe00000)]
  0x0000023ffe497ac0 JavaThread "Unconstrained build operations Thread 22" [_thread_blocked, id=25928, stack(0x000000f5cbe00000,0x000000f5cbf00000)]
  0x0000023ffe4924b0 JavaThread "Unconstrained build operations Thread 23" [_thread_blocked, id=11676, stack(0x000000f5cbf00000,0x000000f5cc000000)]
  0x0000023ffe492ed0 JavaThread "Unconstrained build operations Thread 24" [_thread_blocked, id=18356, stack(0x000000f5cc000000,0x000000f5cc100000)]
  0x0000023ffe4933e0 JavaThread "Unconstrained build operations Thread 25" [_thread_blocked, id=12228, stack(0x000000f5cc100000,0x000000f5cc200000)]
  0x0000023ffe4970a0 JavaThread "Unconstrained build operations Thread 26" [_thread_blocked, id=26152, stack(0x000000f5cc200000,0x000000f5cc300000)]
  0x0000023ffe4975b0 JavaThread "Unconstrained build operations Thread 27" [_thread_blocked, id=25524, stack(0x000000f5cc300000,0x000000f5cc400000)]
  0x0000023ffe491070 JavaThread "Unconstrained build operations Thread 28" [_thread_blocked, id=16172, stack(0x000000f5cc400000,0x000000f5cc500000)]
  0x0000023ffe494310 JavaThread "Unconstrained build operations Thread 29" [_thread_blocked, id=24736, stack(0x000000f5cc500000,0x000000f5cc600000)]
  0x0000023ffe496680 JavaThread "Unconstrained build operations Thread 30" [_thread_blocked, id=14572, stack(0x000000f5cc600000,0x000000f5cc700000)]
  0x0000023ffe495240 JavaThread "Unconstrained build operations Thread 31" [_thread_blocked, id=25624, stack(0x000000f5cc700000,0x000000f5cc800000)]
  0x0000023ffe4938f0 JavaThread "Unconstrained build operations Thread 32" [_thread_blocked, id=25668, stack(0x000000f5cc800000,0x000000f5cc900000)]
  0x0000023ffe493e00 JavaThread "Unconstrained build operations Thread 33" [_thread_blocked, id=25504, stack(0x000000f5cc900000,0x000000f5cca00000)]
  0x0000023ffe494820 JavaThread "Unconstrained build operations Thread 34" [_thread_blocked, id=16580, stack(0x000000f5cca00000,0x000000f5ccb00000)]
  0x0000023ffe495750 JavaThread "Unconstrained build operations Thread 35" [_thread_blocked, id=22820, stack(0x000000f5ccb00000,0x000000f5ccc00000)]
  0x0000023ffe4989f0 JavaThread "Unconstrained build operations Thread 36" [_thread_blocked, id=25908, stack(0x000000f5ccc00000,0x000000f5ccd00000)]
  0x0000023ffe491580 JavaThread "Unconstrained build operations Thread 37" [_thread_blocked, id=26340, stack(0x000000f5ccd00000,0x000000f5cce00000)]
  0x0000023ffdb30ab0 JavaThread "Unconstrained build operations Thread 38" [_thread_blocked, id=9772, stack(0x000000f5cce00000,0x000000f5ccf00000)]
  0x0000023ffdb2c8e0 JavaThread "Unconstrained build operations Thread 39" [_thread_blocked, id=25500, stack(0x000000f5ccf00000,0x000000f5cd000000)]
  0x0000023ffdb2a060 JavaThread "build event listener" [_thread_blocked, id=18808, stack(0x000000f5cd200000,0x000000f5cd300000)]
  0x0000023ffdb30fc0 JavaThread "Memory manager" [_thread_blocked, id=23560, stack(0x000000f5cd100000,0x000000f5cd200000)]
  0x0000023ffdb2d810 JavaThread "ForkJoinPool.commonPool-worker-1" daemon [_thread_blocked, id=19244, stack(0x000000f5cd400000,0x000000f5cd500000)]
  0x0000023ffdb319e0 JavaThread "ForkJoinPool.commonPool-worker-2" daemon [_thread_blocked, id=21828, stack(0x000000f5cd500000,0x000000f5cd600000)]
  0x0000023ffdb2a570 JavaThread "ForkJoinPool.commonPool-worker-3" daemon [_thread_blocked, id=2852, stack(0x000000f5cd600000,0x000000f5cd700000)]
  0x0000023ffdb2f670 JavaThread "ForkJoinPool.commonPool-worker-5" daemon [_thread_blocked, id=25576, stack(0x000000f5cd800000,0x000000f5cd900000)]
  0x0000023ffdb2aa80 JavaThread "ForkJoinPool.commonPool-worker-6" daemon [_thread_blocked, id=25212, stack(0x000000f5cd900000,0x000000f5cda00000)]
  0x0000023ffdb2c3d0 JavaThread "ForkJoinPool.commonPool-worker-8" daemon [_thread_blocked, id=15968, stack(0x000000f5cda00000,0x000000f5cdb00000)]
  0x0000023ffdb2e230 JavaThread "ForkJoinPool.commonPool-worker-9" daemon [_thread_blocked, id=23660, stack(0x000000f5cdb00000,0x000000f5cdc00000)]
  0x0000023ffdb2b9b0 JavaThread "ForkJoinPool.commonPool-worker-7" daemon [_thread_blocked, id=15532, stack(0x000000f5cdc00000,0x000000f5cdd00000)]
  0x0000023ffdb2cdf0 JavaThread "ForkJoinPool.commonPool-worker-10" daemon [_thread_blocked, id=3388, stack(0x000000f5cdd00000,0x000000f5cde00000)]
  0x0000023ffdb2ec50 JavaThread "ForkJoinPool.commonPool-worker-11" daemon [_thread_blocked, id=16132, stack(0x000000f5cde00000,0x000000f5cdf00000)]
  0x0000023ffdb2f160 JavaThread "included builds" [_thread_blocked, id=25408, stack(0x000000f5ce200000,0x000000f5ce300000)]
  0x0000023ffdb30090 JavaThread "Execution worker" [_thread_blocked, id=25796, stack(0x000000f5ce300000,0x000000f5ce400000)]
  0x0000023ffdb305a0 JavaThread "Execution worker Thread 2" [_thread_blocked, id=24040, stack(0x000000f5ce400000,0x000000f5ce500000)]
  0x0000023fb5c7f420 JavaThread "Execution worker Thread 3" [_thread_blocked, id=15296, stack(0x000000f5ce500000,0x000000f5ce600000)]
  0x0000023fb5c80860 JavaThread "Execution worker Thread 4" [_thread_blocked, id=21820, stack(0x000000f5ce600000,0x000000f5ce700000)]
  0x0000023fb5c7f930 JavaThread "Execution worker Thread 5" [_thread_blocked, id=8680, stack(0x000000f5ce700000,0x000000f5ce800000)]
  0x0000023fb5c80d70 JavaThread "Execution worker Thread 6" [_thread_blocked, id=14248, stack(0x000000f5ce800000,0x000000f5ce900000)]
  0x0000023fb5c81280 JavaThread "Execution worker Thread 7" [_thread_blocked, id=23156, stack(0x000000f5ce900000,0x000000f5cea00000)]
  0x0000023fb5c7dad0 JavaThread "Execution worker Thread 8" [_thread_blocked, id=9952, stack(0x000000f5cea00000,0x000000f5ceb00000)]
  0x0000023fb5c7dfe0 JavaThread "Execution worker Thread 9" [_thread_blocked, id=13484, stack(0x000000f5ceb00000,0x000000f5cec00000)]
  0x0000023fb5c81790 JavaThread "Execution worker Thread 10" [_thread_blocked, id=13556, stack(0x000000f5cec00000,0x000000f5ced00000)]
  0x0000023fb5c7c690 JavaThread "Execution worker Thread 11" [_thread_blocked, id=1780, stack(0x000000f5ced00000,0x000000f5cee00000)]
  0x0000023fb5c830e0 JavaThread "Cache worker for execution history cache (C:\InternshipTask\oxfan\node_modules\@react-native\gradle-plugin\.gradle\8.13\executionHistory)" [_thread_blocked, id=10936, stack(0x000000f5cee00000,0x000000f5cef00000)]
  0x0000023fb5c7bc70 JavaThread "Unconstrained build operations Thread 40" [_thread_blocked, id=12564, stack(0x000000f5cef00000,0x000000f5cf000000)]
  0x0000023fb5c81ca0 JavaThread "Unconstrained build operations Thread 41" [_thread_blocked, id=21700, stack(0x000000f5cf000000,0x000000f5cf100000)]
  0x0000023fb5c821b0 JavaThread "Unconstrained build operations Thread 42" [_thread_blocked, id=11284, stack(0x000000f5cf100000,0x000000f5cf200000)]
  0x0000023fb5c7cba0 JavaThread "Unconstrained build operations Thread 43" [_thread_blocked, id=26308, stack(0x000000f5cf200000,0x000000f5cf300000)]
  0x0000023fb5c835f0 JavaThread "Unconstrained build operations Thread 44" [_thread_blocked, id=25096, stack(0x000000f5cf300000,0x000000f5cf400000)]
  0x0000023fb5c7e4f0 JavaThread "Unconstrained build operations Thread 45" [_thread_blocked, id=20464, stack(0x000000f5cf400000,0x000000f5cf500000)]
  0x0000023fb5c826c0 JavaThread "Unconstrained build operations Thread 46" [_thread_blocked, id=6332, stack(0x000000f5cf500000,0x000000f5cf600000)]
  0x0000023fb5c7d0b0 JavaThread "Unconstrained build operations Thread 47" [_thread_blocked, id=18820, stack(0x000000f5cf600000,0x000000f5cf700000)]
  0x0000023fb5c82bd0 JavaThread "Unconstrained build operations Thread 48" [_thread_blocked, id=8372, stack(0x000000f5cf700000,0x000000f5cf800000)]
  0x0000023fb5c7d5c0 JavaThread "Unconstrained build operations Thread 49" [_thread_blocked, id=19496, stack(0x000000f5cf800000,0x000000f5cf900000)]
  0x0000023fb5c7c180 JavaThread "Unconstrained build operations Thread 50" [_thread_blocked, id=18324, stack(0x000000f5cf900000,0x000000f5cfa00000)]
  0x0000023fb5c7ea00 JavaThread "Unconstrained build operations Thread 51" [_thread_blocked, id=3696, stack(0x000000f5cfa00000,0x000000f5cfb00000)]
  0x0000023fb5c7ef10 JavaThread "Unconstrained build operations Thread 52" [_thread_blocked, id=8836, stack(0x000000f5cfb00000,0x000000f5cfc00000)]
  0x0000023fb5c7fe40 JavaThread "Unconstrained build operations Thread 53" [_thread_blocked, id=26080, stack(0x000000f5cfc00000,0x000000f5cfd00000)]
  0x0000023fb5c80350 JavaThread "Unconstrained build operations Thread 54" [_thread_blocked, id=9956, stack(0x000000f5cfd00000,0x000000f5cfe00000)]
  0x0000023fb6301780 JavaThread "Unconstrained build operations Thread 55" [_thread_blocked, id=22236, stack(0x000000f5cfe00000,0x000000f5cff00000)]
  0x0000023fb6305440 JavaThread "Unconstrained build operations Thread 56" [_thread_blocked, id=25868, stack(0x000000f5cff00000,0x000000f5d0000000)]
  0x0000023fb6305e60 JavaThread "Unconstrained build operations Thread 57" [_thread_blocked, id=16232, stack(0x000000f5d0000000,0x000000f5d0100000)]
  0x0000023fb6304f30 JavaThread "Unconstrained build operations Thread 58" [_thread_blocked, id=20160, stack(0x000000f5d0100000,0x000000f5d0200000)]
  0x0000023fb63021a0 JavaThread "Unconstrained build operations Thread 59" [_thread_blocked, id=1212, stack(0x000000f5d0200000,0x000000f5d0300000)]
  0x0000023fb6305950 JavaThread "Unconstrained build operations Thread 60" [_thread_blocked, id=10280, stack(0x000000f5d0300000,0x000000f5d0400000)]
  0x0000023fb63035e0 JavaThread "Unconstrained build operations Thread 61" [_thread_blocked, id=14956, stack(0x000000f5d0400000,0x000000f5d0500000)]
  0x0000023fb6302bc0 JavaThread "Unconstrained build operations Thread 62" [_thread_blocked, id=5316, stack(0x000000f5d0500000,0x000000f5d0600000)]
  0x0000023fb63086e0 JavaThread "Unconstrained build operations Thread 63" [_thread_blocked, id=21780, stack(0x000000f5d0600000,0x000000f5d0700000)]
  0x0000023fb6301270 JavaThread "Unconstrained build operations Thread 64" [_thread_blocked, id=26028, stack(0x000000f5d0700000,0x000000f5d0800000)]
  0x0000023fb6307cc0 JavaThread "Unconstrained build operations Thread 65" [_thread_blocked, id=25644, stack(0x000000f5d0800000,0x000000f5d0900000)]
  0x0000023fb63026b0 JavaThread "Unconstrained build operations Thread 66" [_thread_blocked, id=7436, stack(0x000000f5d0900000,0x000000f5d0a00000)]
  0x0000023fb6303af0 JavaThread "Unconstrained build operations Thread 67" [_thread_blocked, id=23648, stack(0x000000f5cd300000,0x000000f5cd400000)]
  0x0000023fb6308bf0 JavaThread "Unconstrained build operations Thread 68" [_thread_blocked, id=9704, stack(0x000000f5d0b00000,0x000000f5d0c00000)]
  0x0000023fb63030d0 JavaThread "Unconstrained build operations Thread 69" [_thread_blocked, id=25280, stack(0x000000f5d0c00000,0x000000f5d0d00000)]
  0x0000023fb6306370 JavaThread "Unconstrained build operations Thread 70" [_thread_blocked, id=13868, stack(0x000000f5d0d00000,0x000000f5d0e00000)]
  0x0000023fb6301c90 JavaThread "Unconstrained build operations Thread 71" [_thread_blocked, id=25004, stack(0x000000f5d0e00000,0x000000f5d0f00000)]
  0x0000023fb63077b0 JavaThread "Unconstrained build operations Thread 72" [_thread_blocked, id=24216, stack(0x000000f5d0f00000,0x000000f5d1000000)]
  0x0000023fb63081d0 JavaThread "Unconstrained build operations Thread 73" [_thread_blocked, id=21996, stack(0x000000f5d1000000,0x000000f5d1100000)]
  0x0000023fb6304000 JavaThread "Unconstrained build operations Thread 74" [_thread_blocked, id=2500, stack(0x000000f5d1100000,0x000000f5d1200000)]
  0x0000023fb6304510 JavaThread "Unconstrained build operations Thread 75" [_thread_blocked, id=12808, stack(0x000000f5d1200000,0x000000f5d1300000)]
  0x0000023fb6304a20 JavaThread "Unconstrained build operations Thread 76" [_thread_blocked, id=26132, stack(0x000000f5d1300000,0x000000f5d1400000)]
  0x0000023fb6306880 JavaThread "Unconstrained build operations Thread 77" [_thread_blocked, id=13168, stack(0x000000f5d1400000,0x000000f5d1500000)]
  0x0000023fb6306d90 JavaThread "Unconstrained build operations Thread 78" [_thread_blocked, id=15252, stack(0x000000f5d1500000,0x000000f5d1600000)]
  0x0000023fb63072a0 JavaThread "Unconstrained build operations Thread 79" [_thread_blocked, id=24696, stack(0x000000f5cd000000,0x000000f5cd100000)]
  0x0000023fff1658e0 JavaThread "Unconstrained build operations Thread 80" [_thread_blocked, id=21692, stack(0x000000f5d0a00000,0x000000f5d0b00000)]
  0x0000023fff165df0 JavaThread "Unconstrained build operations Thread 81" [_thread_blocked, id=12856, stack(0x000000f5d1600000,0x000000f5d1700000)]
  0x0000023fff16a4d0 JavaThread "Unconstrained build operations Thread 82" [_thread_blocked, id=14132, stack(0x000000f5d1700000,0x000000f5d1800000)]
  0x0000023fff166300 JavaThread "Unconstrained build operations Thread 83" [_thread_blocked, id=18912, stack(0x000000f5d1800000,0x000000f5d1900000)]
  0x0000023fff166d20 JavaThread "Unconstrained build operations Thread 84" [_thread_blocked, id=2908, stack(0x000000f5d1900000,0x000000f5d1a00000)]
  0x0000023fff163060 JavaThread "Unconstrained build operations Thread 85" [_thread_blocked, id=23444, stack(0x000000f5d1a00000,0x000000f5d1b00000)]
  0x0000023fff168670 JavaThread "Unconstrained build operations Thread 86" [_thread_blocked, id=4420, stack(0x000000f5d1b00000,0x000000f5d1c00000)]
  0x0000023fff1644a0 JavaThread "Unconstrained build operations Thread 87" [_thread_blocked, id=3712, stack(0x000000f5d1c00000,0x000000f5d1d00000)]
  0x0000023fff164ec0 JavaThread "Unconstrained build operations Thread 88" [_thread_blocked, id=23504, stack(0x000000f5d1d00000,0x000000f5d1e00000)]
  0x0000023fff169090 JavaThread "Unconstrained build operations Thread 89" [_thread_blocked, id=19472, stack(0x000000f5d1e00000,0x000000f5d1f00000)]
  0x0000023fff1649b0 JavaThread "Unconstrained build operations Thread 90" [_thread_blocked, id=18780, stack(0x000000f5d1f00000,0x000000f5d2000000)]
  0x0000023fff169ab0 JavaThread "Unconstrained build operations Thread 91" [_thread_blocked, id=13256, stack(0x000000f5d2000000,0x000000f5d2100000)]
  0x0000023fff167c50 JavaThread "Unconstrained build operations Thread 92" [_thread_blocked, id=14188, stack(0x000000f5d2100000,0x000000f5d2200000)]
  0x0000023fff168160 JavaThread "Unconstrained build operations Thread 93" [_thread_blocked, id=12280, stack(0x000000f5d2200000,0x000000f5d2300000)]
  0x0000023fff167230 JavaThread "Unconstrained build operations Thread 94" [_thread_blocked, id=24872, stack(0x000000f5d2300000,0x000000f5d2400000)]
  0x0000023fff168b80 JavaThread "Unconstrained build operations Thread 95" [_thread_blocked, id=4508, stack(0x000000f5d2400000,0x000000f5d2500000)]
  0x0000023fff1695a0 JavaThread "Unconstrained build operations Thread 96" [_thread_blocked, id=19308, stack(0x000000f5d2500000,0x000000f5d2600000)]
  0x0000023fff169fc0 JavaThread "Unconstrained build operations Thread 97" [_thread_blocked, id=4628, stack(0x000000f5d2600000,0x000000f5d2700000)]
  0x0000023fff1653d0 JavaThread "Unconstrained build operations Thread 98" [_thread_blocked, id=26228, stack(0x000000f5d2700000,0x000000f5d2800000)]
  0x0000023fff163a80 JavaThread "Unconstrained build operations Thread 99" [_thread_blocked, id=7760, stack(0x000000f5d2800000,0x000000f5d2900000)]
  0x0000023fff167740 JavaThread "Unconstrained build operations Thread 100" [_thread_blocked, id=7892, stack(0x000000f5d2a00000,0x000000f5d2b00000)]
  0x0000023fff16a9e0 JavaThread "Unconstrained build operations Thread 101" [_thread_blocked, id=24804, stack(0x000000f5d2b00000,0x000000f5d2c00000)]
  0x0000023fff163f90 JavaThread "Unconstrained build operations Thread 102" [_thread_blocked, id=10840, stack(0x000000f5d2c00000,0x000000f5d2d00000)]
  0x0000023fff163570 JavaThread "Unconstrained build operations Thread 103" [_thread_blocked, id=25052, stack(0x000000f5d2d00000,0x000000f5d2e00000)]
  0x0000023fb61abf10 JavaThread "Unconstrained build operations Thread 104" [_thread_blocked, id=18756, stack(0x000000f5d2e00000,0x000000f5d2f00000)]
  0x0000023fb61ac420 JavaThread "Unconstrained build operations Thread 105" [_thread_blocked, id=11344, stack(0x000000f5d2f00000,0x000000f5d3000000)]
  0x0000023fb61ac930 JavaThread "Unconstrained build operations Thread 106" [_thread_blocked, id=1984, stack(0x000000f5d3000000,0x000000f5d3100000)]
  0x0000023fb61a9690 JavaThread "Unconstrained build operations Thread 107" [_thread_blocked, id=14700, stack(0x000000f5d3100000,0x000000f5d3200000)]
  0x0000023fb61ace40 JavaThread "Unconstrained build operations Thread 108" [_thread_blocked, id=13200, stack(0x000000f5d3200000,0x000000f5d3300000)]
  0x0000023fb61ad350 JavaThread "Unconstrained build operations Thread 109" [_thread_blocked, id=18008, stack(0x000000f5d3300000,0x000000f5d3400000)]
  0x0000023fb61ad860 JavaThread "Unconstrained build operations Thread 110" [_thread_blocked, id=25540, stack(0x000000f5d3400000,0x000000f5d3500000)]
  0x0000023fb61af1b0 JavaThread "jar transforms Thread 2" [_thread_blocked, id=16288, stack(0x000000f5d3600000,0x000000f5d3700000)]
  0x0000023fb61ae280 JavaThread "jar transforms Thread 3" [_thread_blocked, id=24384, stack(0x000000f5d3700000,0x000000f5d3800000)]
  0x0000023fb61a9ba0 JavaThread "Unconstrained build operations Thread 111" [_thread_blocked, id=9352, stack(0x000000f5d3500000,0x000000f5d3600000)]
  0x0000023fb61aaad0 JavaThread "Unconstrained build operations Thread 112" [_thread_blocked, id=18104, stack(0x000000f5d3800000,0x000000f5d3900000)]
  0x0000023fb61af6c0 JavaThread "Unconstrained build operations Thread 113" [_thread_blocked, id=10524, stack(0x000000f5d3900000,0x000000f5d3a00000)]
  0x0000023fb61a8c70 JavaThread "Unconstrained build operations Thread 114" [_thread_blocked, id=25268, stack(0x000000f5d3a00000,0x000000f5d3b00000)]
  0x0000023fb61ab4f0 JavaThread "Unconstrained build operations Thread 115" [_thread_blocked, id=24600, stack(0x000000f5d3b00000,0x000000f5d3c00000)]
  0x0000023fb61ae790 JavaThread "Unconstrained build operations Thread 116" [_thread_blocked, id=16008, stack(0x000000f5d3c00000,0x000000f5d3d00000)]
  0x0000023fb61aafe0 JavaThread "Unconstrained build operations Thread 117" [_thread_blocked, id=17264, stack(0x000000f5d3d00000,0x000000f5d3e00000)]
  0x0000023fb61a9180 JavaThread "Unconstrained build operations Thread 118" [_thread_blocked, id=5604, stack(0x000000f5d3e00000,0x000000f5d3f00000)]
  0x0000023fb61aeca0 JavaThread "Unconstrained build operations Thread 119" [_thread_blocked, id=15616, stack(0x000000f5d3f00000,0x000000f5d4000000)]
  0x0000023fb61aa0b0 JavaThread "Unconstrained build operations Thread 120" [_thread_blocked, id=18784, stack(0x000000f5d4000000,0x000000f5d4100000)]
  0x0000023fb61afbd0 JavaThread "jar transforms Thread 4" [_thread_blocked, id=7236, stack(0x000000f5d4200000,0x000000f5d4300000)]
  0x0000023fb61a8760 JavaThread "jar transforms Thread 5" [_thread_blocked, id=23780, stack(0x000000f5d4300000,0x000000f5d4400000)]
  0x0000023fb61aba00 JavaThread "jar transforms Thread 6" [_thread_blocked, id=9700, stack(0x000000f5d4400000,0x000000f5d4500000)]
  0x0000023ffd71cfa0 JavaThread "Problems report writer" [_thread_blocked, id=25160, stack(0x000000f5d4100000,0x000000f5d4200000)]
  0x0000023ffd71e8f0 JavaThread "build event listener" [_thread_blocked, id=11736, stack(0x000000f5d4500000,0x000000f5d4600000)]
  0x0000023ffd71d4b0 JavaThread "jar transforms Thread 7" [_thread_blocked, id=9668, stack(0x000000f5d4600000,0x000000f5d4700000)]
  0x0000023ffd71b650 JavaThread "jar transforms Thread 8" [_thread_blocked, id=21836, stack(0x000000f5d4700000,0x000000f5d4800000)]
  0x0000023fbba87740 JavaThread "jar transforms Thread 9" [_thread_blocked, id=25764, stack(0x000000f5d4800000,0x000000f5d4900000)]
  0x0000023fbba87c50 JavaThread "jar transforms Thread 10" [_thread_blocked, id=25896, stack(0x000000f5d4900000,0x000000f5d4a00000)]
  0x0000023fbba87230 JavaThread "jar transforms Thread 11" [_thread_blocked, id=17152, stack(0x000000f5d4a00000,0x000000f5d4b00000)]
  0x0000023fbba8aef0 JavaThread "jar transforms Thread 12" [_thread_blocked, id=3564, stack(0x000000f5d4b00000,0x000000f5d4c00000)]
  0x0000023fbba86300 JavaThread "pool-3-thread-1" [_thread_blocked, id=26248, stack(0x000000f5c7100000,0x000000f5c7200000)]
  0x0000023fbba86810 JavaThread "build event listener" [_thread_blocked, id=25932, stack(0x000000f5c7200000,0x000000f5c7300000)]
  0x0000023fbba86d20 JavaThread "Cache worker for execution history cache (C:\InternshipTask\oxfan\android\.gradle\8.13\executionHistory)" [_thread_blocked, id=25256, stack(0x000000f5d4f00000,0x000000f5d5000000)]
  0x0000023ffb505370 JavaThread "WorkerExecutor Queue" [_thread_blocked, id=22184, stack(0x000000f5d5200000,0x000000f5d5300000)]
  0x0000023ffd71d9c0 JavaThread "WorkerExecutor Queue Thread 4" [_thread_in_native, id=23588, stack(0x000000f5d5500000,0x000000f5d5600000)]
  0x0000023fbb89b5b0 JavaThread "WorkerExecutor Queue Thread 8" [_thread_in_native, id=8156, stack(0x000000f5d5600000,0x000000f5d5700000)]
  0x0000023fbb899c60 JavaThread "WorkerExecutor Queue Thread 9" [_thread_blocked, id=18824, stack(0x000000f5d5700000,0x000000f5d5800000)]
  0x0000023fbb899240 JavaThread "WorkerExecutor Queue Thread 10" [_thread_in_native, id=15740, stack(0x000000f5d5800000,0x000000f5d5900000)]
  0x0000023fbb895580 JavaThread "WorkerExecutor Queue Thread 12" [_thread_blocked, id=5936, stack(0x000000f5d4e00000,0x000000f5d4f00000)]
  0x0000023fbb8978f0 JavaThread "WorkerExecutor Queue Thread 13" [_thread_blocked, id=12008, stack(0x000000f5cd700000,0x000000f5cd800000)]
  0x0000023fbb898310 JavaThread "Exec process Thread 4" [_thread_blocked, id=24976, stack(0x000000f5d2900000,0x000000f5d2a00000)]
  0x0000023fbb89d410 JavaThread "Exec process Thread 5" [_thread_blocked, id=26420, stack(0x000000f5d4d00000,0x000000f5d4e00000)]
  0x0000023fbb8969c0 JavaThread "Exec process Thread 6" [_thread_blocked, id=22472, stack(0x000000f5d5100000,0x000000f5d5200000)]
  0x0000023fbb89a170 JavaThread "Cache worker for Java compile cache (C:\Users\laxman\.gradle\caches\8.13\javaCompile)" [_thread_blocked, id=12128, stack(0x000000f5d5000000,0x000000f5d5100000)]
  0x0000023fbb89e340 JavaThread "Build operations" [_thread_blocked, id=17372, stack(0x000000f5d5c00000,0x000000f5d5d00000)]
  0x0000023fbb89e850 JavaThread "Build operations Thread 2" [_thread_blocked, id=17228, stack(0x000000f5d5d00000,0x000000f5d5e00000)]
  0x0000023fbb89c9f0 JavaThread "Build operations Thread 3" [_thread_blocked, id=4488, stack(0x000000f5d5e00000,0x000000f5d5f00000)]
  0x0000023fbb8973e0 JavaThread "Build operations Thread 4" [_thread_blocked, id=18796, stack(0x000000f5d5f00000,0x000000f5d6000000)]
  0x0000023fbb89ed60 JavaThread "Build operations Thread 5" [_thread_blocked, id=23876, stack(0x000000f5d6000000,0x000000f5d6100000)]
  0x0000023fbb897e00 JavaThread "Build operations Thread 6" [_thread_blocked, id=26380, stack(0x000000f5d6100000,0x000000f5d6200000)]
  0x0000023fbb89f270 JavaThread "Build operations Thread 7" [_thread_blocked, id=2292, stack(0x000000f5d6200000,0x000000f5d6300000)]
  0x0000023fbb89f780 JavaThread "Build operations Thread 8" [_thread_blocked, id=14076, stack(0x000000f5d6300000,0x000000f5d6400000)]
  0x0000023fbb8a2a20 JavaThread "Build operations Thread 9" [_thread_blocked, id=26348, stack(0x000000f5d6400000,0x000000f5d6500000)]
  0x0000023fbb89fc90 JavaThread "Build operations Thread 10" [_thread_blocked, id=23232, stack(0x000000f5d6500000,0x000000f5d6600000)]
  0x0000023fbb8a3440 JavaThread "Build operations Thread 11" [_thread_blocked, id=20384, stack(0x000000f5d6600000,0x000000f5d6700000)]
  0x0000023fbb8a4370 JavaThread "Build operations Thread 12" [_thread_blocked, id=9816, stack(0x000000f5d6700000,0x000000f5d6800000)]
  0x0000023fbb8a06b0 JavaThread "pool-4-thread-1" [_thread_blocked, id=26292, stack(0x000000f5d6800000,0x000000f5d6900000)]
  0x0000023fbb8a0bc0 JavaThread "stderr" [_thread_in_native, id=8536, stack(0x000000f5d6900000,0x000000f5d6a00000)]
  0x0000023fbb8a10d0 JavaThread "stdout" [_thread_in_native, id=18232, stack(0x000000f5d6a00000,0x000000f5d6b00000)]
  0x0000023fbb8a1af0 JavaThread "stderr" [_thread_in_native, id=15792, stack(0x000000f5d6b00000,0x000000f5d6c00000)]
  0x0000023fbb8a3e60 JavaThread "stdout" [_thread_in_native, id=9404, stack(0x000000f5d6c00000,0x000000f5d6d00000)]
  0x0000023ffdb2af90 JavaThread "RMI Scheduler(0)" daemon [_thread_blocked, id=4912, stack(0x000000f5d5900000,0x000000f5d5a00000)]
  0x0000023ffdb2dd20 JavaThread "RMI RenewClean-[127.0.0.1:17311,org.jetbrains.kotlin.daemon.common.LoopbackNetworkInterface$ClientLoopbackSocketFactory@700ecc96]" daemon [_thread_blocked, id=26204, stack(0x000000f5d5b00000,0x000000f5d5c00000)]
  0x0000023ffdb2e740 JavaThread "RMI GC Daemon" daemon [_thread_blocked, id=1720, stack(0x000000f5d6d00000,0x000000f5d6e00000)]
  0x0000023ffdb2d300 JavaThread "RMI TCP Accept-0" daemon [_thread_in_native, id=26232, stack(0x000000f5d6e00000,0x000000f5d6f00000)]
  0x0000023ffdb2fb80 JavaThread "RMI Reaper" [_thread_blocked, id=12596, stack(0x000000f5d6f00000,0x000000f5d7000000)]
  0x0000023fbba895a0 JavaThread "RMI TCP Connection(5)-127.0.0.1" daemon [_thread_in_native, id=18736, stack(0x000000f5d7200000,0x000000f5d7300000)]
  0x0000023fb61add70 JavaThread "WorkerExecutor Queue Thread 14" [_thread_blocked, id=18288, stack(0x000000f5cdf00000,0x000000f5ce000000)]
  0x0000023fb5f4bfc0 JavaThread "WorkerExecutor Queue Thread 15" [_thread_blocked, id=19348, stack(0x000000f5ce100000,0x000000f5ce200000)]
  0x0000023fb5f4c9e0 JavaThread "RMI RenewClean-[127.0.0.1:17311,org.jetbrains.kotlin.daemon.common.LoopbackNetworkInterface$ClientLoopbackSocketFactory@7884905f]" daemon [_thread_blocked, id=19148, stack(0x000000f5d5a00000,0x000000f5d5b00000)]
  0x0000023fb5f4e840 JavaThread "WorkerExecutor Queue Thread 16" [_thread_blocked, id=26368, stack(0x000000f5d7300000,0x000000f5d7400000)]
  0x0000023fb5f4ed50 JavaThread "RMI TCP Connection(idle)" daemon [_thread_blocked, id=10496, stack(0x000000f5d7400000,0x000000f5d7500000)]
  0x0000023fb5f4ab80 JavaThread "RMI RenewClean-[127.0.0.1:17311,org.jetbrains.kotlin.daemon.common.LoopbackNetworkInterface$ClientLoopbackSocketFactory@769c523a]" daemon [_thread_blocked, id=23756, stack(0x000000f5d7500000,0x000000f5d7600000)]
  0x0000023fb5f4f260 JavaThread "RMI TCP Connection(idle)" daemon [_thread_blocked, id=10900, stack(0x000000f5d7600000,0x000000f5d7700000)]
  0x0000023fb5f4a670 JavaThread "RMI RenewClean-[127.0.0.1:17311,org.jetbrains.kotlin.daemon.common.LoopbackNetworkInterface$ClientLoopbackSocketFactory@5c2fe7c1]" daemon [_thread_blocked, id=7912, stack(0x000000f5d7700000,0x000000f5d7800000)]
  0x0000023fb5f48810 JavaThread "RMI TCP Connection(6)-127.0.0.1" daemon [_thread_in_Java, id=15504, stack(0x000000f5d7800000,0x000000f5d7900000)]
  0x0000023fb5f4a160 JavaThread "WorkerExecutor Queue Thread 17" [_thread_blocked, id=23828, stack(0x000000f5d5300000,0x000000f5d5400000)]
  0x0000023fb5f4cef0 JavaThread "WorkerExecutor Queue Thread 18" [_thread_blocked, id=25040, stack(0x000000f5d5400000,0x000000f5d5500000)]

Other Threads:
  0x0000023ff68047e0 VMThread "VM Thread" [stack: 0x000000f5c7900000,0x000000f5c7a00000] [id=4340]
  0x0000023ff6b03f80 WatcherThread [stack: 0x000000f5c8500000,0x000000f5c8600000] [id=3924]
  0x0000023fd34c6860 GCTaskThread "GC Thread#0" [stack: 0x000000f5c7400000,0x000000f5c7500000] [id=788]
  0x0000023ffb0345a0 GCTaskThread "GC Thread#1" [stack: 0x000000f5c8600000,0x000000f5c8700000] [id=25640]
  0x0000023ffb25eca0 GCTaskThread "GC Thread#2" [stack: 0x000000f5c8700000,0x000000f5c8800000] [id=288]
  0x0000023ffba60890 GCTaskThread "GC Thread#3" [stack: 0x000000f5c8800000,0x000000f5c8900000] [id=25976]
  0x0000023ffb3bf940 GCTaskThread "GC Thread#4" [stack: 0x000000f5c8900000,0x000000f5c8a00000] [id=26568]
  0x0000023ffbe3fa30 GCTaskThread "GC Thread#5" [stack: 0x000000f5c9400000,0x000000f5c9500000] [id=24292]
  0x0000023ffc9f1b90 GCTaskThread "GC Thread#6" [stack: 0x000000f5c9500000,0x000000f5c9600000] [id=26084]
  0x0000023ffcbcfe80 GCTaskThread "GC Thread#7" [stack: 0x000000f5c9600000,0x000000f5c9700000] [id=17432]
  0x0000023ffc9c8c50 GCTaskThread "GC Thread#8" [stack: 0x000000f5c9700000,0x000000f5c9800000] [id=6616]
  0x0000023ffb5098f0 GCTaskThread "GC Thread#9" [stack: 0x000000f5c9800000,0x000000f5c9900000] [id=24256]
  0x0000023fd34d77b0 ConcurrentGCThread "G1 Main Marker" [stack: 0x000000f5c7500000,0x000000f5c7600000] [id=18628]
  0x0000023fd34d8970 ConcurrentGCThread "G1 Conc#0" [stack: 0x000000f5c7600000,0x000000f5c7700000] [id=7596]
  0x0000023ffe1f8370 ConcurrentGCThread "G1 Conc#1" [stack: 0x000000f5c9e00000,0x000000f5c9f00000] [id=23688]
  0x0000023ffd0a8600 ConcurrentGCThread "G1 Conc#2" [stack: 0x000000f5c9f00000,0x000000f5ca000000] [id=26140]
  0x0000023ff66ba700 ConcurrentGCThread "G1 Refine#0" [stack: 0x000000f5c7700000,0x000000f5c7800000] [id=26372]
  0x0000023fb6674fb0 ConcurrentGCThread "G1 Refine#1" [stack: 0x000000f5d4c00000,0x000000f5d4d00000] [id=22324]
  0x0000023fb60bbf40 ConcurrentGCThread "G1 Refine#2" [stack: 0x000000f5c7000000,0x000000f5c7100000] [id=5328]
  0x0000023ff66bb130 ConcurrentGCThread "G1 Service" [stack: 0x000000f5c7800000,0x000000f5c7900000] [id=16780]

Threads with active compile tasks:
C2 CompilerThread0   186147 34561       4       org.gradle.internal.vfs.impl.DefaultFileSystemAccess::snapshot (60 bytes)

VM state: not at safepoint (normal execution)

VM Mutex/Monitor currently owned by a thread: None

Heap address: 0x0000000700000000, size: 4096 MB, Compressed Oops mode: Zero based, Oop shift amount: 3

CDS archive(s) mapped at: [0x0000023f80000000-0x0000023f80bb0000-0x0000023f80bb0000), size 12255232, SharedBaseAddress: 0x0000023f80000000, ArchiveRelocationMode: 1.
Compressed class space mapped at: 0x0000023f81000000-0x0000023fb5000000, reserved size: 872415232
Narrow klass base: 0x0000023f80000000, Narrow klass shift: 0, Narrow klass range: 0x100000000

GC Precious Log:
 CPUs: 12 total, 12 available
 Memory: 5989M
 Large Page Support: Disabled
 NUMA Support: Disabled
 Compressed Oops: Enabled (Zero based)
 Heap Region Size: 2M
 Heap Min Capacity: 8M
 Heap Initial Capacity: 94M
 Heap Max Capacity: 4G
 Pre-touch: Disabled
 Parallel Workers: 10
 Concurrent Workers: 3
 Concurrent Refinement Workers: 10
 Periodic GC: Disabled

Heap:
 garbage-first heap   total 1208320K, used 758396K [0x0000000700000000, 0x0000000800000000)
  region size 2048K, 204 young (417792K), 9 survivors (18432K)
 Metaspace       used 169988K, committed 172096K, reserved 1048576K
  class space    used 21853K, committed 22848K, reserved 851968K

Heap Regions: E=young(eden), S=young(survivor), O=old, HS=humongous(starts), HC=humongous(continues), CS=collection set, F=free, OA=open archive, CA=closed archive, TAMS=top-at-mark-start (previous, next)
|   0|0x0000000700000000, 0x0000000700200000, 0x0000000700200000|100%|HS|  |TAMS 0x0000000700200000, 0x0000000700000000| Complete 
|   1|0x0000000700200000, 0x0000000700400000, 0x0000000700400000|100%|HC|  |TAMS 0x0000000700400000, 0x0000000700200000| Complete 
|   2|0x0000000700400000, 0x0000000700600000, 0x0000000700600000|100%| O|  |TAMS 0x0000000700600000, 0x0000000700400000| Untracked 
|   3|0x0000000700600000, 0x0000000700800000, 0x0000000700800000|100%| O|  |TAMS 0x0000000700800000, 0x0000000700600000| Untracked 
|   4|0x0000000700800000, 0x0000000700a00000, 0x0000000700a00000|100%| O|  |TAMS 0x0000000700a00000, 0x0000000700800000| Untracked 
|   5|0x0000000700a00000, 0x0000000700c00000, 0x0000000700c00000|100%| O|  |TAMS 0x0000000700c00000, 0x0000000700a00000| Untracked 
|   6|0x0000000700c00000, 0x0000000700e00000, 0x0000000700e00000|100%| O|  |TAMS 0x0000000700e00000, 0x0000000700c00000| Untracked 
|   7|0x0000000700e00000, 0x0000000701000000, 0x0000000701000000|100%| O|  |TAMS 0x0000000701000000, 0x0000000700e00000| Untracked 
|   8|0x0000000701000000, 0x0000000701200000, 0x0000000701200000|100%| O|  |TAMS 0x0000000701200000, 0x0000000701000000| Untracked 
|   9|0x0000000701200000, 0x0000000701400000, 0x0000000701400000|100%| O|  |TAMS 0x0000000701400000, 0x0000000701200000| Untracked 
|  10|0x0000000701400000, 0x0000000701600000, 0x0000000701600000|100%| O|  |TAMS 0x0000000701600000, 0x0000000701400000| Untracked 
|  11|0x0000000701600000, 0x0000000701800000, 0x0000000701800000|100%| O|  |TAMS 0x0000000701800000, 0x0000000701600000| Untracked 
|  12|0x0000000701800000, 0x0000000701a00000, 0x0000000701a00000|100%| O|  |TAMS 0x0000000701a00000, 0x0000000701800000| Untracked 
|  13|0x0000000701a00000, 0x0000000701c00000, 0x0000000701c00000|100%| O|  |TAMS 0x0000000701c00000, 0x0000000701a00000| Untracked 
|  14|0x0000000701c00000, 0x0000000701e00000, 0x0000000701e00000|100%| O|  |TAMS 0x0000000701e00000, 0x0000000701c00000| Untracked 
|  15|0x0000000701e00000, 0x0000000702000000, 0x0000000702000000|100%| O|  |TAMS 0x0000000702000000, 0x0000000701e00000| Untracked 
|  16|0x0000000702000000, 0x0000000702200000, 0x0000000702200000|100%| O|  |TAMS 0x0000000702200000, 0x0000000702000000| Untracked 
|  17|0x0000000702200000, 0x0000000702400000, 0x0000000702400000|100%| O|  |TAMS 0x0000000702400000, 0x0000000702200000| Untracked 
|  18|0x0000000702400000, 0x0000000702600000, 0x0000000702600000|100%| O|  |TAMS 0x0000000702600000, 0x0000000702400000| Untracked 
|  19|0x0000000702600000, 0x0000000702800000, 0x0000000702800000|100%| O|  |TAMS 0x0000000702800000, 0x0000000702600000| Untracked 
|  20|0x0000000702800000, 0x0000000702a00000, 0x0000000702a00000|100%| O|  |TAMS 0x0000000702a00000, 0x0000000702800000| Untracked 
|  21|0x0000000702a00000, 0x0000000702c00000, 0x0000000702c00000|100%| O|  |TAMS 0x0000000702c00000, 0x0000000702a00000| Untracked 
|  22|0x0000000702c00000, 0x0000000702e00000, 0x0000000702e00000|100%| O|  |TAMS 0x0000000702e00000, 0x0000000702c00000| Untracked 
|  23|0x0000000702e00000, 0x0000000703000000, 0x0000000703000000|100%|HS|  |TAMS 0x0000000703000000, 0x0000000702e00000| Complete 
|  24|0x0000000703000000, 0x0000000703200000, 0x0000000703200000|100%|HS|  |TAMS 0x0000000703200000, 0x0000000703000000| Complete 
|  25|0x0000000703200000, 0x0000000703400000, 0x0000000703400000|100%|HS|  |TAMS 0x0000000703400000, 0x0000000703200000| Complete 
|  26|0x0000000703400000, 0x0000000703600000, 0x0000000703600000|100%|HC|  |TAMS 0x0000000703600000, 0x0000000703400000| Complete 
|  27|0x0000000703600000, 0x0000000703800000, 0x0000000703800000|100%|HS|  |TAMS 0x0000000703800000, 0x0000000703600000| Complete 
|  28|0x0000000703800000, 0x0000000703a00000, 0x0000000703a00000|100%| O|  |TAMS 0x0000000703a00000, 0x0000000703800000| Untracked 
|  29|0x0000000703a00000, 0x0000000703c00000, 0x0000000703c00000|100%| O|  |TAMS 0x0000000703c00000, 0x0000000703a00000| Untracked 
|  30|0x0000000703c00000, 0x0000000703e00000, 0x0000000703e00000|100%|HS|  |TAMS 0x0000000703e00000, 0x0000000703c00000| Complete 
|  31|0x0000000703e00000, 0x0000000704000000, 0x0000000704000000|100%|HC|  |TAMS 0x0000000704000000, 0x0000000703e00000| Complete 
|  32|0x0000000704000000, 0x0000000704200000, 0x0000000704200000|100%| O|  |TAMS 0x0000000704200000, 0x0000000704000000| Untracked 
|  33|0x0000000704200000, 0x0000000704400000, 0x0000000704400000|100%| O|  |TAMS 0x0000000704400000, 0x0000000704200000| Untracked 
|  34|0x0000000704400000, 0x0000000704600000, 0x0000000704600000|100%| O|  |TAMS 0x0000000704600000, 0x0000000704400000| Untracked 
|  35|0x0000000704600000, 0x0000000704800000, 0x0000000704800000|100%| O|  |TAMS 0x0000000704800000, 0x0000000704600000| Untracked 
|  36|0x0000000704800000, 0x0000000704a00000, 0x0000000704a00000|100%| O|  |TAMS 0x0000000704a00000, 0x0000000704800000| Untracked 
|  37|0x0000000704a00000, 0x0000000704c00000, 0x0000000704c00000|100%| O|  |TAMS 0x0000000704c00000, 0x0000000704a00000| Untracked 
|  38|0x0000000704c00000, 0x0000000704e00000, 0x0000000704e00000|100%| O|  |TAMS 0x0000000704e00000, 0x0000000704c00000| Untracked 
|  39|0x0000000704e00000, 0x0000000705000000, 0x0000000705000000|100%| O|  |TAMS 0x0000000705000000, 0x0000000704e00000| Untracked 
|  40|0x0000000705000000, 0x0000000705200000, 0x0000000705200000|100%| O|  |TAMS 0x0000000705200000, 0x0000000705000000| Untracked 
|  41|0x0000000705200000, 0x0000000705400000, 0x0000000705400000|100%|HS|  |TAMS 0x0000000705200000, 0x0000000705200000| Complete 
|  42|0x0000000705400000, 0x0000000705600000, 0x0000000705600000|100%| O|  |TAMS 0x0000000705600000, 0x0000000705400000| Untracked 
|  43|0x0000000705600000, 0x0000000705800000, 0x0000000705800000|100%| O|  |TAMS 0x0000000705800000, 0x0000000705600000| Untracked 
|  44|0x0000000705800000, 0x0000000705a00000, 0x0000000705a00000|100%| O|  |TAMS 0x0000000705a00000, 0x0000000705800000| Untracked 
|  45|0x0000000705a00000, 0x0000000705c00000, 0x0000000705c00000|100%| O|  |TAMS 0x0000000705c00000, 0x0000000705a00000| Untracked 
|  46|0x0000000705c00000, 0x0000000705e00000, 0x0000000705e00000|100%| O|  |TAMS 0x0000000705e00000, 0x0000000705c00000| Untracked 
|  47|0x0000000705e00000, 0x0000000706000000, 0x0000000706000000|100%| O|  |TAMS 0x0000000706000000, 0x0000000705e00000| Untracked 
|  48|0x0000000706000000, 0x0000000706200000, 0x0000000706200000|100%| O|  |TAMS 0x0000000706200000, 0x0000000706000000| Untracked 
|  49|0x0000000706200000, 0x0000000706400000, 0x0000000706400000|100%| O|  |TAMS 0x0000000706400000, 0x0000000706200000| Untracked 
|  50|0x0000000706400000, 0x0000000706600000, 0x0000000706600000|100%| O|  |TAMS 0x0000000706600000, 0x0000000706400000| Untracked 
|  51|0x0000000706600000, 0x0000000706800000, 0x0000000706800000|100%| O|  |TAMS 0x0000000706800000, 0x0000000706600000| Untracked 
|  52|0x0000000706800000, 0x0000000706a00000, 0x0000000706a00000|100%| O|  |TAMS 0x0000000706800000, 0x0000000706800000| Untracked 
|  53|0x0000000706a00000, 0x0000000706c00000, 0x0000000706c00000|100%| O|  |TAMS 0x0000000706c00000, 0x0000000706a00000| Untracked 
|  54|0x0000000706c00000, 0x0000000706e00000, 0x0000000706e00000|100%| O|  |TAMS 0x0000000706e00000, 0x0000000706c00000| Untracked 
|  55|0x0000000706e00000, 0x0000000707000000, 0x0000000707000000|100%| O|  |TAMS 0x0000000707000000, 0x0000000706e00000| Untracked 
|  56|0x0000000707000000, 0x0000000707200000, 0x0000000707200000|100%| O|  |TAMS 0x0000000707200000, 0x0000000707000000| Untracked 
|  57|0x0000000707200000, 0x0000000707400000, 0x0000000707400000|100%| O|  |TAMS 0x0000000707400000, 0x0000000707200000| Untracked 
|  58|0x0000000707400000, 0x0000000707600000, 0x0000000707600000|100%| O|  |TAMS 0x0000000707600000, 0x0000000707400000| Untracked 
|  59|0x0000000707600000, 0x0000000707800000, 0x0000000707800000|100%| O|  |TAMS 0x0000000707800000, 0x0000000707600000| Untracked 
|  60|0x0000000707800000, 0x0000000707a00000, 0x0000000707a00000|100%|HS|  |TAMS 0x0000000707a00000, 0x0000000707800000| Complete 
|  61|0x0000000707a00000, 0x0000000707c00000, 0x0000000707c00000|100%|HS|  |TAMS 0x0000000707c00000, 0x0000000707a00000| Complete 
|  62|0x0000000707c00000, 0x0000000707e00000, 0x0000000707e00000|100%| O|  |TAMS 0x0000000707e00000, 0x0000000707c00000| Untracked 
|  63|0x0000000707e00000, 0x0000000708000000, 0x0000000708000000|100%| O|  |TAMS 0x0000000708000000, 0x0000000707e00000| Untracked 
|  64|0x0000000708000000, 0x0000000708200000, 0x0000000708200000|100%| O|  |TAMS 0x0000000708200000, 0x0000000708000000| Untracked 
|  65|0x0000000708200000, 0x0000000708400000, 0x0000000708400000|100%| O|  |TAMS 0x0000000708400000, 0x0000000708200000| Untracked 
|  66|0x0000000708400000, 0x0000000708600000, 0x0000000708600000|100%| O|  |TAMS 0x0000000708600000, 0x0000000708400000| Untracked 
|  67|0x0000000708600000, 0x0000000708800000, 0x0000000708800000|100%| O|  |TAMS 0x0000000708800000, 0x0000000708600000| Untracked 
|  68|0x0000000708800000, 0x0000000708a00000, 0x0000000708a00000|100%| O|  |TAMS 0x0000000708a00000, 0x0000000708800000| Untracked 
|  69|0x0000000708a00000, 0x0000000708c00000, 0x0000000708c00000|100%| O|  |TAMS 0x0000000708c00000, 0x0000000708a00000| Untracked 
|  70|0x0000000708c00000, 0x0000000708e00000, 0x0000000708e00000|100%| O|  |TAMS 0x0000000708e00000, 0x0000000708c00000| Untracked 
|  71|0x0000000708e00000, 0x0000000709000000, 0x0000000709000000|100%| O|  |TAMS 0x0000000709000000, 0x0000000708e00000| Untracked 
|  72|0x0000000709000000, 0x0000000709200000, 0x0000000709200000|100%| O|  |TAMS 0x0000000709200000, 0x0000000709000000| Untracked 
|  73|0x0000000709200000, 0x0000000709400000, 0x0000000709400000|100%| O|  |TAMS 0x0000000709400000, 0x0000000709200000| Untracked 
|  74|0x0000000709400000, 0x0000000709600000, 0x0000000709600000|100%|HS|  |TAMS 0x0000000709600000, 0x0000000709400000| Complete 
|  75|0x0000000709600000, 0x0000000709800000, 0x0000000709800000|100%| O|  |TAMS 0x0000000709800000, 0x0000000709600000| Untracked 
|  76|0x0000000709800000, 0x0000000709a00000, 0x0000000709a00000|100%| O|  |TAMS 0x0000000709a00000, 0x0000000709800000| Untracked 
|  77|0x0000000709a00000, 0x0000000709c00000, 0x0000000709c00000|100%| O|  |TAMS 0x0000000709c00000, 0x0000000709a00000| Untracked 
|  78|0x0000000709c00000, 0x0000000709e00000, 0x0000000709e00000|100%| O|  |TAMS 0x0000000709e00000, 0x0000000709c00000| Untracked 
|  79|0x0000000709e00000, 0x000000070a000000, 0x000000070a000000|100%| O|  |TAMS 0x000000070a000000, 0x0000000709e00000| Untracked 
|  80|0x000000070a000000, 0x000000070a200000, 0x000000070a200000|100%| O|  |TAMS 0x000000070a200000, 0x000000070a000000| Untracked 
|  81|0x000000070a200000, 0x000000070a400000, 0x000000070a400000|100%| O|  |TAMS 0x000000070a400000, 0x000000070a200000| Untracked 
|  82|0x000000070a400000, 0x000000070a600000, 0x000000070a600000|100%| O|  |TAMS 0x000000070a600000, 0x000000070a400000| Untracked 
|  83|0x000000070a600000, 0x000000070a800000, 0x000000070a800000|100%| O|  |TAMS 0x000000070a800000, 0x000000070a600000| Untracked 
|  84|0x000000070a800000, 0x000000070aa00000, 0x000000070aa00000|100%| O|  |TAMS 0x000000070aa00000, 0x000000070a800000| Untracked 
|  85|0x000000070aa00000, 0x000000070ac00000, 0x000000070ac00000|100%| O|  |TAMS 0x000000070aa00000, 0x000000070aa00000| Untracked 
|  86|0x000000070ac00000, 0x000000070ae00000, 0x000000070ae00000|100%| O|  |TAMS 0x000000070ac00000, 0x000000070ac00000| Untracked 
|  87|0x000000070ae00000, 0x000000070b000000, 0x000000070b000000|100%| O|  |TAMS 0x000000070b000000, 0x000000070ae00000| Untracked 
|  88|0x000000070b000000, 0x000000070b200000, 0x000000070b200000|100%| O|  |TAMS 0x000000070b200000, 0x000000070b000000| Untracked 
|  89|0x000000070b200000, 0x000000070b400000, 0x000000070b400000|100%| O|  |TAMS 0x000000070b400000, 0x000000070b200000| Untracked 
|  90|0x000000070b400000, 0x000000070b600000, 0x000000070b600000|100%| O|  |TAMS 0x000000070b600000, 0x000000070b400000| Untracked 
|  91|0x000000070b600000, 0x000000070b800000, 0x000000070b800000|100%| O|  |TAMS 0x000000070b800000, 0x000000070b600000| Untracked 
|  92|0x000000070b800000, 0x000000070ba00000, 0x000000070ba00000|100%| O|  |TAMS 0x000000070ba00000, 0x000000070b800000| Untracked 
|  93|0x000000070ba00000, 0x000000070bc00000, 0x000000070bc00000|100%| O|  |TAMS 0x000000070bc00000, 0x000000070ba00000| Untracked 
|  94|0x000000070bc00000, 0x000000070be00000, 0x000000070be00000|100%| O|  |TAMS 0x000000070be00000, 0x000000070bc00000| Untracked 
|  95|0x000000070be00000, 0x000000070c000000, 0x000000070c000000|100%| O|  |TAMS 0x000000070be00000, 0x000000070be00000| Untracked 
|  96|0x000000070c000000, 0x000000070c200000, 0x000000070c200000|100%| O|  |TAMS 0x000000070c200000, 0x000000070c000000| Untracked 
|  97|0x000000070c200000, 0x000000070c400000, 0x000000070c400000|100%| O|  |TAMS 0x000000070c400000, 0x000000070c200000| Untracked 
|  98|0x000000070c400000, 0x000000070c600000, 0x000000070c600000|100%| O|  |TAMS 0x000000070c600000, 0x000000070c400000| Untracked 
|  99|0x000000070c600000, 0x000000070c800000, 0x000000070c800000|100%| O|  |TAMS 0x000000070c800000, 0x000000070c600000| Untracked 
| 100|0x000000070c800000, 0x000000070ca00000, 0x000000070ca00000|100%| O|  |TAMS 0x000000070ca00000, 0x000000070c800000| Untracked 
| 101|0x000000070ca00000, 0x000000070cc00000, 0x000000070cc00000|100%| O|  |TAMS 0x000000070cc00000, 0x000000070ca00000| Untracked 
| 102|0x000000070cc00000, 0x000000070ce00000, 0x000000070ce00000|100%| O|  |TAMS 0x000000070ce00000, 0x000000070cc00000| Untracked 
| 103|0x000000070ce00000, 0x000000070d000000, 0x000000070d000000|100%| O|  |TAMS 0x000000070d000000, 0x000000070ce00000| Untracked 
| 104|0x000000070d000000, 0x000000070d200000, 0x000000070d200000|100%| O|  |TAMS 0x000000070d200000, 0x000000070d000000| Untracked 
| 105|0x000000070d200000, 0x000000070d400000, 0x000000070d400000|100%| O|  |TAMS 0x000000070d400000, 0x000000070d200000| Untracked 
| 106|0x000000070d400000, 0x000000070d600000, 0x000000070d600000|100%| O|  |TAMS 0x000000070d600000, 0x000000070d400000| Untracked 
| 107|0x000000070d600000, 0x000000070d800000, 0x000000070d800000|100%| O|  |TAMS 0x000000070d800000, 0x000000070d600000| Untracked 
| 108|0x000000070d800000, 0x000000070da00000, 0x000000070da00000|100%| O|  |TAMS 0x000000070da00000, 0x000000070d800000| Untracked 
| 109|0x000000070da00000, 0x000000070dc00000, 0x000000070dc00000|100%| O|  |TAMS 0x000000070da00000, 0x000000070da00000| Untracked 
| 110|0x000000070dc00000, 0x000000070de00000, 0x000000070de00000|100%| O|  |TAMS 0x000000070dc00000, 0x000000070dc00000| Untracked 
| 111|0x000000070de00000, 0x000000070e000000, 0x000000070e000000|100%| O|  |TAMS 0x000000070e000000, 0x000000070de00000| Untracked 
| 112|0x000000070e000000, 0x000000070e200000, 0x000000070e200000|100%| O|  |TAMS 0x000000070e200000, 0x000000070e000000| Untracked 
| 113|0x000000070e200000, 0x000000070e400000, 0x000000070e400000|100%| O|  |TAMS 0x000000070e400000, 0x000000070e200000| Untracked 
| 114|0x000000070e400000, 0x000000070e600000, 0x000000070e600000|100%| O|  |TAMS 0x000000070e600000, 0x000000070e400000| Untracked 
| 115|0x000000070e600000, 0x000000070e800000, 0x000000070e800000|100%| O|  |TAMS 0x000000070e800000, 0x000000070e600000| Untracked 
| 116|0x000000070e800000, 0x000000070ea00000, 0x000000070ea00000|100%| O|  |TAMS 0x000000070ea00000, 0x000000070e800000| Untracked 
| 117|0x000000070ea00000, 0x000000070ec00000, 0x000000070ec00000|100%| O|  |TAMS 0x000000070ec00000, 0x000000070ea00000| Untracked 
| 118|0x000000070ec00000, 0x000000070ee00000, 0x000000070ee00000|100%| O|  |TAMS 0x000000070ee00000, 0x000000070ec00000| Untracked 
| 119|0x000000070ee00000, 0x000000070f000000, 0x000000070f000000|100%| O|  |TAMS 0x000000070f000000, 0x000000070ee00000| Untracked 
| 120|0x000000070f000000, 0x000000070f200000, 0x000000070f200000|100%| O|  |TAMS 0x000000070f200000, 0x000000070f000000| Untracked 
| 121|0x000000070f200000, 0x000000070f400000, 0x000000070f400000|100%| O|  |TAMS 0x000000070f400000, 0x000000070f200000| Untracked 
| 122|0x000000070f400000, 0x000000070f600000, 0x000000070f600000|100%| O|  |TAMS 0x000000070f600000, 0x000000070f400000| Untracked 
| 123|0x000000070f600000, 0x000000070f800000, 0x000000070f800000|100%| O|  |TAMS 0x000000070f800000, 0x000000070f600000| Untracked 
| 124|0x000000070f800000, 0x000000070fa00000, 0x000000070fa00000|100%| O|  |TAMS 0x000000070fa00000, 0x000000070f800000| Untracked 
| 125|0x000000070fa00000, 0x000000070fc00000, 0x000000070fc00000|100%| O|  |TAMS 0x000000070fc00000, 0x000000070fa00000| Untracked 
| 126|0x000000070fc00000, 0x000000070fe00000, 0x000000070fe00000|100%| O|  |TAMS 0x000000070fe00000, 0x000000070fc00000| Untracked 
| 127|0x000000070fe00000, 0x0000000710000000, 0x0000000710000000|100%| O|  |TAMS 0x0000000710000000, 0x000000070fe00000| Untracked 
| 128|0x0000000710000000, 0x0000000710200000, 0x0000000710200000|100%| O|  |TAMS 0x0000000710200000, 0x0000000710000000| Untracked 
| 129|0x0000000710200000, 0x0000000710400000, 0x0000000710400000|100%| O|  |TAMS 0x0000000710400000, 0x0000000710200000| Untracked 
| 130|0x0000000710400000, 0x0000000710600000, 0x0000000710600000|100%| O|  |TAMS 0x0000000710600000, 0x0000000710400000| Untracked 
| 131|0x0000000710600000, 0x0000000710800000, 0x0000000710800000|100%| O|  |TAMS 0x0000000710800000, 0x0000000710600000| Untracked 
| 132|0x0000000710800000, 0x0000000710a00000, 0x0000000710a00000|100%| O|  |TAMS 0x0000000710a00000, 0x0000000710800000| Untracked 
| 133|0x0000000710a00000, 0x0000000710c00000, 0x0000000710c00000|100%| O|  |TAMS 0x0000000710c00000, 0x0000000710a00000| Untracked 
| 134|0x0000000710c00000, 0x0000000710e00000, 0x0000000710e00000|100%| O|  |TAMS 0x0000000710e00000, 0x0000000710c00000| Untracked 
| 135|0x0000000710e00000, 0x0000000711000000, 0x0000000711000000|100%| O|  |TAMS 0x0000000711000000, 0x0000000710e00000| Untracked 
| 136|0x0000000711000000, 0x0000000711200000, 0x0000000711200000|100%| O|  |TAMS 0x0000000711200000, 0x0000000711000000| Untracked 
| 137|0x0000000711200000, 0x0000000711400000, 0x0000000711400000|100%| O|  |TAMS 0x0000000711400000, 0x0000000711200000| Untracked 
| 138|0x0000000711400000, 0x0000000711600000, 0x0000000711600000|100%| O|  |TAMS 0x0000000711600000, 0x0000000711400000| Untracked 
| 139|0x0000000711600000, 0x0000000711800000, 0x0000000711800000|100%| O|  |TAMS 0x0000000711800000, 0x0000000711600000| Untracked 
| 140|0x0000000711800000, 0x0000000711a00000, 0x0000000711a00000|100%| O|  |TAMS 0x0000000711a00000, 0x0000000711800000| Untracked 
| 141|0x0000000711a00000, 0x0000000711c00000, 0x0000000711c00000|100%| O|  |TAMS 0x0000000711c00000, 0x0000000711a00000| Untracked 
| 142|0x0000000711c00000, 0x0000000711e00000, 0x0000000711e00000|100%|HS|  |TAMS 0x0000000711c00000, 0x0000000711c00000| Complete 
| 143|0x0000000711e00000, 0x0000000712000000, 0x0000000712000000|100%| O|  |TAMS 0x0000000711f98c00, 0x0000000711e00000| Untracked 
| 144|0x0000000712000000, 0x0000000712200000, 0x0000000712200000|100%| O|  |TAMS 0x0000000712000000, 0x0000000712000000| Untracked 
| 145|0x0000000712200000, 0x0000000712400000, 0x0000000712400000|100%| O|  |TAMS 0x0000000712200000, 0x0000000712200000| Untracked 
| 146|0x0000000712400000, 0x0000000712600000, 0x0000000712600000|100%| O|  |TAMS 0x0000000712400000, 0x0000000712400000| Untracked 
| 147|0x0000000712600000, 0x0000000712800000, 0x0000000712800000|100%| O|  |TAMS 0x0000000712600000, 0x0000000712600000| Untracked 
| 148|0x0000000712800000, 0x0000000712a00000, 0x0000000712a00000|100%| O|  |TAMS 0x0000000712800000, 0x0000000712800000| Untracked 
| 149|0x0000000712a00000, 0x0000000712c00000, 0x0000000712c00000|100%| O|  |TAMS 0x0000000712a00000, 0x0000000712a00000| Untracked 
| 150|0x0000000712c00000, 0x0000000712e00000, 0x0000000712e00000|100%| O|  |TAMS 0x0000000712e00000, 0x0000000712c00000| Untracked 
| 151|0x0000000712e00000, 0x0000000713000000, 0x0000000713000000|100%| O|  |TAMS 0x0000000713000000, 0x0000000712e00000| Untracked 
| 152|0x0000000713000000, 0x0000000713200000, 0x0000000713200000|100%|HS|  |TAMS 0x0000000713000000, 0x0000000713000000| Complete 
| 153|0x0000000713200000, 0x0000000713400000, 0x0000000713400000|100%| O|  |TAMS 0x0000000713400000, 0x0000000713200000| Untracked 
| 154|0x0000000713400000, 0x0000000713600000, 0x0000000713600000|100%| O|  |TAMS 0x0000000713400000, 0x0000000713400000| Untracked 
| 155|0x0000000713600000, 0x0000000713800000, 0x0000000713800000|100%| O|  |TAMS 0x0000000713600000, 0x0000000713600000| Untracked 
| 156|0x0000000713800000, 0x0000000713a00000, 0x0000000713a00000|100%| O|  |TAMS 0x0000000713800000, 0x0000000713800000| Untracked 
| 157|0x0000000713a00000, 0x0000000713c00000, 0x0000000713c00000|100%| O|  |TAMS 0x0000000713a00000, 0x0000000713a00000| Untracked 
| 158|0x0000000713c00000, 0x0000000713e00000, 0x0000000713e00000|100%| O|  |TAMS 0x0000000713c00000, 0x0000000713c00000| Untracked 
| 159|0x0000000713e00000, 0x0000000714000000, 0x0000000714000000|100%| O|  |TAMS 0x0000000713e00000, 0x0000000713e00000| Untracked 
| 160|0x0000000714000000, 0x0000000714200000, 0x0000000714200000|100%| O|  |TAMS 0x0000000714000000, 0x0000000714000000| Untracked 
| 161|0x0000000714200000, 0x0000000714400000, 0x0000000714400000|100%| O|  |TAMS 0x0000000714200000, 0x0000000714200000| Untracked 
| 162|0x0000000714400000, 0x0000000714600000, 0x0000000714600000|100%| O|  |TAMS 0x0000000714400000, 0x0000000714400000| Untracked 
| 163|0x0000000714600000, 0x0000000714800000, 0x0000000714800000|100%| O|  |TAMS 0x0000000714600000, 0x0000000714600000| Untracked 
| 164|0x0000000714800000, 0x00000007149e4000, 0x0000000714a00000| 94%| O|  |TAMS 0x0000000714800000, 0x0000000714800000| Untracked 
| 165|0x0000000714a00000, 0x0000000714c00000, 0x0000000714c00000|100%|HS|  |TAMS 0x0000000714a00000, 0x0000000714a00000| Complete 
| 166|0x0000000714c00000, 0x0000000714e00000, 0x0000000714e00000|100%|HS|  |TAMS 0x0000000714c00000, 0x0000000714c00000| Complete 
| 167|0x0000000714e00000, 0x0000000715000000, 0x0000000715000000|100%|HS|  |TAMS 0x0000000714e00000, 0x0000000714e00000| Complete 
| 168|0x0000000715000000, 0x0000000715200000, 0x0000000715200000|100%|HS|  |TAMS 0x0000000715000000, 0x0000000715000000| Complete 
| 169|0x0000000715200000, 0x0000000715200000, 0x0000000715400000|  0%| F|  |TAMS 0x0000000715200000, 0x0000000715200000| Untracked 
| 170|0x0000000715400000, 0x0000000715400000, 0x0000000715600000|  0%| F|  |TAMS 0x0000000715400000, 0x0000000715400000| Untracked 
| 171|0x0000000715600000, 0x0000000715600000, 0x0000000715800000|  0%| F|  |TAMS 0x0000000715600000, 0x0000000715600000| Untracked 
| 172|0x0000000715800000, 0x0000000715800000, 0x0000000715a00000|  0%| F|  |TAMS 0x0000000715800000, 0x0000000715800000| Untracked 
| 173|0x0000000715a00000, 0x0000000715a00000, 0x0000000715c00000|  0%| F|  |TAMS 0x0000000715a00000, 0x0000000715a00000| Untracked 
| 174|0x0000000715c00000, 0x0000000715c00000, 0x0000000715e00000|  0%| F|  |TAMS 0x0000000715c00000, 0x0000000715c00000| Untracked 
| 175|0x0000000715e00000, 0x0000000715e00000, 0x0000000716000000|  0%| F|  |TAMS 0x0000000715e00000, 0x0000000715e00000| Untracked 
| 176|0x0000000716000000, 0x0000000716000000, 0x0000000716200000|  0%| F|  |TAMS 0x0000000716000000, 0x0000000716000000| Untracked 
| 177|0x0000000716200000, 0x0000000716200000, 0x0000000716400000|  0%| F|  |TAMS 0x0000000716200000, 0x0000000716200000| Untracked 
| 178|0x0000000716400000, 0x0000000716400000, 0x0000000716600000|  0%| F|  |TAMS 0x0000000716400000, 0x0000000716400000| Untracked 
| 179|0x0000000716600000, 0x0000000716600000, 0x0000000716800000|  0%| F|  |TAMS 0x0000000716600000, 0x0000000716600000| Untracked 
| 180|0x0000000716800000, 0x0000000716800000, 0x0000000716a00000|  0%| F|  |TAMS 0x0000000716800000, 0x0000000716800000| Untracked 
| 181|0x0000000716a00000, 0x0000000716a00000, 0x0000000716c00000|  0%| F|  |TAMS 0x0000000716a00000, 0x0000000716a00000| Untracked 
| 182|0x0000000716c00000, 0x0000000716c00000, 0x0000000716e00000|  0%| F|  |TAMS 0x0000000716c00000, 0x0000000716c00000| Untracked 
| 183|0x0000000716e00000, 0x0000000716e00000, 0x0000000717000000|  0%| F|  |TAMS 0x0000000716e00000, 0x0000000716e00000| Untracked 
| 184|0x0000000717000000, 0x0000000717000000, 0x0000000717200000|  0%| F|  |TAMS 0x0000000717000000, 0x0000000717000000| Untracked 
| 185|0x0000000717200000, 0x0000000717200000, 0x0000000717400000|  0%| F|  |TAMS 0x0000000717200000, 0x0000000717200000| Untracked 
| 186|0x0000000717400000, 0x0000000717400000, 0x0000000717600000|  0%| F|  |TAMS 0x0000000717400000, 0x0000000717400000| Untracked 
| 187|0x0000000717600000, 0x0000000717600000, 0x0000000717800000|  0%| F|  |TAMS 0x0000000717600000, 0x0000000717600000| Untracked 
| 188|0x0000000717800000, 0x0000000717800000, 0x0000000717a00000|  0%| F|  |TAMS 0x0000000717800000, 0x0000000717800000| Untracked 
| 189|0x0000000717a00000, 0x0000000717a00000, 0x0000000717c00000|  0%| F|  |TAMS 0x0000000717a00000, 0x0000000717a00000| Untracked 
| 190|0x0000000717c00000, 0x0000000717c00000, 0x0000000717e00000|  0%| F|  |TAMS 0x0000000717c00000, 0x0000000717c00000| Untracked 
| 191|0x0000000717e00000, 0x0000000717e00000, 0x0000000718000000|  0%| F|  |TAMS 0x0000000717e00000, 0x0000000717e00000| Untracked 
| 192|0x0000000718000000, 0x0000000718000000, 0x0000000718200000|  0%| F|  |TAMS 0x0000000718000000, 0x0000000718000000| Untracked 
| 193|0x0000000718200000, 0x0000000718200000, 0x0000000718400000|  0%| F|  |TAMS 0x0000000718200000, 0x0000000718200000| Untracked 
| 194|0x0000000718400000, 0x0000000718400000, 0x0000000718600000|  0%| F|  |TAMS 0x0000000718400000, 0x0000000718400000| Untracked 
| 195|0x0000000718600000, 0x0000000718600000, 0x0000000718800000|  0%| F|  |TAMS 0x0000000718600000, 0x0000000718600000| Untracked 
| 196|0x0000000718800000, 0x0000000718800000, 0x0000000718a00000|  0%| F|  |TAMS 0x0000000718800000, 0x0000000718800000| Untracked 
| 197|0x0000000718a00000, 0x0000000718a00000, 0x0000000718c00000|  0%| F|  |TAMS 0x0000000718a00000, 0x0000000718a00000| Untracked 
| 198|0x0000000718c00000, 0x0000000718c00000, 0x0000000718e00000|  0%| F|  |TAMS 0x0000000718c00000, 0x0000000718c00000| Untracked 
| 199|0x0000000718e00000, 0x0000000718e00000, 0x0000000719000000|  0%| F|  |TAMS 0x0000000718e00000, 0x0000000718e00000| Untracked 
| 200|0x0000000719000000, 0x0000000719000000, 0x0000000719200000|  0%| F|  |TAMS 0x0000000719000000, 0x0000000719000000| Untracked 
| 201|0x0000000719200000, 0x0000000719200000, 0x0000000719400000|  0%| F|  |TAMS 0x0000000719200000, 0x0000000719200000| Untracked 
| 202|0x0000000719400000, 0x00000007194bb3c8, 0x0000000719600000| 36%| S|CS|TAMS 0x0000000719400000, 0x0000000719400000| Complete 
| 203|0x0000000719600000, 0x0000000719800000, 0x0000000719800000|100%| S|CS|TAMS 0x0000000719600000, 0x0000000719600000| Complete 
| 204|0x0000000719800000, 0x0000000719a00000, 0x0000000719a00000|100%| S|CS|TAMS 0x0000000719800000, 0x0000000719800000| Complete 
| 205|0x0000000719a00000, 0x0000000719c00000, 0x0000000719c00000|100%| S|CS|TAMS 0x0000000719a00000, 0x0000000719a00000| Complete 
| 206|0x0000000719c00000, 0x0000000719e00000, 0x0000000719e00000|100%| S|CS|TAMS 0x0000000719c00000, 0x0000000719c00000| Complete 
| 207|0x0000000719e00000, 0x0000000719e00000, 0x000000071a000000|  0%| F|  |TAMS 0x0000000719e00000, 0x0000000719e00000| Untracked 
| 208|0x000000071a000000, 0x000000071a000000, 0x000000071a200000|  0%| F|  |TAMS 0x000000071a000000, 0x000000071a000000| Untracked 
| 209|0x000000071a200000, 0x000000071a200000, 0x000000071a400000|  0%| F|  |TAMS 0x000000071a200000, 0x000000071a200000| Untracked 
| 210|0x000000071a400000, 0x000000071a400000, 0x000000071a600000|  0%| F|  |TAMS 0x000000071a400000, 0x000000071a400000| Untracked 
| 211|0x000000071a600000, 0x000000071a600000, 0x000000071a800000|  0%| F|  |TAMS 0x000000071a600000, 0x000000071a600000| Untracked 
| 212|0x000000071a800000, 0x000000071a800000, 0x000000071aa00000|  0%| F|  |TAMS 0x000000071a800000, 0x000000071a800000| Untracked 
| 213|0x000000071aa00000, 0x000000071ac00000, 0x000000071ac00000|100%| S|CS|TAMS 0x000000071aa00000, 0x000000071aa00000| Complete 
| 214|0x000000071ac00000, 0x000000071ae00000, 0x000000071ae00000|100%| S|CS|TAMS 0x000000071ac00000, 0x000000071ac00000| Complete 
| 215|0x000000071ae00000, 0x000000071b000000, 0x000000071b000000|100%| S|CS|TAMS 0x000000071ae00000, 0x000000071ae00000| Complete 
| 216|0x000000071b000000, 0x000000071b200000, 0x000000071b200000|100%| S|CS|TAMS 0x000000071b000000, 0x000000071b000000| Complete 
| 217|0x000000071b200000, 0x000000071b200000, 0x000000071b400000|  0%| F|  |TAMS 0x000000071b200000, 0x000000071b200000| Untracked 
| 218|0x000000071b400000, 0x000000071b400000, 0x000000071b600000|  0%| F|  |TAMS 0x000000071b400000, 0x000000071b400000| Untracked 
| 219|0x000000071b600000, 0x000000071b600000, 0x000000071b800000|  0%| F|  |TAMS 0x000000071b600000, 0x000000071b600000| Untracked 
| 220|0x000000071b800000, 0x000000071b800000, 0x000000071ba00000|  0%| F|  |TAMS 0x000000071b800000, 0x000000071b800000| Untracked 
| 221|0x000000071ba00000, 0x000000071ba00000, 0x000000071bc00000|  0%| F|  |TAMS 0x000000071ba00000, 0x000000071ba00000| Untracked 
| 222|0x000000071bc00000, 0x000000071bc00000, 0x000000071be00000|  0%| F|  |TAMS 0x000000071bc00000, 0x000000071bc00000| Untracked 
| 223|0x000000071be00000, 0x000000071be00000, 0x000000071c000000|  0%| F|  |TAMS 0x000000071be00000, 0x000000071be00000| Untracked 
| 224|0x000000071c000000, 0x000000071c000000, 0x000000071c200000|  0%| F|  |TAMS 0x000000071c000000, 0x000000071c000000| Untracked 
| 225|0x000000071c200000, 0x000000071c200000, 0x000000071c400000|  0%| F|  |TAMS 0x000000071c200000, 0x000000071c200000| Untracked 
| 226|0x000000071c400000, 0x000000071c400000, 0x000000071c600000|  0%| F|  |TAMS 0x000000071c400000, 0x000000071c400000| Untracked 
| 227|0x000000071c600000, 0x000000071c600000, 0x000000071c800000|  0%| F|  |TAMS 0x000000071c600000, 0x000000071c600000| Untracked 
| 228|0x000000071c800000, 0x000000071c800000, 0x000000071ca00000|  0%| F|  |TAMS 0x000000071c800000, 0x000000071c800000| Untracked 
| 229|0x000000071ca00000, 0x000000071ca00000, 0x000000071cc00000|  0%| F|  |TAMS 0x000000071ca00000, 0x000000071ca00000| Untracked 
| 230|0x000000071cc00000, 0x000000071cc00000, 0x000000071ce00000|  0%| F|  |TAMS 0x000000071cc00000, 0x000000071cc00000| Untracked 
| 231|0x000000071ce00000, 0x000000071ce00000, 0x000000071d000000|  0%| F|  |TAMS 0x000000071ce00000, 0x000000071ce00000| Untracked 
| 232|0x000000071d000000, 0x000000071d000000, 0x000000071d200000|  0%| F|  |TAMS 0x000000071d000000, 0x000000071d000000| Untracked 
| 233|0x000000071d200000, 0x000000071d200000, 0x000000071d400000|  0%| F|  |TAMS 0x000000071d200000, 0x000000071d200000| Untracked 
| 234|0x000000071d400000, 0x000000071d400000, 0x000000071d600000|  0%| F|  |TAMS 0x000000071d400000, 0x000000071d400000| Untracked 
| 235|0x000000071d600000, 0x000000071d600000, 0x000000071d800000|  0%| F|  |TAMS 0x000000071d600000, 0x000000071d600000| Untracked 
| 236|0x000000071d800000, 0x000000071d800000, 0x000000071da00000|  0%| F|  |TAMS 0x000000071d800000, 0x000000071d800000| Untracked 
| 237|0x000000071da00000, 0x000000071da00000, 0x000000071dc00000|  0%| F|  |TAMS 0x000000071da00000, 0x000000071da00000| Untracked 
| 238|0x000000071dc00000, 0x000000071dc00000, 0x000000071de00000|  0%| F|  |TAMS 0x000000071dc00000, 0x000000071dc00000| Untracked 
| 239|0x000000071de00000, 0x000000071de00000, 0x000000071e000000|  0%| F|  |TAMS 0x000000071de00000, 0x000000071de00000| Untracked 
| 240|0x000000071e000000, 0x000000071e000000, 0x000000071e200000|  0%| F|  |TAMS 0x000000071e000000, 0x000000071e000000| Untracked 
| 241|0x000000071e200000, 0x000000071e200000, 0x000000071e400000|  0%| F|  |TAMS 0x000000071e200000, 0x000000071e200000| Untracked 
| 242|0x000000071e400000, 0x000000071e400000, 0x000000071e600000|  0%| F|  |TAMS 0x000000071e400000, 0x000000071e400000| Untracked 
| 243|0x000000071e600000, 0x000000071e600000, 0x000000071e800000|  0%| F|  |TAMS 0x000000071e600000, 0x000000071e600000| Untracked 
| 244|0x000000071e800000, 0x000000071e800000, 0x000000071ea00000|  0%| F|  |TAMS 0x000000071e800000, 0x000000071e800000| Untracked 
| 245|0x000000071ea00000, 0x000000071ea00000, 0x000000071ec00000|  0%| F|  |TAMS 0x000000071ea00000, 0x000000071ea00000| Untracked 
| 246|0x000000071ec00000, 0x000000071ec00000, 0x000000071ee00000|  0%| F|  |TAMS 0x000000071ec00000, 0x000000071ec00000| Untracked 
| 247|0x000000071ee00000, 0x000000071ee00000, 0x000000071f000000|  0%| F|  |TAMS 0x000000071ee00000, 0x000000071ee00000| Untracked 
| 248|0x000000071f000000, 0x000000071f000000, 0x000000071f200000|  0%| F|  |TAMS 0x000000071f000000, 0x000000071f000000| Untracked 
| 249|0x000000071f200000, 0x000000071f200000, 0x000000071f400000|  0%| F|  |TAMS 0x000000071f200000, 0x000000071f200000| Untracked 
| 250|0x000000071f400000, 0x000000071f400000, 0x000000071f600000|  0%| F|  |TAMS 0x000000071f400000, 0x000000071f400000| Untracked 
| 251|0x000000071f600000, 0x000000071f600000, 0x000000071f800000|  0%| F|  |TAMS 0x000000071f600000, 0x000000071f600000| Untracked 
| 252|0x000000071f800000, 0x000000071f800000, 0x000000071fa00000|  0%| F|  |TAMS 0x000000071f800000, 0x000000071f800000| Untracked 
| 253|0x000000071fa00000, 0x000000071fa00000, 0x000000071fc00000|  0%| F|  |TAMS 0x000000071fa00000, 0x000000071fa00000| Untracked 
| 254|0x000000071fc00000, 0x000000071fc00000, 0x000000071fe00000|  0%| F|  |TAMS 0x000000071fc00000, 0x000000071fc00000| Untracked 
| 255|0x000000071fe00000, 0x000000071fe00000, 0x0000000720000000|  0%| F|  |TAMS 0x000000071fe00000, 0x000000071fe00000| Untracked 
| 256|0x0000000720000000, 0x0000000720000000, 0x0000000720200000|  0%| F|  |TAMS 0x0000000720000000, 0x0000000720000000| Untracked 
| 257|0x0000000720200000, 0x0000000720200000, 0x0000000720400000|  0%| F|  |TAMS 0x0000000720200000, 0x0000000720200000| Untracked 
| 258|0x0000000720400000, 0x0000000720400000, 0x0000000720600000|  0%| F|  |TAMS 0x0000000720400000, 0x0000000720400000| Untracked 
| 259|0x0000000720600000, 0x0000000720600000, 0x0000000720800000|  0%| F|  |TAMS 0x0000000720600000, 0x0000000720600000| Untracked 
| 260|0x0000000720800000, 0x0000000720800000, 0x0000000720a00000|  0%| F|  |TAMS 0x0000000720800000, 0x0000000720800000| Untracked 
| 261|0x0000000720a00000, 0x0000000720a00000, 0x0000000720c00000|  0%| F|  |TAMS 0x0000000720a00000, 0x0000000720a00000| Untracked 
| 262|0x0000000720c00000, 0x0000000720c00000, 0x0000000720e00000|  0%| F|  |TAMS 0x0000000720c00000, 0x0000000720c00000| Untracked 
| 263|0x0000000720e00000, 0x0000000720e00000, 0x0000000721000000|  0%| F|  |TAMS 0x0000000720e00000, 0x0000000720e00000| Untracked 
| 264|0x0000000721000000, 0x0000000721000000, 0x0000000721200000|  0%| F|  |TAMS 0x0000000721000000, 0x0000000721000000| Untracked 
| 265|0x0000000721200000, 0x0000000721200000, 0x0000000721400000|  0%| F|  |TAMS 0x0000000721200000, 0x0000000721200000| Untracked 
| 266|0x0000000721400000, 0x0000000721400000, 0x0000000721600000|  0%| F|  |TAMS 0x0000000721400000, 0x0000000721400000| Untracked 
| 267|0x0000000721600000, 0x0000000721600000, 0x0000000721800000|  0%| F|  |TAMS 0x0000000721600000, 0x0000000721600000| Untracked 
| 268|0x0000000721800000, 0x0000000721800000, 0x0000000721a00000|  0%| F|  |TAMS 0x0000000721800000, 0x0000000721800000| Untracked 
| 269|0x0000000721a00000, 0x0000000721a00000, 0x0000000721c00000|  0%| F|  |TAMS 0x0000000721a00000, 0x0000000721a00000| Untracked 
| 270|0x0000000721c00000, 0x0000000721c00000, 0x0000000721e00000|  0%| F|  |TAMS 0x0000000721c00000, 0x0000000721c00000| Untracked 
| 271|0x0000000721e00000, 0x0000000721e00000, 0x0000000722000000|  0%| F|  |TAMS 0x0000000721e00000, 0x0000000721e00000| Untracked 
| 272|0x0000000722000000, 0x0000000722000000, 0x0000000722200000|  0%| F|  |TAMS 0x0000000722000000, 0x0000000722000000| Untracked 
| 273|0x0000000722200000, 0x0000000722200000, 0x0000000722400000|  0%| F|  |TAMS 0x0000000722200000, 0x0000000722200000| Untracked 
| 274|0x0000000722400000, 0x0000000722400000, 0x0000000722600000|  0%| F|  |TAMS 0x0000000722400000, 0x0000000722400000| Untracked 
| 275|0x0000000722600000, 0x0000000722600000, 0x0000000722800000|  0%| F|  |TAMS 0x0000000722600000, 0x0000000722600000| Untracked 
| 276|0x0000000722800000, 0x0000000722800000, 0x0000000722a00000|  0%| F|  |TAMS 0x0000000722800000, 0x0000000722800000| Untracked 
| 277|0x0000000722a00000, 0x0000000722a00000, 0x0000000722c00000|  0%| F|  |TAMS 0x0000000722a00000, 0x0000000722a00000| Untracked 
| 278|0x0000000722c00000, 0x0000000722c00000, 0x0000000722e00000|  0%| F|  |TAMS 0x0000000722c00000, 0x0000000722c00000| Untracked 
| 279|0x0000000722e00000, 0x0000000722e00000, 0x0000000723000000|  0%| F|  |TAMS 0x0000000722e00000, 0x0000000722e00000| Untracked 
| 280|0x0000000723000000, 0x0000000723000000, 0x0000000723200000|  0%| F|  |TAMS 0x0000000723000000, 0x0000000723000000| Untracked 
| 281|0x0000000723200000, 0x0000000723200000, 0x0000000723400000|  0%| F|  |TAMS 0x0000000723200000, 0x0000000723200000| Untracked 
| 282|0x0000000723400000, 0x0000000723400000, 0x0000000723600000|  0%| F|  |TAMS 0x0000000723400000, 0x0000000723400000| Untracked 
| 283|0x0000000723600000, 0x0000000723600000, 0x0000000723800000|  0%| F|  |TAMS 0x0000000723600000, 0x0000000723600000| Untracked 
| 284|0x0000000723800000, 0x0000000723800000, 0x0000000723a00000|  0%| F|  |TAMS 0x0000000723800000, 0x0000000723800000| Untracked 
| 285|0x0000000723a00000, 0x0000000723a00000, 0x0000000723c00000|  0%| F|  |TAMS 0x0000000723a00000, 0x0000000723a00000| Untracked 
| 286|0x0000000723c00000, 0x0000000723c00000, 0x0000000723e00000|  0%| F|  |TAMS 0x0000000723c00000, 0x0000000723c00000| Untracked 
| 287|0x0000000723e00000, 0x0000000723e00000, 0x0000000724000000|  0%| F|  |TAMS 0x0000000723e00000, 0x0000000723e00000| Untracked 
| 288|0x0000000724000000, 0x0000000724000000, 0x0000000724200000|  0%| F|  |TAMS 0x0000000724000000, 0x0000000724000000| Untracked 
| 289|0x0000000724200000, 0x0000000724200000, 0x0000000724400000|  0%| F|  |TAMS 0x0000000724200000, 0x0000000724200000| Untracked 
| 290|0x0000000724400000, 0x0000000724400000, 0x0000000724600000|  0%| F|  |TAMS 0x0000000724400000, 0x0000000724400000| Untracked 
| 291|0x0000000724600000, 0x0000000724600000, 0x0000000724800000|  0%| F|  |TAMS 0x0000000724600000, 0x0000000724600000| Untracked 
| 292|0x0000000724800000, 0x0000000724800000, 0x0000000724a00000|  0%| F|  |TAMS 0x0000000724800000, 0x0000000724800000| Untracked 
| 293|0x0000000724a00000, 0x0000000724a00000, 0x0000000724c00000|  0%| F|  |TAMS 0x0000000724a00000, 0x0000000724a00000| Untracked 
| 294|0x0000000724c00000, 0x0000000724c00000, 0x0000000724e00000|  0%| F|  |TAMS 0x0000000724c00000, 0x0000000724c00000| Untracked 
| 295|0x0000000724e00000, 0x0000000724e00000, 0x0000000725000000|  0%| F|  |TAMS 0x0000000724e00000, 0x0000000724e00000| Untracked 
| 296|0x0000000725000000, 0x0000000725000000, 0x0000000725200000|  0%| F|  |TAMS 0x0000000725000000, 0x0000000725000000| Untracked 
| 297|0x0000000725200000, 0x0000000725200000, 0x0000000725400000|  0%| F|  |TAMS 0x0000000725200000, 0x0000000725200000| Untracked 
| 298|0x0000000725400000, 0x0000000725400000, 0x0000000725600000|  0%| F|  |TAMS 0x0000000725400000, 0x0000000725400000| Untracked 
| 299|0x0000000725600000, 0x0000000725600000, 0x0000000725800000|  0%| F|  |TAMS 0x0000000725600000, 0x0000000725600000| Untracked 
| 300|0x0000000725800000, 0x0000000725800000, 0x0000000725a00000|  0%| F|  |TAMS 0x0000000725800000, 0x0000000725800000| Untracked 
| 301|0x0000000725a00000, 0x0000000725a00000, 0x0000000725c00000|  0%| F|  |TAMS 0x0000000725a00000, 0x0000000725a00000| Untracked 
| 302|0x0000000725c00000, 0x0000000725c00000, 0x0000000725e00000|  0%| F|  |TAMS 0x0000000725c00000, 0x0000000725c00000| Untracked 
| 303|0x0000000725e00000, 0x0000000725e00000, 0x0000000726000000|  0%| F|  |TAMS 0x0000000725e00000, 0x0000000725e00000| Untracked 
| 304|0x0000000726000000, 0x0000000726000000, 0x0000000726200000|  0%| F|  |TAMS 0x0000000726000000, 0x0000000726000000| Untracked 
| 305|0x0000000726200000, 0x0000000726200000, 0x0000000726400000|  0%| F|  |TAMS 0x0000000726200000, 0x0000000726200000| Untracked 
| 306|0x0000000726400000, 0x0000000726400000, 0x0000000726600000|  0%| F|  |TAMS 0x0000000726400000, 0x0000000726400000| Untracked 
| 307|0x0000000726600000, 0x0000000726600000, 0x0000000726800000|  0%| F|  |TAMS 0x0000000726600000, 0x0000000726600000| Untracked 
| 308|0x0000000726800000, 0x0000000726800000, 0x0000000726a00000|  0%| F|  |TAMS 0x0000000726800000, 0x0000000726800000| Untracked 
| 309|0x0000000726a00000, 0x0000000726a00000, 0x0000000726c00000|  0%| F|  |TAMS 0x0000000726a00000, 0x0000000726a00000| Untracked 
| 310|0x0000000726c00000, 0x0000000726c00000, 0x0000000726e00000|  0%| F|  |TAMS 0x0000000726c00000, 0x0000000726c00000| Untracked 
| 311|0x0000000726e00000, 0x0000000726e00000, 0x0000000727000000|  0%| F|  |TAMS 0x0000000726e00000, 0x0000000726e00000| Untracked 
| 312|0x0000000727000000, 0x0000000727000000, 0x0000000727200000|  0%| F|  |TAMS 0x0000000727000000, 0x0000000727000000| Untracked 
| 313|0x0000000727200000, 0x0000000727200000, 0x0000000727400000|  0%| F|  |TAMS 0x0000000727200000, 0x0000000727200000| Untracked 
| 314|0x0000000727400000, 0x0000000727400000, 0x0000000727600000|  0%| F|  |TAMS 0x0000000727400000, 0x0000000727400000| Untracked 
| 315|0x0000000727600000, 0x0000000727600000, 0x0000000727800000|  0%| F|  |TAMS 0x0000000727600000, 0x0000000727600000| Untracked 
| 316|0x0000000727800000, 0x0000000727800000, 0x0000000727a00000|  0%| F|  |TAMS 0x0000000727800000, 0x0000000727800000| Untracked 
| 317|0x0000000727a00000, 0x0000000727a00000, 0x0000000727c00000|  0%| F|  |TAMS 0x0000000727a00000, 0x0000000727a00000| Untracked 
| 318|0x0000000727c00000, 0x0000000727c00000, 0x0000000727e00000|  0%| F|  |TAMS 0x0000000727c00000, 0x0000000727c00000| Untracked 
| 319|0x0000000727e00000, 0x0000000727e00000, 0x0000000728000000|  0%| F|  |TAMS 0x0000000727e00000, 0x0000000727e00000| Untracked 
| 320|0x0000000728000000, 0x0000000728000000, 0x0000000728200000|  0%| F|  |TAMS 0x0000000728000000, 0x0000000728000000| Untracked 
| 321|0x0000000728200000, 0x0000000728200000, 0x0000000728400000|  0%| F|  |TAMS 0x0000000728200000, 0x0000000728200000| Untracked 
| 322|0x0000000728400000, 0x0000000728400000, 0x0000000728600000|  0%| F|  |TAMS 0x0000000728400000, 0x0000000728400000| Untracked 
| 323|0x0000000728600000, 0x0000000728600000, 0x0000000728800000|  0%| F|  |TAMS 0x0000000728600000, 0x0000000728600000| Untracked 
| 324|0x0000000728800000, 0x0000000728800000, 0x0000000728a00000|  0%| F|  |TAMS 0x0000000728800000, 0x0000000728800000| Untracked 
| 325|0x0000000728a00000, 0x0000000728a00000, 0x0000000728c00000|  0%| F|  |TAMS 0x0000000728a00000, 0x0000000728a00000| Untracked 
| 326|0x0000000728c00000, 0x0000000728c00000, 0x0000000728e00000|  0%| F|  |TAMS 0x0000000728c00000, 0x0000000728c00000| Untracked 
| 327|0x0000000728e00000, 0x0000000728e00000, 0x0000000729000000|  0%| F|  |TAMS 0x0000000728e00000, 0x0000000728e00000| Untracked 
| 328|0x0000000729000000, 0x0000000729000000, 0x0000000729200000|  0%| F|  |TAMS 0x0000000729000000, 0x0000000729000000| Untracked 
| 329|0x0000000729200000, 0x0000000729200000, 0x0000000729400000|  0%| F|  |TAMS 0x0000000729200000, 0x0000000729200000| Untracked 
| 330|0x0000000729400000, 0x0000000729400000, 0x0000000729600000|  0%| F|  |TAMS 0x0000000729400000, 0x0000000729400000| Untracked 
| 331|0x0000000729600000, 0x0000000729600000, 0x0000000729800000|  0%| F|  |TAMS 0x0000000729600000, 0x0000000729600000| Untracked 
| 332|0x0000000729800000, 0x0000000729800000, 0x0000000729a00000|  0%| F|  |TAMS 0x0000000729800000, 0x0000000729800000| Untracked 
| 333|0x0000000729a00000, 0x0000000729a00000, 0x0000000729c00000|  0%| F|  |TAMS 0x0000000729a00000, 0x0000000729a00000| Untracked 
| 334|0x0000000729c00000, 0x0000000729c00000, 0x0000000729e00000|  0%| F|  |TAMS 0x0000000729c00000, 0x0000000729c00000| Untracked 
| 335|0x0000000729e00000, 0x0000000729e00000, 0x000000072a000000|  0%| F|  |TAMS 0x0000000729e00000, 0x0000000729e00000| Untracked 
| 336|0x000000072a000000, 0x000000072a000000, 0x000000072a200000|  0%| F|  |TAMS 0x000000072a000000, 0x000000072a000000| Untracked 
| 337|0x000000072a200000, 0x000000072a200000, 0x000000072a400000|  0%| F|  |TAMS 0x000000072a200000, 0x000000072a200000| Untracked 
| 338|0x000000072a400000, 0x000000072a400000, 0x000000072a600000|  0%| F|  |TAMS 0x000000072a400000, 0x000000072a400000| Untracked 
| 339|0x000000072a600000, 0x000000072a600000, 0x000000072a800000|  0%| F|  |TAMS 0x000000072a600000, 0x000000072a600000| Untracked 
| 340|0x000000072a800000, 0x000000072a800000, 0x000000072aa00000|  0%| F|  |TAMS 0x000000072a800000, 0x000000072a800000| Untracked 
| 341|0x000000072aa00000, 0x000000072aa00000, 0x000000072ac00000|  0%| F|  |TAMS 0x000000072aa00000, 0x000000072aa00000| Untracked 
| 342|0x000000072ac00000, 0x000000072ac00000, 0x000000072ae00000|  0%| F|  |TAMS 0x000000072ac00000, 0x000000072ac00000| Untracked 
| 343|0x000000072ae00000, 0x000000072ae00000, 0x000000072b000000|  0%| F|  |TAMS 0x000000072ae00000, 0x000000072ae00000| Untracked 
| 344|0x000000072b000000, 0x000000072b000000, 0x000000072b200000|  0%| F|  |TAMS 0x000000072b000000, 0x000000072b000000| Untracked 
| 345|0x000000072b200000, 0x000000072b200000, 0x000000072b400000|  0%| F|  |TAMS 0x000000072b200000, 0x000000072b200000| Untracked 
| 346|0x000000072b400000, 0x000000072b400000, 0x000000072b600000|  0%| F|  |TAMS 0x000000072b400000, 0x000000072b400000| Untracked 
| 347|0x000000072b600000, 0x000000072b600000, 0x000000072b800000|  0%| F|  |TAMS 0x000000072b600000, 0x000000072b600000| Untracked 
| 348|0x000000072b800000, 0x000000072b800000, 0x000000072ba00000|  0%| F|  |TAMS 0x000000072b800000, 0x000000072b800000| Untracked 
| 349|0x000000072ba00000, 0x000000072ba00000, 0x000000072bc00000|  0%| F|  |TAMS 0x000000072ba00000, 0x000000072ba00000| Untracked 
| 350|0x000000072bc00000, 0x000000072bc00000, 0x000000072be00000|  0%| F|  |TAMS 0x000000072bc00000, 0x000000072bc00000| Untracked 
| 351|0x000000072be00000, 0x000000072be00000, 0x000000072c000000|  0%| F|  |TAMS 0x000000072be00000, 0x000000072be00000| Untracked 
| 352|0x000000072c000000, 0x000000072c000000, 0x000000072c200000|  0%| F|  |TAMS 0x000000072c000000, 0x000000072c000000| Untracked 
| 353|0x000000072c200000, 0x000000072c200000, 0x000000072c400000|  0%| F|  |TAMS 0x000000072c200000, 0x000000072c200000| Untracked 
| 354|0x000000072c400000, 0x000000072c400000, 0x000000072c600000|  0%| F|  |TAMS 0x000000072c400000, 0x000000072c400000| Untracked 
| 355|0x000000072c600000, 0x000000072c600000, 0x000000072c800000|  0%| F|  |TAMS 0x000000072c600000, 0x000000072c600000| Untracked 
| 356|0x000000072c800000, 0x000000072c800000, 0x000000072ca00000|  0%| F|  |TAMS 0x000000072c800000, 0x000000072c800000| Untracked 
| 357|0x000000072ca00000, 0x000000072ca00000, 0x000000072cc00000|  0%| F|  |TAMS 0x000000072ca00000, 0x000000072ca00000| Untracked 
| 358|0x000000072cc00000, 0x000000072cc00000, 0x000000072ce00000|  0%| F|  |TAMS 0x000000072cc00000, 0x000000072cc00000| Untracked 
| 359|0x000000072ce00000, 0x000000072ce00000, 0x000000072d000000|  0%| F|  |TAMS 0x000000072ce00000, 0x000000072ce00000| Untracked 
| 360|0x000000072d000000, 0x000000072d000000, 0x000000072d200000|  0%| F|  |TAMS 0x000000072d000000, 0x000000072d000000| Untracked 
| 361|0x000000072d200000, 0x000000072d200000, 0x000000072d400000|  0%| F|  |TAMS 0x000000072d200000, 0x000000072d200000| Untracked 
| 362|0x000000072d400000, 0x000000072d400000, 0x000000072d600000|  0%| F|  |TAMS 0x000000072d400000, 0x000000072d400000| Untracked 
| 363|0x000000072d600000, 0x000000072d600000, 0x000000072d800000|  0%| F|  |TAMS 0x000000072d600000, 0x000000072d600000| Untracked 
| 364|0x000000072d800000, 0x000000072d800000, 0x000000072da00000|  0%| F|  |TAMS 0x000000072d800000, 0x000000072d800000| Untracked 
| 365|0x000000072da00000, 0x000000072da00000, 0x000000072dc00000|  0%| F|  |TAMS 0x000000072da00000, 0x000000072da00000| Untracked 
| 366|0x000000072dc00000, 0x000000072dc00000, 0x000000072de00000|  0%| F|  |TAMS 0x000000072dc00000, 0x000000072dc00000| Untracked 
| 367|0x000000072de00000, 0x000000072de00000, 0x000000072e000000|  0%| F|  |TAMS 0x000000072de00000, 0x000000072de00000| Untracked 
| 368|0x000000072e000000, 0x000000072e000000, 0x000000072e200000|  0%| F|  |TAMS 0x000000072e000000, 0x000000072e000000| Untracked 
| 369|0x000000072e200000, 0x000000072e200000, 0x000000072e400000|  0%| F|  |TAMS 0x000000072e200000, 0x000000072e200000| Untracked 
| 370|0x000000072e400000, 0x000000072e400000, 0x000000072e600000|  0%| F|  |TAMS 0x000000072e400000, 0x000000072e400000| Untracked 
| 371|0x000000072e600000, 0x000000072e600000, 0x000000072e800000|  0%| F|  |TAMS 0x000000072e600000, 0x000000072e600000| Untracked 
| 372|0x000000072e800000, 0x000000072e800000, 0x000000072ea00000|  0%| F|  |TAMS 0x000000072e800000, 0x000000072e800000| Untracked 
| 373|0x000000072ea00000, 0x000000072ea00000, 0x000000072ec00000|  0%| F|  |TAMS 0x000000072ea00000, 0x000000072ea00000| Untracked 
| 374|0x000000072ec00000, 0x000000072ec00000, 0x000000072ee00000|  0%| F|  |TAMS 0x000000072ec00000, 0x000000072ec00000| Untracked 
| 375|0x000000072ee00000, 0x000000072ee00000, 0x000000072f000000|  0%| F|  |TAMS 0x000000072ee00000, 0x000000072ee00000| Untracked 
| 376|0x000000072f000000, 0x000000072f000000, 0x000000072f200000|  0%| F|  |TAMS 0x000000072f000000, 0x000000072f000000| Untracked 
| 377|0x000000072f200000, 0x000000072f200000, 0x000000072f400000|  0%| F|  |TAMS 0x000000072f200000, 0x000000072f200000| Untracked 
| 378|0x000000072f400000, 0x000000072f400000, 0x000000072f600000|  0%| F|  |TAMS 0x000000072f400000, 0x000000072f400000| Untracked 
| 379|0x000000072f600000, 0x000000072f600000, 0x000000072f800000|  0%| F|  |TAMS 0x000000072f600000, 0x000000072f600000| Untracked 
| 380|0x000000072f800000, 0x000000072f800000, 0x000000072fa00000|  0%| F|  |TAMS 0x000000072f800000, 0x000000072f800000| Untracked 
| 381|0x000000072fa00000, 0x000000072fa00000, 0x000000072fc00000|  0%| F|  |TAMS 0x000000072fa00000, 0x000000072fa00000| Untracked 
| 382|0x000000072fc00000, 0x000000072fc00000, 0x000000072fe00000|  0%| F|  |TAMS 0x000000072fc00000, 0x000000072fc00000| Untracked 
| 383|0x000000072fe00000, 0x000000072fe00000, 0x0000000730000000|  0%| F|  |TAMS 0x000000072fe00000, 0x000000072fe00000| Untracked 
| 384|0x0000000730000000, 0x0000000730000000, 0x0000000730200000|  0%| F|  |TAMS 0x0000000730000000, 0x0000000730000000| Untracked 
| 385|0x0000000730200000, 0x0000000730200000, 0x0000000730400000|  0%| F|  |TAMS 0x0000000730200000, 0x0000000730200000| Untracked 
| 386|0x0000000730400000, 0x0000000730400000, 0x0000000730600000|  0%| F|  |TAMS 0x0000000730400000, 0x0000000730400000| Untracked 
| 387|0x0000000730600000, 0x0000000730600000, 0x0000000730800000|  0%| F|  |TAMS 0x0000000730600000, 0x0000000730600000| Untracked 
| 388|0x0000000730800000, 0x0000000730800000, 0x0000000730a00000|  0%| F|  |TAMS 0x0000000730800000, 0x0000000730800000| Untracked 
| 389|0x0000000730a00000, 0x0000000730a00000, 0x0000000730c00000|  0%| F|  |TAMS 0x0000000730a00000, 0x0000000730a00000| Untracked 
| 390|0x0000000730c00000, 0x0000000730c00000, 0x0000000730e00000|  0%| F|  |TAMS 0x0000000730c00000, 0x0000000730c00000| Untracked 
| 391|0x0000000730e00000, 0x0000000730e00000, 0x0000000731000000|  0%| F|  |TAMS 0x0000000730e00000, 0x0000000730e00000| Untracked 
| 392|0x0000000731000000, 0x0000000731000000, 0x0000000731200000|  0%| F|  |TAMS 0x0000000731000000, 0x0000000731000000| Untracked 
| 393|0x0000000731200000, 0x0000000731200000, 0x0000000731400000|  0%| F|  |TAMS 0x0000000731200000, 0x0000000731200000| Untracked 
| 394|0x0000000731400000, 0x0000000731423e18, 0x0000000731600000|  7%| E|  |TAMS 0x0000000731400000, 0x0000000731400000| Complete 
| 395|0x0000000731600000, 0x0000000731800000, 0x0000000731800000|100%| E|CS|TAMS 0x0000000731600000, 0x0000000731600000| Complete 
| 396|0x0000000731800000, 0x0000000731a00000, 0x0000000731a00000|100%| E|CS|TAMS 0x0000000731800000, 0x0000000731800000| Complete 
| 397|0x0000000731a00000, 0x0000000731c00000, 0x0000000731c00000|100%| E|CS|TAMS 0x0000000731a00000, 0x0000000731a00000| Complete 
| 398|0x0000000731c00000, 0x0000000731e00000, 0x0000000731e00000|100%| E|CS|TAMS 0x0000000731c00000, 0x0000000731c00000| Complete 
| 399|0x0000000731e00000, 0x0000000732000000, 0x0000000732000000|100%| E|CS|TAMS 0x0000000731e00000, 0x0000000731e00000| Complete 
| 400|0x0000000732000000, 0x0000000732200000, 0x0000000732200000|100%| E|CS|TAMS 0x0000000732000000, 0x0000000732000000| Complete 
| 401|0x0000000732200000, 0x0000000732400000, 0x0000000732400000|100%| E|CS|TAMS 0x0000000732200000, 0x0000000732200000| Complete 
| 402|0x0000000732400000, 0x0000000732600000, 0x0000000732600000|100%| E|  |TAMS 0x0000000732400000, 0x0000000732400000| Complete 
| 403|0x0000000732600000, 0x0000000732800000, 0x0000000732800000|100%| E|CS|TAMS 0x0000000732600000, 0x0000000732600000| Complete 
| 404|0x0000000732800000, 0x0000000732a00000, 0x0000000732a00000|100%| E|CS|TAMS 0x0000000732800000, 0x0000000732800000| Complete 
| 405|0x0000000732a00000, 0x0000000732c00000, 0x0000000732c00000|100%| E|CS|TAMS 0x0000000732a00000, 0x0000000732a00000| Complete 
| 406|0x0000000732c00000, 0x0000000732e00000, 0x0000000732e00000|100%| E|CS|TAMS 0x0000000732c00000, 0x0000000732c00000| Complete 
| 407|0x0000000732e00000, 0x0000000733000000, 0x0000000733000000|100%| E|CS|TAMS 0x0000000732e00000, 0x0000000732e00000| Complete 
| 408|0x0000000733000000, 0x0000000733200000, 0x0000000733200000|100%| E|CS|TAMS 0x0000000733000000, 0x0000000733000000| Complete 
| 409|0x0000000733200000, 0x0000000733400000, 0x0000000733400000|100%| E|CS|TAMS 0x0000000733200000, 0x0000000733200000| Complete 
| 410|0x0000000733400000, 0x0000000733600000, 0x0000000733600000|100%| E|CS|TAMS 0x0000000733400000, 0x0000000733400000| Complete 
| 411|0x0000000733600000, 0x0000000733800000, 0x0000000733800000|100%| E|CS|TAMS 0x0000000733600000, 0x0000000733600000| Complete 
| 412|0x0000000733800000, 0x0000000733a00000, 0x0000000733a00000|100%| E|CS|TAMS 0x0000000733800000, 0x0000000733800000| Complete 
| 413|0x0000000733a00000, 0x0000000733c00000, 0x0000000733c00000|100%| E|CS|TAMS 0x0000000733a00000, 0x0000000733a00000| Complete 
| 414|0x0000000733c00000, 0x0000000733e00000, 0x0000000733e00000|100%| E|CS|TAMS 0x0000000733c00000, 0x0000000733c00000| Complete 
| 415|0x0000000733e00000, 0x0000000734000000, 0x0000000734000000|100%| E|CS|TAMS 0x0000000733e00000, 0x0000000733e00000| Complete 
| 416|0x0000000734000000, 0x0000000734200000, 0x0000000734200000|100%| E|CS|TAMS 0x0000000734000000, 0x0000000734000000| Complete 
| 417|0x0000000734200000, 0x0000000734400000, 0x0000000734400000|100%| E|CS|TAMS 0x0000000734200000, 0x0000000734200000| Complete 
| 418|0x0000000734400000, 0x0000000734600000, 0x0000000734600000|100%| E|CS|TAMS 0x0000000734400000, 0x0000000734400000| Complete 
| 419|0x0000000734600000, 0x0000000734800000, 0x0000000734800000|100%| E|CS|TAMS 0x0000000734600000, 0x0000000734600000| Complete 
| 420|0x0000000734800000, 0x0000000734a00000, 0x0000000734a00000|100%| E|CS|TAMS 0x0000000734800000, 0x0000000734800000| Complete 
| 421|0x0000000734a00000, 0x0000000734c00000, 0x0000000734c00000|100%| E|CS|TAMS 0x0000000734a00000, 0x0000000734a00000| Complete 
| 422|0x0000000734c00000, 0x0000000734e00000, 0x0000000734e00000|100%| E|CS|TAMS 0x0000000734c00000, 0x0000000734c00000| Complete 
| 423|0x0000000734e00000, 0x0000000735000000, 0x0000000735000000|100%| E|CS|TAMS 0x0000000734e00000, 0x0000000734e00000| Complete 
| 424|0x0000000735000000, 0x0000000735200000, 0x0000000735200000|100%| E|CS|TAMS 0x0000000735000000, 0x0000000735000000| Complete 
| 425|0x0000000735200000, 0x0000000735400000, 0x0000000735400000|100%| E|CS|TAMS 0x0000000735200000, 0x0000000735200000| Complete 
| 426|0x0000000735400000, 0x0000000735600000, 0x0000000735600000|100%| E|CS|TAMS 0x0000000735400000, 0x0000000735400000| Complete 
| 427|0x0000000735600000, 0x0000000735800000, 0x0000000735800000|100%| E|CS|TAMS 0x0000000735600000, 0x0000000735600000| Complete 
| 428|0x0000000735800000, 0x0000000735a00000, 0x0000000735a00000|100%| E|CS|TAMS 0x0000000735800000, 0x0000000735800000| Complete 
| 429|0x0000000735a00000, 0x0000000735c00000, 0x0000000735c00000|100%| E|CS|TAMS 0x0000000735a00000, 0x0000000735a00000| Complete 
| 430|0x0000000735c00000, 0x0000000735e00000, 0x0000000735e00000|100%| E|CS|TAMS 0x0000000735c00000, 0x0000000735c00000| Complete 
| 431|0x0000000735e00000, 0x0000000736000000, 0x0000000736000000|100%| E|CS|TAMS 0x0000000735e00000, 0x0000000735e00000| Complete 
| 432|0x0000000736000000, 0x0000000736200000, 0x0000000736200000|100%| E|CS|TAMS 0x0000000736000000, 0x0000000736000000| Complete 
| 433|0x0000000736200000, 0x0000000736400000, 0x0000000736400000|100%| E|CS|TAMS 0x0000000736200000, 0x0000000736200000| Complete 
| 434|0x0000000736400000, 0x0000000736600000, 0x0000000736600000|100%| E|CS|TAMS 0x0000000736400000, 0x0000000736400000| Complete 
| 435|0x0000000736600000, 0x0000000736800000, 0x0000000736800000|100%| E|CS|TAMS 0x0000000736600000, 0x0000000736600000| Complete 
| 436|0x0000000736800000, 0x0000000736a00000, 0x0000000736a00000|100%| E|CS|TAMS 0x0000000736800000, 0x0000000736800000| Complete 
| 437|0x0000000736a00000, 0x0000000736c00000, 0x0000000736c00000|100%| E|CS|TAMS 0x0000000736a00000, 0x0000000736a00000| Complete 
| 438|0x0000000736c00000, 0x0000000736e00000, 0x0000000736e00000|100%| E|CS|TAMS 0x0000000736c00000, 0x0000000736c00000| Complete 
| 439|0x0000000736e00000, 0x0000000737000000, 0x0000000737000000|100%| E|CS|TAMS 0x0000000736e00000, 0x0000000736e00000| Complete 
| 440|0x0000000737000000, 0x0000000737200000, 0x0000000737200000|100%| E|CS|TAMS 0x0000000737000000, 0x0000000737000000| Complete 
| 441|0x0000000737200000, 0x0000000737400000, 0x0000000737400000|100%| E|CS|TAMS 0x0000000737200000, 0x0000000737200000| Complete 
| 442|0x0000000737400000, 0x0000000737600000, 0x0000000737600000|100%| E|CS|TAMS 0x0000000737400000, 0x0000000737400000| Complete 
| 443|0x0000000737600000, 0x0000000737800000, 0x0000000737800000|100%| E|CS|TAMS 0x0000000737600000, 0x0000000737600000| Complete 
| 444|0x0000000737800000, 0x0000000737a00000, 0x0000000737a00000|100%| E|CS|TAMS 0x0000000737800000, 0x0000000737800000| Complete 
| 445|0x0000000737a00000, 0x0000000737c00000, 0x0000000737c00000|100%| E|CS|TAMS 0x0000000737a00000, 0x0000000737a00000| Complete 
| 446|0x0000000737c00000, 0x0000000737e00000, 0x0000000737e00000|100%| E|CS|TAMS 0x0000000737c00000, 0x0000000737c00000| Complete 
| 447|0x0000000737e00000, 0x0000000738000000, 0x0000000738000000|100%| E|CS|TAMS 0x0000000737e00000, 0x0000000737e00000| Complete 
| 448|0x0000000738000000, 0x0000000738200000, 0x0000000738200000|100%| E|CS|TAMS 0x0000000738000000, 0x0000000738000000| Complete 
| 449|0x0000000738200000, 0x0000000738400000, 0x0000000738400000|100%| E|CS|TAMS 0x0000000738200000, 0x0000000738200000| Complete 
| 450|0x0000000738400000, 0x0000000738600000, 0x0000000738600000|100%| E|CS|TAMS 0x0000000738400000, 0x0000000738400000| Complete 
| 451|0x0000000738600000, 0x0000000738800000, 0x0000000738800000|100%| E|CS|TAMS 0x0000000738600000, 0x0000000738600000| Complete 
| 452|0x0000000738800000, 0x0000000738a00000, 0x0000000738a00000|100%| E|CS|TAMS 0x0000000738800000, 0x0000000738800000| Complete 
| 453|0x0000000738a00000, 0x0000000738c00000, 0x0000000738c00000|100%| E|CS|TAMS 0x0000000738a00000, 0x0000000738a00000| Complete 
| 454|0x0000000738c00000, 0x0000000738e00000, 0x0000000738e00000|100%| E|CS|TAMS 0x0000000738c00000, 0x0000000738c00000| Complete 
| 455|0x0000000738e00000, 0x0000000739000000, 0x0000000739000000|100%| E|CS|TAMS 0x0000000738e00000, 0x0000000738e00000| Complete 
| 456|0x0000000739000000, 0x0000000739200000, 0x0000000739200000|100%| E|CS|TAMS 0x0000000739000000, 0x0000000739000000| Complete 
| 457|0x0000000739200000, 0x0000000739400000, 0x0000000739400000|100%| E|CS|TAMS 0x0000000739200000, 0x0000000739200000| Complete 
| 458|0x0000000739400000, 0x0000000739600000, 0x0000000739600000|100%| E|CS|TAMS 0x0000000739400000, 0x0000000739400000| Complete 
| 459|0x0000000739600000, 0x0000000739800000, 0x0000000739800000|100%| E|CS|TAMS 0x0000000739600000, 0x0000000739600000| Complete 
| 460|0x0000000739800000, 0x0000000739a00000, 0x0000000739a00000|100%| E|CS|TAMS 0x0000000739800000, 0x0000000739800000| Complete 
| 461|0x0000000739a00000, 0x0000000739c00000, 0x0000000739c00000|100%| E|CS|TAMS 0x0000000739a00000, 0x0000000739a00000| Complete 
| 462|0x0000000739c00000, 0x0000000739e00000, 0x0000000739e00000|100%| E|CS|TAMS 0x0000000739c00000, 0x0000000739c00000| Complete 
| 463|0x0000000739e00000, 0x000000073a000000, 0x000000073a000000|100%| E|CS|TAMS 0x0000000739e00000, 0x0000000739e00000| Complete 
| 464|0x000000073a000000, 0x000000073a200000, 0x000000073a200000|100%| E|CS|TAMS 0x000000073a000000, 0x000000073a000000| Complete 
| 465|0x000000073a200000, 0x000000073a400000, 0x000000073a400000|100%| E|CS|TAMS 0x000000073a200000, 0x000000073a200000| Complete 
| 466|0x000000073a400000, 0x000000073a600000, 0x000000073a600000|100%| E|CS|TAMS 0x000000073a400000, 0x000000073a400000| Complete 
| 467|0x000000073a600000, 0x000000073a800000, 0x000000073a800000|100%| E|CS|TAMS 0x000000073a600000, 0x000000073a600000| Complete 
| 468|0x000000073a800000, 0x000000073aa00000, 0x000000073aa00000|100%| E|CS|TAMS 0x000000073a800000, 0x000000073a800000| Complete 
| 469|0x000000073aa00000, 0x000000073ac00000, 0x000000073ac00000|100%| E|CS|TAMS 0x000000073aa00000, 0x000000073aa00000| Complete 
| 470|0x000000073ac00000, 0x000000073ae00000, 0x000000073ae00000|100%| E|CS|TAMS 0x000000073ac00000, 0x000000073ac00000| Complete 
| 471|0x000000073ae00000, 0x000000073b000000, 0x000000073b000000|100%| E|CS|TAMS 0x000000073ae00000, 0x000000073ae00000| Complete 
| 472|0x000000073b000000, 0x000000073b200000, 0x000000073b200000|100%| E|CS|TAMS 0x000000073b000000, 0x000000073b000000| Complete 
| 473|0x000000073b200000, 0x000000073b400000, 0x000000073b400000|100%| E|CS|TAMS 0x000000073b200000, 0x000000073b200000| Complete 
| 474|0x000000073b400000, 0x000000073b600000, 0x000000073b600000|100%| E|CS|TAMS 0x000000073b400000, 0x000000073b400000| Complete 
| 475|0x000000073b600000, 0x000000073b800000, 0x000000073b800000|100%| E|CS|TAMS 0x000000073b600000, 0x000000073b600000| Complete 
| 476|0x000000073b800000, 0x000000073ba00000, 0x000000073ba00000|100%| E|CS|TAMS 0x000000073b800000, 0x000000073b800000| Complete 
| 477|0x000000073ba00000, 0x000000073bc00000, 0x000000073bc00000|100%| E|CS|TAMS 0x000000073ba00000, 0x000000073ba00000| Complete 
| 478|0x000000073bc00000, 0x000000073be00000, 0x000000073be00000|100%| E|CS|TAMS 0x000000073bc00000, 0x000000073bc00000| Complete 
| 479|0x000000073be00000, 0x000000073c000000, 0x000000073c000000|100%| E|CS|TAMS 0x000000073be00000, 0x000000073be00000| Complete 
| 480|0x000000073c000000, 0x000000073c200000, 0x000000073c200000|100%| E|CS|TAMS 0x000000073c000000, 0x000000073c000000| Complete 
| 481|0x000000073c200000, 0x000000073c400000, 0x000000073c400000|100%| E|CS|TAMS 0x000000073c200000, 0x000000073c200000| Complete 
| 482|0x000000073c400000, 0x000000073c600000, 0x000000073c600000|100%| E|CS|TAMS 0x000000073c400000, 0x000000073c400000| Complete 
| 483|0x000000073c600000, 0x000000073c800000, 0x000000073c800000|100%| E|CS|TAMS 0x000000073c600000, 0x000000073c600000| Complete 
| 484|0x000000073c800000, 0x000000073ca00000, 0x000000073ca00000|100%| E|CS|TAMS 0x000000073c800000, 0x000000073c800000| Complete 
| 485|0x000000073ca00000, 0x000000073cc00000, 0x000000073cc00000|100%| E|CS|TAMS 0x000000073ca00000, 0x000000073ca00000| Complete 
| 486|0x000000073cc00000, 0x000000073ce00000, 0x000000073ce00000|100%| E|CS|TAMS 0x000000073cc00000, 0x000000073cc00000| Complete 
| 487|0x000000073ce00000, 0x000000073d000000, 0x000000073d000000|100%| E|CS|TAMS 0x000000073ce00000, 0x000000073ce00000| Complete 
| 488|0x000000073d000000, 0x000000073d200000, 0x000000073d200000|100%| E|CS|TAMS 0x000000073d000000, 0x000000073d000000| Complete 
| 489|0x000000073d200000, 0x000000073d400000, 0x000000073d400000|100%| E|CS|TAMS 0x000000073d200000, 0x000000073d200000| Complete 
| 490|0x000000073d400000, 0x000000073d600000, 0x000000073d600000|100%| E|CS|TAMS 0x000000073d400000, 0x000000073d400000| Complete 
| 491|0x000000073d600000, 0x000000073d800000, 0x000000073d800000|100%| E|CS|TAMS 0x000000073d600000, 0x000000073d600000| Complete 
| 492|0x000000073d800000, 0x000000073da00000, 0x000000073da00000|100%| E|CS|TAMS 0x000000073d800000, 0x000000073d800000| Complete 
| 493|0x000000073da00000, 0x000000073dc00000, 0x000000073dc00000|100%| E|CS|TAMS 0x000000073da00000, 0x000000073da00000| Complete 
| 494|0x000000073dc00000, 0x000000073de00000, 0x000000073de00000|100%| E|CS|TAMS 0x000000073dc00000, 0x000000073dc00000| Complete 
| 495|0x000000073de00000, 0x000000073e000000, 0x000000073e000000|100%| E|CS|TAMS 0x000000073de00000, 0x000000073de00000| Complete 
| 496|0x000000073e000000, 0x000000073e200000, 0x000000073e200000|100%| E|CS|TAMS 0x000000073e000000, 0x000000073e000000| Complete 
| 497|0x000000073e200000, 0x000000073e400000, 0x000000073e400000|100%| E|CS|TAMS 0x000000073e200000, 0x000000073e200000| Complete 
| 498|0x000000073e400000, 0x000000073e600000, 0x000000073e600000|100%| E|CS|TAMS 0x000000073e400000, 0x000000073e400000| Complete 
| 499|0x000000073e600000, 0x000000073e800000, 0x000000073e800000|100%| E|CS|TAMS 0x000000073e600000, 0x000000073e600000| Complete 
| 500|0x000000073e800000, 0x000000073ea00000, 0x000000073ea00000|100%| E|CS|TAMS 0x000000073e800000, 0x000000073e800000| Complete 
| 501|0x000000073ea00000, 0x000000073ec00000, 0x000000073ec00000|100%| E|CS|TAMS 0x000000073ea00000, 0x000000073ea00000| Complete 
| 502|0x000000073ec00000, 0x000000073ee00000, 0x000000073ee00000|100%| E|CS|TAMS 0x000000073ec00000, 0x000000073ec00000| Complete 
| 503|0x000000073ee00000, 0x000000073f000000, 0x000000073f000000|100%| E|CS|TAMS 0x000000073ee00000, 0x000000073ee00000| Complete 
| 504|0x000000073f000000, 0x000000073f200000, 0x000000073f200000|100%| E|CS|TAMS 0x000000073f000000, 0x000000073f000000| Complete 
| 505|0x000000073f200000, 0x000000073f400000, 0x000000073f400000|100%| E|CS|TAMS 0x000000073f200000, 0x000000073f200000| Complete 
| 506|0x000000073f400000, 0x000000073f600000, 0x000000073f600000|100%| E|CS|TAMS 0x000000073f400000, 0x000000073f400000| Complete 
| 507|0x000000073f600000, 0x000000073f800000, 0x000000073f800000|100%| E|CS|TAMS 0x000000073f600000, 0x000000073f600000| Complete 
| 508|0x000000073f800000, 0x000000073fa00000, 0x000000073fa00000|100%| E|CS|TAMS 0x000000073f800000, 0x000000073f800000| Complete 
| 509|0x000000073fa00000, 0x000000073fc00000, 0x000000073fc00000|100%| E|CS|TAMS 0x000000073fa00000, 0x000000073fa00000| Complete 
| 510|0x000000073fc00000, 0x000000073fe00000, 0x000000073fe00000|100%| E|CS|TAMS 0x000000073fc00000, 0x000000073fc00000| Complete 
| 511|0x000000073fe00000, 0x0000000740000000, 0x0000000740000000|100%| E|CS|TAMS 0x000000073fe00000, 0x000000073fe00000| Complete 
| 512|0x0000000740000000, 0x0000000740200000, 0x0000000740200000|100%| E|CS|TAMS 0x0000000740000000, 0x0000000740000000| Complete 
| 513|0x0000000740200000, 0x0000000740400000, 0x0000000740400000|100%| E|CS|TAMS 0x0000000740200000, 0x0000000740200000| Complete 
| 514|0x0000000740400000, 0x0000000740600000, 0x0000000740600000|100%| E|CS|TAMS 0x0000000740400000, 0x0000000740400000| Complete 
| 515|0x0000000740600000, 0x0000000740800000, 0x0000000740800000|100%| E|CS|TAMS 0x0000000740600000, 0x0000000740600000| Complete 
| 516|0x0000000740800000, 0x0000000740a00000, 0x0000000740a00000|100%| E|CS|TAMS 0x0000000740800000, 0x0000000740800000| Complete 
| 517|0x0000000740a00000, 0x0000000740c00000, 0x0000000740c00000|100%| E|CS|TAMS 0x0000000740a00000, 0x0000000740a00000| Complete 
| 518|0x0000000740c00000, 0x0000000740e00000, 0x0000000740e00000|100%| E|CS|TAMS 0x0000000740c00000, 0x0000000740c00000| Complete 
| 519|0x0000000740e00000, 0x0000000741000000, 0x0000000741000000|100%| E|CS|TAMS 0x0000000740e00000, 0x0000000740e00000| Complete 
| 520|0x0000000741000000, 0x0000000741200000, 0x0000000741200000|100%| E|CS|TAMS 0x0000000741000000, 0x0000000741000000| Complete 
| 521|0x0000000741200000, 0x0000000741400000, 0x0000000741400000|100%| E|CS|TAMS 0x0000000741200000, 0x0000000741200000| Complete 
| 522|0x0000000741400000, 0x0000000741600000, 0x0000000741600000|100%| E|CS|TAMS 0x0000000741400000, 0x0000000741400000| Complete 
| 523|0x0000000741600000, 0x0000000741800000, 0x0000000741800000|100%| E|CS|TAMS 0x0000000741600000, 0x0000000741600000| Complete 
| 524|0x0000000741800000, 0x0000000741a00000, 0x0000000741a00000|100%| E|CS|TAMS 0x0000000741800000, 0x0000000741800000| Complete 
| 525|0x0000000741a00000, 0x0000000741c00000, 0x0000000741c00000|100%| E|CS|TAMS 0x0000000741a00000, 0x0000000741a00000| Complete 
| 526|0x0000000741c00000, 0x0000000741e00000, 0x0000000741e00000|100%| E|CS|TAMS 0x0000000741c00000, 0x0000000741c00000| Complete 
| 527|0x0000000741e00000, 0x0000000742000000, 0x0000000742000000|100%| E|CS|TAMS 0x0000000741e00000, 0x0000000741e00000| Complete 
| 528|0x0000000742000000, 0x0000000742200000, 0x0000000742200000|100%| E|CS|TAMS 0x0000000742000000, 0x0000000742000000| Complete 
| 529|0x0000000742200000, 0x0000000742400000, 0x0000000742400000|100%| E|CS|TAMS 0x0000000742200000, 0x0000000742200000| Complete 
| 530|0x0000000742400000, 0x0000000742600000, 0x0000000742600000|100%| E|CS|TAMS 0x0000000742400000, 0x0000000742400000| Complete 
| 531|0x0000000742600000, 0x0000000742800000, 0x0000000742800000|100%| E|CS|TAMS 0x0000000742600000, 0x0000000742600000| Complete 
| 532|0x0000000742800000, 0x0000000742a00000, 0x0000000742a00000|100%| E|CS|TAMS 0x0000000742800000, 0x0000000742800000| Complete 
| 533|0x0000000742a00000, 0x0000000742c00000, 0x0000000742c00000|100%| E|CS|TAMS 0x0000000742a00000, 0x0000000742a00000| Complete 
| 534|0x0000000742c00000, 0x0000000742e00000, 0x0000000742e00000|100%| E|CS|TAMS 0x0000000742c00000, 0x0000000742c00000| Complete 
| 535|0x0000000742e00000, 0x0000000743000000, 0x0000000743000000|100%| E|CS|TAMS 0x0000000742e00000, 0x0000000742e00000| Complete 
| 536|0x0000000743000000, 0x0000000743200000, 0x0000000743200000|100%| E|CS|TAMS 0x0000000743000000, 0x0000000743000000| Complete 
| 537|0x0000000743200000, 0x0000000743400000, 0x0000000743400000|100%| E|CS|TAMS 0x0000000743200000, 0x0000000743200000| Complete 
| 538|0x0000000743400000, 0x0000000743600000, 0x0000000743600000|100%| E|CS|TAMS 0x0000000743400000, 0x0000000743400000| Complete 
| 539|0x0000000743600000, 0x0000000743800000, 0x0000000743800000|100%| E|CS|TAMS 0x0000000743600000, 0x0000000743600000| Complete 
| 540|0x0000000743800000, 0x0000000743a00000, 0x0000000743a00000|100%| E|CS|TAMS 0x0000000743800000, 0x0000000743800000| Complete 
| 541|0x0000000743a00000, 0x0000000743c00000, 0x0000000743c00000|100%| E|CS|TAMS 0x0000000743a00000, 0x0000000743a00000| Complete 
| 542|0x0000000743c00000, 0x0000000743e00000, 0x0000000743e00000|100%| E|CS|TAMS 0x0000000743c00000, 0x0000000743c00000| Complete 
| 543|0x0000000743e00000, 0x0000000744000000, 0x0000000744000000|100%| E|CS|TAMS 0x0000000743e00000, 0x0000000743e00000| Complete 
| 544|0x0000000744000000, 0x0000000744200000, 0x0000000744200000|100%| E|CS|TAMS 0x0000000744000000, 0x0000000744000000| Complete 
| 545|0x0000000744200000, 0x0000000744400000, 0x0000000744400000|100%| E|CS|TAMS 0x0000000744200000, 0x0000000744200000| Complete 
| 546|0x0000000744400000, 0x0000000744600000, 0x0000000744600000|100%| E|CS|TAMS 0x0000000744400000, 0x0000000744400000| Complete 
| 547|0x0000000744600000, 0x0000000744800000, 0x0000000744800000|100%| E|CS|TAMS 0x0000000744600000, 0x0000000744600000| Complete 
| 548|0x0000000744800000, 0x0000000744a00000, 0x0000000744a00000|100%| E|CS|TAMS 0x0000000744800000, 0x0000000744800000| Complete 
| 549|0x0000000744a00000, 0x0000000744c00000, 0x0000000744c00000|100%| E|CS|TAMS 0x0000000744a00000, 0x0000000744a00000| Complete 
| 550|0x0000000744c00000, 0x0000000744e00000, 0x0000000744e00000|100%| E|CS|TAMS 0x0000000744c00000, 0x0000000744c00000| Complete 
| 551|0x0000000744e00000, 0x0000000745000000, 0x0000000745000000|100%| E|CS|TAMS 0x0000000744e00000, 0x0000000744e00000| Complete 
| 552|0x0000000745000000, 0x0000000745200000, 0x0000000745200000|100%| E|CS|TAMS 0x0000000745000000, 0x0000000745000000| Complete 
| 553|0x0000000745200000, 0x0000000745400000, 0x0000000745400000|100%| E|CS|TAMS 0x0000000745200000, 0x0000000745200000| Complete 
| 554|0x0000000745400000, 0x0000000745600000, 0x0000000745600000|100%| E|CS|TAMS 0x0000000745400000, 0x0000000745400000| Complete 
| 555|0x0000000745600000, 0x0000000745800000, 0x0000000745800000|100%| E|CS|TAMS 0x0000000745600000, 0x0000000745600000| Complete 
| 556|0x0000000745800000, 0x0000000745a00000, 0x0000000745a00000|100%| E|CS|TAMS 0x0000000745800000, 0x0000000745800000| Complete 
| 557|0x0000000745a00000, 0x0000000745c00000, 0x0000000745c00000|100%| E|CS|TAMS 0x0000000745a00000, 0x0000000745a00000| Complete 
| 558|0x0000000745c00000, 0x0000000745e00000, 0x0000000745e00000|100%| E|CS|TAMS 0x0000000745c00000, 0x0000000745c00000| Complete 
| 559|0x0000000745e00000, 0x0000000746000000, 0x0000000746000000|100%| E|CS|TAMS 0x0000000745e00000, 0x0000000745e00000| Complete 
| 560|0x0000000746000000, 0x0000000746200000, 0x0000000746200000|100%| E|CS|TAMS 0x0000000746000000, 0x0000000746000000| Complete 
| 561|0x0000000746200000, 0x0000000746400000, 0x0000000746400000|100%| E|CS|TAMS 0x0000000746200000, 0x0000000746200000| Complete 
| 562|0x0000000746400000, 0x0000000746600000, 0x0000000746600000|100%| E|CS|TAMS 0x0000000746400000, 0x0000000746400000| Complete 
| 563|0x0000000746600000, 0x0000000746800000, 0x0000000746800000|100%| E|CS|TAMS 0x0000000746600000, 0x0000000746600000| Complete 
| 564|0x0000000746800000, 0x0000000746a00000, 0x0000000746a00000|100%| E|CS|TAMS 0x0000000746800000, 0x0000000746800000| Complete 
| 565|0x0000000746a00000, 0x0000000746c00000, 0x0000000746c00000|100%| E|CS|TAMS 0x0000000746a00000, 0x0000000746a00000| Complete 
| 566|0x0000000746c00000, 0x0000000746e00000, 0x0000000746e00000|100%| E|CS|TAMS 0x0000000746c00000, 0x0000000746c00000| Complete 
| 567|0x0000000746e00000, 0x0000000747000000, 0x0000000747000000|100%| E|CS|TAMS 0x0000000746e00000, 0x0000000746e00000| Complete 
| 568|0x0000000747000000, 0x0000000747200000, 0x0000000747200000|100%| E|CS|TAMS 0x0000000747000000, 0x0000000747000000| Complete 
| 569|0x0000000747200000, 0x0000000747400000, 0x0000000747400000|100%| E|CS|TAMS 0x0000000747200000, 0x0000000747200000| Complete 
| 570|0x0000000747400000, 0x0000000747600000, 0x0000000747600000|100%| E|CS|TAMS 0x0000000747400000, 0x0000000747400000| Complete 
| 571|0x0000000747600000, 0x0000000747800000, 0x0000000747800000|100%| E|CS|TAMS 0x0000000747600000, 0x0000000747600000| Complete 
| 572|0x0000000747800000, 0x0000000747a00000, 0x0000000747a00000|100%| E|CS|TAMS 0x0000000747800000, 0x0000000747800000| Complete 
| 573|0x0000000747a00000, 0x0000000747c00000, 0x0000000747c00000|100%| E|CS|TAMS 0x0000000747a00000, 0x0000000747a00000| Complete 
| 574|0x0000000747c00000, 0x0000000747e00000, 0x0000000747e00000|100%| E|CS|TAMS 0x0000000747c00000, 0x0000000747c00000| Complete 
| 575|0x0000000747e00000, 0x0000000748000000, 0x0000000748000000|100%| E|CS|TAMS 0x0000000747e00000, 0x0000000747e00000| Complete 
| 576|0x0000000748000000, 0x0000000748200000, 0x0000000748200000|100%| E|CS|TAMS 0x0000000748000000, 0x0000000748000000| Complete 
| 577|0x0000000748200000, 0x0000000748400000, 0x0000000748400000|100%| E|CS|TAMS 0x0000000748200000, 0x0000000748200000| Complete 
| 578|0x0000000748400000, 0x0000000748600000, 0x0000000748600000|100%| E|CS|TAMS 0x0000000748400000, 0x0000000748400000| Complete 
| 579|0x0000000748600000, 0x0000000748800000, 0x0000000748800000|100%| E|CS|TAMS 0x0000000748600000, 0x0000000748600000| Complete 
| 580|0x0000000748800000, 0x0000000748a00000, 0x0000000748a00000|100%| E|CS|TAMS 0x0000000748800000, 0x0000000748800000| Complete 
| 581|0x0000000748a00000, 0x0000000748c00000, 0x0000000748c00000|100%| E|CS|TAMS 0x0000000748a00000, 0x0000000748a00000| Complete 
| 582|0x0000000748c00000, 0x0000000748e00000, 0x0000000748e00000|100%| E|CS|TAMS 0x0000000748c00000, 0x0000000748c00000| Complete 
| 583|0x0000000748e00000, 0x0000000749000000, 0x0000000749000000|100%| E|CS|TAMS 0x0000000748e00000, 0x0000000748e00000| Complete 
| 584|0x0000000749000000, 0x0000000749200000, 0x0000000749200000|100%| E|CS|TAMS 0x0000000749000000, 0x0000000749000000| Complete 
| 585|0x0000000749200000, 0x0000000749400000, 0x0000000749400000|100%| E|CS|TAMS 0x0000000749200000, 0x0000000749200000| Complete 
| 586|0x0000000749400000, 0x0000000749600000, 0x0000000749600000|100%| E|CS|TAMS 0x0000000749400000, 0x0000000749400000| Complete 
| 587|0x0000000749600000, 0x0000000749800000, 0x0000000749800000|100%| E|CS|TAMS 0x0000000749600000, 0x0000000749600000| Complete 
| 588|0x0000000749800000, 0x0000000749a00000, 0x0000000749a00000|100%| E|CS|TAMS 0x0000000749800000, 0x0000000749800000| Complete 
| 589|0x0000000749a00000, 0x0000000749c00000, 0x0000000749c00000|100%| E|CS|TAMS 0x0000000749a00000, 0x0000000749a00000| Complete 

Card table byte_map: [0x0000023feacd0000,0x0000023feb4d0000] _byte_map_base: 0x0000023fe74d0000

Marking Bits (Prev, Next): (CMBitMap*) 0x0000023fd34c6e80, (CMBitMap*) 0x0000023fd34c6ec0
 Prev Bits: [0x0000023febcd0000, 0x0000023fefcd0000)
 Next Bits: [0x0000023fefcd0000, 0x0000023ff3cd0000)

Polling page: 0x0000023fd12a0000

Metaspace:

Usage:
  Non-class:    144.69 MB used.
      Class:     21.34 MB used.
       Both:    166.04 MB used.

Virtual space:
  Non-class space:      192.00 MB reserved,     145.81 MB ( 76%) committed,  3 nodes.
      Class space:      832.00 MB reserved,      22.31 MB (  3%) committed,  1 nodes.
             Both:        1.00 GB reserved,     168.12 MB ( 16%) committed. 

Chunk freelists:
   Non-Class:  13.42 MB
       Class:  9.55 MB
        Both:  22.97 MB

MaxMetaspaceSize: 1.00 GB
CompressedClassSpaceSize: 832.00 MB
Initial GC threshold: 21.00 MB
Current GC threshold: 247.81 MB
CDS: on
MetaspaceReclaimPolicy: balanced
 - commit_granule_bytes: 65536.
 - commit_granule_words: 8192.
 - virtual_space_node_default_size: 8388608.
 - enlarge_chunks_in_place: 1.
 - new_chunks_are_fully_committed: 0.
 - uncommit_free_chunks: 1.
 - use_allocation_guard: 0.
 - handle_deallocations: 1.


Internal statistics:

num_allocs_failed_limit: 18.
num_arena_births: 2824.
num_arena_deaths: 0.
num_vsnodes_births: 4.
num_vsnodes_deaths: 0.
num_space_committed: 2688.
num_space_uncommitted: 0.
num_chunks_returned_to_freelist: 18.
num_chunks_taken_from_freelist: 10673.
num_chunk_merges: 18.
num_chunk_splits: 6728.
num_chunks_enlarged: 4018.
num_inconsistent_stats: 0.

CodeHeap 'non-profiled nmethods': size=120000Kb used=20432Kb max_used=20432Kb free=99567Kb
 bounds [0x0000023fe2a50000, 0x0000023fe3e50000, 0x0000023fe9f80000]
CodeHeap 'profiled nmethods': size=120000Kb used=53577Kb max_used=55213Kb free=66422Kb
 bounds [0x0000023fdaf80000, 0x0000023fde570000, 0x0000023fe24b0000]
CodeHeap 'non-nmethods': size=5760Kb used=2572Kb max_used=2649Kb free=3187Kb
 bounds [0x0000023fe24b0000, 0x0000023fe2770000, 0x0000023fe2a50000]
 total_blobs=27810 nmethods=26687 adapters=1032
 compilation: enabled
              stopped_count=0, restarted_count=0
 full_count=0

Compilation events (20 events):
Event: 178.790 Thread 0x0000023ff682c360 nmethod 34548 0x0000023fe3e3c110 code [0x0000023fe3e3c2e0, 0x0000023fe3e3cc48]
Event: 178.790 Thread 0x0000023ff682c360 34549   !   4       java.util.zip.ZipFile$CleanableResource::releaseInflater (53 bytes)
Event: 178.795 Thread 0x0000023ff682c360 nmethod 34549 0x0000023fe3e3d090 code [0x0000023fe3e3d260, 0x0000023fe3e3dba8]
Event: 178.795 Thread 0x0000023ff682c360 34540       4       java.lang.invoke.MemberName::<init> (139 bytes)
Event: 178.854 Thread 0x0000023ff682c360 nmethod 34540 0x0000023fe3e3e010 code [0x0000023fe3e3e1a0, 0x0000023fe3e3e648]
Event: 178.854 Thread 0x0000023ff682c360 34550       4       org.gradle.internal.vfs.impl.AbstractVirtualFileSystem$$Lambda$469/0x0000023f81434d88::<init> (15 bytes)
Event: 178.855 Thread 0x0000023ff682c360 nmethod 34550 0x0000023fe3e3e810 code [0x0000023fe3e3e980, 0x0000023fe3e3ead8]
Event: 179.407 Thread 0x0000023ff682c360 34554       4       java.util.WeakHashMap::<init> (133 bytes)
Event: 179.522 Thread 0x0000023ff682c360 nmethod 34554 0x0000023fe3e3eb90 code [0x0000023fe3e3ed20, 0x0000023fe3e3f2f8]
Event: 180.279 Thread 0x0000023ff682c360 34555       4       org.gradle.api.internal.provider.ManagedFactories$PropertyManagedFactory::fromState (36 bytes)
Event: 183.348 Thread 0x0000023ff6838e40 34556       3       com.android.build.gradle.internal.dependency.AarToClassTransform$Inject1::getParameters (31 bytes)
Event: 183.381 Thread 0x0000023ff6838e40 nmethod 34556 0x0000023fdd368310 code [0x0000023fdd368500, 0x0000023fdd368b58]
Event: 183.623 Thread 0x0000023ff682c360 nmethod 34555 0x0000023fe3e3f510 code [0x0000023fe3e3f700, 0x0000023fe3e401b8]
Event: 183.624 Thread 0x0000023ff682c360 34557   !   4       com.android.zipflinger.StreamSource::writeTo (118 bytes)
Event: 183.647 Thread 0x0000023ff682c360 nmethod 34557 0x0000023fe3e40790 code [0x0000023fe3e40960, 0x0000023fe3e40ed8]
Event: 183.647 Thread 0x0000023ff682c360 34559       4       java.util.zip.ZipFile$Source$Key::hashCode (46 bytes)
Event: 183.691 Thread 0x0000023ff682c360 nmethod 34559 0x0000023fe3e41410 code [0x0000023fe3e415c0, 0x0000023fe3e41918]
Event: 183.691 Thread 0x0000023ff682c360 34560       4       java.util.stream.ReferencePipeline$7$1::begin (13 bytes)
Event: 183.692 Thread 0x0000023ff682c360 nmethod 34560 0x0000023fe3e41c90 code [0x0000023fe3e41e00, 0x0000023fe3e41eb8]
Event: 184.136 Thread 0x0000023ff682c360 34561       4       org.gradle.internal.vfs.impl.DefaultFileSystemAccess::snapshot (60 bytes)

GC Heap History (20 events):
Event: 148.689 GC heap before
{Heap before GC invocations=86 (full 0):
 garbage-first heap   total 604160K, used 502337K [0x0000000700000000, 0x0000000800000000)
  region size 2048K, 100 young (204800K), 2 survivors (4096K)
 Metaspace       used 154804K, committed 156672K, reserved 1048576K
  class space    used 20353K, committed 21248K, reserved 851968K
}
Event: 148.696 GC heap after
{Heap after GC invocations=87 (full 0):
 garbage-first heap   total 604160K, used 306724K [0x0000000700000000, 0x0000000800000000)
  region size 2048K, 3 young (6144K), 3 survivors (6144K)
 Metaspace       used 154804K, committed 156672K, reserved 1048576K
  class space    used 20353K, committed 21248K, reserved 851968K
}
Event: 149.382 GC heap before
{Heap before GC invocations=87 (full 0):
 garbage-first heap   total 604160K, used 507428K [0x0000000700000000, 0x0000000800000000)
  region size 2048K, 102 young (208896K), 3 survivors (6144K)
 Metaspace       used 159351K, committed 161216K, reserved 1048576K
  class space    used 20733K, committed 21632K, reserved 851968K
}
Event: 149.389 GC heap after
{Heap after GC invocations=88 (full 0):
 garbage-first heap   total 604160K, used 310009K [0x0000000700000000, 0x0000000800000000)
  region size 2048K, 5 young (10240K), 5 survivors (10240K)
 Metaspace       used 159351K, committed 161216K, reserved 1048576K
  class space    used 20733K, committed 21632K, reserved 851968K
}
Event: 149.759 GC heap before
{Heap before GC invocations=88 (full 0):
 garbage-first heap   total 604160K, used 510713K [0x0000000700000000, 0x0000000800000000)
  region size 2048K, 104 young (212992K), 5 survivors (10240K)
 Metaspace       used 159613K, committed 161472K, reserved 1048576K
  class space    used 20745K, committed 21632K, reserved 851968K
}
Event: 149.766 GC heap after
{Heap after GC invocations=89 (full 0):
 garbage-first heap   total 604160K, used 310105K [0x0000000700000000, 0x0000000800000000)
  region size 2048K, 5 young (10240K), 5 survivors (10240K)
 Metaspace       used 159613K, committed 161472K, reserved 1048576K
  class space    used 20745K, committed 21632K, reserved 851968K
}
Event: 150.102 GC heap before
{Heap before GC invocations=89 (full 0):
 garbage-first heap   total 604160K, used 514905K [0x0000000700000000, 0x0000000800000000)
  region size 2048K, 105 young (215040K), 5 survivors (10240K)
 Metaspace       used 159704K, committed 161536K, reserved 1048576K
  class space    used 20745K, committed 21632K, reserved 851968K
}
Event: 150.115 GC heap after
{Heap after GC invocations=90 (full 0):
 garbage-first heap   total 604160K, used 319241K [0x0000000700000000, 0x0000000800000000)
  region size 2048K, 8 young (16384K), 8 survivors (16384K)
 Metaspace       used 159704K, committed 161536K, reserved 1048576K
  class space    used 20745K, committed 21632K, reserved 851968K
}
Event: 150.404 GC heap before
{Heap before GC invocations=90 (full 0):
 garbage-first heap   total 604160K, used 513801K [0x0000000700000000, 0x0000000800000000)
  region size 2048K, 104 young (212992K), 8 survivors (16384K)
 Metaspace       used 159714K, committed 161536K, reserved 1048576K
  class space    used 20745K, committed 21632K, reserved 851968K
}
Event: 150.414 GC heap after
{Heap after GC invocations=91 (full 0):
 garbage-first heap   total 604160K, used 314530K [0x0000000700000000, 0x0000000800000000)
  region size 2048K, 5 young (10240K), 5 survivors (10240K)
 Metaspace       used 159714K, committed 161536K, reserved 1048576K
  class space    used 20745K, committed 21632K, reserved 851968K
}
Event: 150.757 GC heap before
{Heap before GC invocations=91 (full 0):
 garbage-first heap   total 604160K, used 517282K [0x0000000700000000, 0x0000000800000000)
  region size 2048K, 104 young (212992K), 5 survivors (10240K)
 Metaspace       used 159719K, committed 161536K, reserved 1048576K
  class space    used 20745K, committed 21632K, reserved 851968K
}
Event: 150.762 GC heap after
{Heap after GC invocations=92 (full 0):
 garbage-first heap   total 604160K, used 315066K [0x0000000700000000, 0x0000000800000000)
  region size 2048K, 5 young (10240K), 5 survivors (10240K)
 Metaspace       used 159719K, committed 161536K, reserved 1048576K
  class space    used 20745K, committed 21632K, reserved 851968K
}
Event: 153.544 GC heap before
{Heap before GC invocations=92 (full 0):
 garbage-first heap   total 604160K, used 530106K [0x0000000700000000, 0x0000000800000000)
  region size 2048K, 106 young (217088K), 5 survivors (10240K)
 Metaspace       used 164102K, committed 166080K, reserved 1048576K
  class space    used 21267K, committed 22208K, reserved 851968K
}
Event: 153.556 GC heap after
{Heap after GC invocations=93 (full 0):
 garbage-first heap   total 604160K, used 320674K [0x0000000700000000, 0x0000000800000000)
  region size 2048K, 7 young (14336K), 7 survivors (14336K)
 Metaspace       used 164102K, committed 166080K, reserved 1048576K
  class space    used 21267K, committed 22208K, reserved 851968K
}
Event: 157.227 GC heap before
{Heap before GC invocations=93 (full 0):
 garbage-first heap   total 604160K, used 523426K [0x0000000700000000, 0x0000000800000000)
  region size 2048K, 103 young (210944K), 7 survivors (14336K)
 Metaspace       used 165966K, committed 168000K, reserved 1048576K
  class space    used 21393K, committed 22336K, reserved 851968K
}
Event: 157.258 GC heap after
{Heap after GC invocations=94 (full 0):
 garbage-first heap   total 604160K, used 338398K [0x0000000700000000, 0x0000000800000000)
  region size 2048K, 13 young (26624K), 13 survivors (26624K)
 Metaspace       used 165966K, committed 168000K, reserved 1048576K
  class space    used 21393K, committed 22336K, reserved 851968K
}
Event: 159.372 GC heap before
{Heap before GC invocations=94 (full 0):
 garbage-first heap   total 604160K, used 506334K [0x0000000700000000, 0x0000000800000000)
  region size 2048K, 95 young (194560K), 13 survivors (26624K)
 Metaspace       used 166333K, committed 168320K, reserved 1048576K
  class space    used 21393K, committed 22336K, reserved 851968K
}
Event: 159.442 GC heap after
{Heap after GC invocations=95 (full 0):
 garbage-first heap   total 604160K, used 349753K [0x0000000700000000, 0x0000000800000000)
  region size 2048K, 6 young (12288K), 6 survivors (12288K)
 Metaspace       used 166333K, committed 168320K, reserved 1048576K
  class space    used 21393K, committed 22336K, reserved 851968K
}
Event: 161.741 GC heap before
{Heap before GC invocations=95 (full 0):
 garbage-first heap   total 604160K, used 507449K [0x0000000700000000, 0x0000000800000000)
  region size 2048K, 84 young (172032K), 6 survivors (12288K)
 Metaspace       used 166587K, committed 168704K, reserved 1048576K
  class space    used 21403K, committed 22400K, reserved 851968K
}
Event: 161.812 GC heap after
{Heap after GC invocations=96 (full 0):
 garbage-first heap   total 1208320K, used 352892K [0x0000000700000000, 0x0000000800000000)
  region size 2048K, 9 young (18432K), 9 survivors (18432K)
 Metaspace       used 166587K, committed 168704K, reserved 1048576K
  class space    used 21403K, committed 22400K, reserved 851968K
}

Dll operation events (16 events):
Event: 0.017 Loaded shared library C:\Program Files\Microsoft\jdk-17.0.13.11-hotspot\bin\java.dll
Event: 0.037 Loaded shared library C:\Program Files\Microsoft\jdk-17.0.13.11-hotspot\bin\jsvml.dll
Event: 0.099 Loaded shared library C:\Program Files\Microsoft\jdk-17.0.13.11-hotspot\bin\zip.dll
Event: 0.104 Loaded shared library C:\Program Files\Microsoft\jdk-17.0.13.11-hotspot\bin\instrument.dll
Event: 0.110 Loaded shared library C:\Program Files\Microsoft\jdk-17.0.13.11-hotspot\bin\net.dll
Event: 0.113 Loaded shared library C:\Program Files\Microsoft\jdk-17.0.13.11-hotspot\bin\nio.dll
Event: 0.117 Loaded shared library C:\Program Files\Microsoft\jdk-17.0.13.11-hotspot\bin\zip.dll
Event: 0.589 Loaded shared library C:\Program Files\Microsoft\jdk-17.0.13.11-hotspot\bin\jimage.dll
Event: 0.817 Loaded shared library C:\Program Files\Microsoft\jdk-17.0.13.11-hotspot\bin\verify.dll
Event: 0.957 Loaded shared library C:\Users\laxman\.gradle\native\1def1411415f61bf3af743bc5b6707747c0891f09f0c88961ee8f79bc544acac\windows-amd64\native-platform.dll
Event: 0.984 Loaded shared library C:\Users\laxman\.gradle\native\0.2.7\x86_64-windows-gnu\gradle-fileevents.dll
Event: 2.826 Loaded shared library C:\Program Files\Microsoft\jdk-17.0.13.11-hotspot\bin\management.dll
Event: 2.833 Loaded shared library C:\Program Files\Microsoft\jdk-17.0.13.11-hotspot\bin\management_ext.dll
Event: 3.107 Loaded shared library C:\Program Files\Microsoft\jdk-17.0.13.11-hotspot\bin\extnet.dll
Event: 3.492 Loaded shared library C:\Program Files\Microsoft\jdk-17.0.13.11-hotspot\bin\sunmscapi.dll
Event: 153.007 Loaded shared library C:\Program Files\Microsoft\jdk-17.0.13.11-hotspot\bin\rmi.dll

Deoptimization events (20 events):
Event: 177.938 Thread 0x0000023fb5c826c0 Uncommon trap: trap_request=0xffffffbe fr.pc=0x0000023fe3e18a70 relative=0x0000000000004890
Event: 177.939 Thread 0x0000023fb5c826c0 Uncommon trap: reason=profile_predicate action=maybe_recompile pc=0x0000023fe3e18a70 method=org.gradle.internal.snapshot.PathUtil.lastIndexOfSeparator(Ljava/lang/String;)I @ 8 c2
Event: 177.939 Thread 0x0000023fb5c826c0 DEOPT PACKING pc=0x0000023fe3e18a70 sp=0x000000f5cf5fddf0
Event: 177.941 Thread 0x0000023fb5c826c0 DEOPT UNPACKING pc=0x0000023fe25069a3 sp=0x000000f5cf5fdb98 mode 2
Event: 178.054 Thread 0x0000023fb5c81280 Uncommon trap: trap_request=0xffffffbe fr.pc=0x0000023fe3e18a70 relative=0x0000000000004890
Event: 178.058 Thread 0x0000023fb5c81280 Uncommon trap: reason=profile_predicate action=maybe_recompile pc=0x0000023fe3e18a70 method=org.gradle.internal.snapshot.PathUtil.lastIndexOfSeparator(Ljava/lang/String;)I @ 8 c2
Event: 178.061 Thread 0x0000023fb5c81280 DEOPT PACKING pc=0x0000023fe3e18a70 sp=0x000000f5ce9faf70
Event: 178.065 Thread 0x0000023fb5c81280 DEOPT UNPACKING pc=0x0000023fe25069a3 sp=0x000000f5ce9fad18 mode 2
Event: 178.148 Thread 0x0000023fb5c826c0 Uncommon trap: trap_request=0xffffff76 fr.pc=0x0000023fe3e2a484 relative=0x0000000000000764
Event: 178.148 Thread 0x0000023fb5c826c0 Uncommon trap: reason=predicate action=maybe_recompile pc=0x0000023fe3e2a484 method=java.util.ComparableTimSort.binarySort([Ljava/lang/Object;III)V @ 34 c2
Event: 178.148 Thread 0x0000023fb5c826c0 DEOPT PACKING pc=0x0000023fe3e2a484 sp=0x000000f5cf5fbfe0
Event: 178.182 Thread 0x0000023fb5c826c0 DEOPT UNPACKING pc=0x0000023fe25069a3 sp=0x000000f5cf5fbf88 mode 2
Event: 178.326 Thread 0x0000023fb5c7bc70 Uncommon trap: trap_request=0xffffffbe fr.pc=0x0000023fe3e18a70 relative=0x0000000000004890
Event: 178.326 Thread 0x0000023fb5c7bc70 Uncommon trap: reason=profile_predicate action=maybe_recompile pc=0x0000023fe3e18a70 method=org.gradle.internal.snapshot.PathUtil.lastIndexOfSeparator(Ljava/lang/String;)I @ 8 c2
Event: 178.326 Thread 0x0000023fb5c7bc70 DEOPT PACKING pc=0x0000023fe3e18a70 sp=0x000000f5ceffd920
Event: 178.326 Thread 0x0000023fb5c7bc70 DEOPT UNPACKING pc=0x0000023fe25069a3 sp=0x000000f5ceffd6c8 mode 2
Event: 178.508 Thread 0x0000023fb5c81280 Uncommon trap: trap_request=0xffffffbe fr.pc=0x0000023fe3e18a70 relative=0x0000000000004890
Event: 178.508 Thread 0x0000023fb5c81280 Uncommon trap: reason=profile_predicate action=maybe_recompile pc=0x0000023fe3e18a70 method=org.gradle.internal.snapshot.PathUtil.lastIndexOfSeparator(Ljava/lang/String;)I @ 8 c2
Event: 178.508 Thread 0x0000023fb5c81280 DEOPT PACKING pc=0x0000023fe3e18a70 sp=0x000000f5ce9faf70
Event: 178.508 Thread 0x0000023fb5c81280 DEOPT UNPACKING pc=0x0000023fe25069a3 sp=0x000000f5ce9fad18 mode 2

Classes loaded (20 events):
Event: 153.118 Loading class sun/rmi/server/LoaderHandler$Loader
Event: 153.118 Loading class sun/rmi/server/LoaderHandler$Loader done
Event: 153.122 Loading class java/rmi/server/ServerNotActiveException
Event: 153.122 Loading class java/rmi/server/ServerNotActiveException done
Event: 153.126 Loading class sun/rmi/transport/DGCAckHandler
Event: 153.126 Loading class sun/rmi/transport/DGCAckHandler done
Event: 153.131 Loading class sun/rmi/transport/DGCAckHandler$1
Event: 153.131 Loading class sun/rmi/transport/DGCAckHandler$1 done
Event: 153.206 Loading class sun/rmi/transport/tcp/TCPTransport$ConnectionHandler
Event: 153.207 Loading class sun/rmi/transport/tcp/TCPTransport$ConnectionHandler done
Event: 153.215 Loading class sun/rmi/transport/Transport$1
Event: 153.215 Loading class sun/rmi/transport/Transport$1 done
Event: 153.216 Loading class sun/rmi/transport/DGCImpl$LeaseInfo
Event: 153.216 Loading class sun/rmi/transport/DGCImpl$LeaseInfo done
Event: 153.217 Loading class sun/rmi/transport/DGCImpl$1
Event: 153.217 Loading class sun/rmi/transport/DGCImpl$1 done
Event: 153.217 Loading class sun/rmi/transport/SequenceEntry
Event: 153.217 Loading class sun/rmi/transport/SequenceEntry done
Event: 178.015 Loading class java/util/concurrent/RejectedExecutionException
Event: 178.017 Loading class java/util/concurrent/RejectedExecutionException done

Classes unloaded (0 events):
No events

Classes redefined (0 events):
No events

Internal exceptions (20 events):
Event: 179.407 Thread 0x0000023fb5c7bc70 Exception <a 'sun/nio/fs/WindowsException'{0x00000007334b0d70}> (0x00000007334b0d70) 
thrown [s\src\hotspot\share\prims\jni.cpp, line 516]
Event: 183.348 Thread 0x0000023fb5c81280 Exception <a 'sun/nio/fs/WindowsException'{0x00000007332a0370}> (0x00000007332a0370) 
thrown [s\src\hotspot\share\prims\jni.cpp, line 516]
Event: 183.348 Thread 0x0000023fb5c81280 Exception <a 'sun/nio/fs/WindowsException'{0x00000007332a0430}> (0x00000007332a0430) 
thrown [s\src\hotspot\share\prims\jni.cpp, line 516]
Event: 183.348 Thread 0x0000023fb5c81280 Exception <a 'sun/nio/fs/WindowsException'{0x00000007332a0900}> (0x00000007332a0900) 
thrown [s\src\hotspot\share\prims\jni.cpp, line 516]
Event: 183.478 Thread 0x0000023fb5c826c0 Exception <a 'sun/nio/fs/WindowsException'{0x00000007335aca08}> (0x00000007335aca08) 
thrown [s\src\hotspot\share\prims\jni.cpp, line 516]
Event: 183.478 Thread 0x0000023fb5c826c0 Exception <a 'sun/nio/fs/WindowsException'{0x00000007335acac8}> (0x00000007335acac8) 
thrown [s\src\hotspot\share\prims\jni.cpp, line 516]
Event: 183.478 Thread 0x0000023fb5c826c0 Exception <a 'sun/nio/fs/WindowsException'{0x00000007335acfd8}> (0x00000007335acfd8) 
thrown [s\src\hotspot\share\prims\jni.cpp, line 516]
Event: 183.567 Thread 0x0000023ffdb30ab0 Exception <a 'sun/nio/fs/WindowsException'{0x00000007330e4938}> (0x00000007330e4938) 
thrown [s\src\hotspot\share\prims\jni.cpp, line 516]
Event: 183.567 Thread 0x0000023ffdb30ab0 Exception <a 'sun/nio/fs/WindowsException'{0x00000007330e49f8}> (0x00000007330e49f8) 
thrown [s\src\hotspot\share\prims\jni.cpp, line 516]
Event: 183.567 Thread 0x0000023ffdb30ab0 Exception <a 'sun/nio/fs/WindowsException'{0x00000007330e4f08}> (0x00000007330e4f08) 
thrown [s\src\hotspot\share\prims\jni.cpp, line 516]
Event: 183.599 Thread 0x0000023fb5c7bc70 Exception <a 'sun/nio/fs/WindowsException'{0x0000000733295728}> (0x0000000733295728) 
thrown [s\src\hotspot\share\prims\jni.cpp, line 516]
Event: 183.599 Thread 0x0000023fb5c7bc70 Exception <a 'sun/nio/fs/WindowsException'{0x00000007332957e8}> (0x00000007332957e8) 
thrown [s\src\hotspot\share\prims\jni.cpp, line 516]
Event: 183.599 Thread 0x0000023fb5c7bc70 Exception <a 'sun/nio/fs/WindowsException'{0x0000000733295cf0}> (0x0000000733295cf0) 
thrown [s\src\hotspot\share\prims\jni.cpp, line 516]
Event: 183.950 Thread 0x0000023fb5c81280 Exception <a 'sun/nio/fs/WindowsException'{0x0000000732f14518}> (0x0000000732f14518) 
thrown [s\src\hotspot\share\prims\jni.cpp, line 516]
Event: 184.007 Thread 0x0000023fb5c826c0 Exception <a 'sun/nio/fs/WindowsException'{0x0000000732c19d98}> (0x0000000732c19d98) 
thrown [s\src\hotspot\share\prims\jni.cpp, line 516]
Event: 184.159 Thread 0x0000023ffdb30ab0 Exception <a 'sun/nio/fs/WindowsException'{0x0000000732cb2460}> (0x0000000732cb2460) 
thrown [s\src\hotspot\share\prims\jni.cpp, line 516]
Event: 184.240 Thread 0x0000023fb5c7bc70 Exception <a 'sun/nio/fs/WindowsException'{0x0000000732f00030}> (0x0000000732f00030) 
thrown [s\src\hotspot\share\prims\jni.cpp, line 516]
Event: 184.315 Thread 0x0000023fb5c826c0 Exception <a 'sun/nio/fs/WindowsException'{0x0000000732d310c8}> (0x0000000732d310c8) 
thrown [s\src\hotspot\share\prims\jni.cpp, line 516]
Event: 184.315 Thread 0x0000023fb5c826c0 Exception <a 'sun/nio/fs/WindowsException'{0x0000000732d31188}> (0x0000000732d31188) 
thrown [s\src\hotspot\share\prims\jni.cpp, line 516]
Event: 184.315 Thread 0x0000023fb5c826c0 Exception <a 'sun/nio/fs/WindowsException'{0x0000000732d316a8}> (0x0000000732d316a8) 
thrown [s\src\hotspot\share\prims\jni.cpp, line 516]

VM Operations (20 events):
Event: 175.937 Executing VM operation: Cleanup
Event: 175.938 Executing VM operation: Cleanup done
Event: 176.804 Executing VM operation: HandshakeAllThreads
Event: 176.875 Executing VM operation: HandshakeAllThreads done
Event: 176.875 Executing VM operation: HandshakeAllThreads
Event: 176.885 Executing VM operation: HandshakeAllThreads done
Event: 177.207 Executing VM operation: HandshakeAllThreads
Event: 177.210 Executing VM operation: HandshakeAllThreads done
Event: 177.210 Executing VM operation: Cleanup
Event: 177.210 Executing VM operation: Cleanup done
Event: 177.721 Executing VM operation: HandshakeAllThreads
Event: 177.722 Executing VM operation: HandshakeAllThreads done
Event: 178.263 Executing VM operation: HandshakeAllThreads
Event: 178.345 Executing VM operation: HandshakeAllThreads done
Event: 178.345 Executing VM operation: Cleanup
Event: 178.345 Executing VM operation: Cleanup done
Event: 179.346 Executing VM operation: Cleanup
Event: 179.346 Executing VM operation: Cleanup done
Event: 180.346 Executing VM operation: Cleanup
Event: 183.326 Executing VM operation: Cleanup done

Memory protections (0 events):
No events

Nmethod flushes (20 events):
Event: 177.124 Thread 0x0000023ff6839840 flushing  nmethod 0x0000023fddc04590
Event: 177.124 Thread 0x0000023ff6839840 flushing  nmethod 0x0000023fddc27290
Event: 177.124 Thread 0x0000023ff6839840 flushing  nmethod 0x0000023fddc27b10
Event: 177.124 Thread 0x0000023ff6839840 flushing  nmethod 0x0000023fddc3a710
Event: 177.125 Thread 0x0000023ff6839840 flushing  nmethod 0x0000023fddc6f690
Event: 177.125 Thread 0x0000023ff6839840 flushing  nmethod 0x0000023fddc6fb90
Event: 177.125 Thread 0x0000023ff6839840 flushing  nmethod 0x0000023fddc70290
Event: 177.125 Thread 0x0000023ff6839840 flushing  nmethod 0x0000023fddc72090
Event: 177.125 Thread 0x0000023ff6839840 flushing  nmethod 0x0000023fddc74c10
Event: 177.125 Thread 0x0000023ff6839840 flushing  nmethod 0x0000023fddca8210
Event: 177.125 Thread 0x0000023ff6839840 flushing  nmethod 0x0000023fddcd3f90
Event: 177.125 Thread 0x0000023ff6839840 flushing  nmethod 0x0000023fddced290
Event: 177.126 Thread 0x0000023ff6839840 flushing  nmethod 0x0000023fddcf5c90
Event: 177.126 Thread 0x0000023ff6839840 flushing  nmethod 0x0000023fddd0d410
Event: 177.126 Thread 0x0000023ff6839840 flushing  nmethod 0x0000023fddd0e390
Event: 177.126 Thread 0x0000023ff6839840 flushing  nmethod 0x0000023fddd17490
Event: 177.126 Thread 0x0000023ff6839840 flushing  nmethod 0x0000023fddd28990
Event: 177.126 Thread 0x0000023ff6839840 flushing  nmethod 0x0000023fddd28e90
Event: 177.127 Thread 0x0000023ff6839840 flushing  nmethod 0x0000023fddd43f10
Event: 177.133 Thread 0x0000023ff6839840 flushing  nmethod 0x0000023fddeb5310

Events (20 events):
Event: 161.323 Thread 0x0000023ffd71d9c0 Thread added: 0x0000023fb5f4c9e0
Event: 161.328 Thread 0x0000023ffdb305a0 Thread added: 0x0000023fb5f4e840
Event: 161.349 Thread 0x0000023ffdb2d300 Thread added: 0x0000023fb5f4ed50
Event: 162.511 Thread 0x0000023fbb899240 Thread added: 0x0000023fb5f4ab80
Event: 162.561 Thread 0x0000023ffdb2d300 Thread added: 0x0000023fb5f4f260
Event: 163.585 Thread 0x0000023fbb89b5b0 Thread added: 0x0000023fb5f4a670
Event: 163.614 Thread 0x0000023ffdb2d300 Thread added: 0x0000023fb5f48810
Event: 163.994 Thread 0x0000023ff682c360 Thread added: 0x0000023fbda80b00
Event: 165.086 Thread 0x0000023fbda80b00 Thread exited: 0x0000023fbda80b00
Event: 166.609 Thread 0x0000023ff6838e40 Thread added: 0x0000023fbda82040
Event: 167.802 Thread 0x0000023fbda82040 Thread exited: 0x0000023fbda82040
Event: 167.818 Thread 0x0000023fbda82590 Thread exited: 0x0000023fbda82590
Event: 167.851 Thread 0x0000023ffdb2f160 Thread added: 0x0000023fb5f4a160
Event: 168.222 Thread 0x0000023ff6838e40 Thread added: 0x0000023fbda86aa0
Event: 170.906 Thread 0x0000023fbda86aa0 Thread exited: 0x0000023fbda86aa0
Event: 170.999 Thread 0x0000023ffdb2b4a0 Thread exited: 0x0000023ffdb2b4a0
Event: 171.026 Thread 0x0000023ffdb2f160 Thread added: 0x0000023fb5f4cef0
Event: 173.030 Thread 0x0000023fbb898820 Thread exited: 0x0000023fbb898820
Event: 175.449 Thread 0x0000023ff6838e40 Thread added: 0x0000023fbbcef720
Event: 176.924 Thread 0x0000023fbbcef720 Thread exited: 0x0000023fbbcef720


Dynamic libraries:
0x00007ff6e3fd0000 - 0x00007ff6e3fde000 	C:\Program Files\Microsoft\jdk-17.0.13.11-hotspot\bin\java.exe
0x00007ffcec450000 - 0x00007ffcec667000 	C:\Windows\SYSTEM32\ntdll.dll
0x00007ffceada0000 - 0x00007ffceae64000 	C:\Windows\System32\KERNEL32.DLL
0x00007ffce9880000 - 0x00007ffce9c53000 	C:\Windows\System32\KERNELBASE.dll
0x00007ffce9dd0000 - 0x00007ffce9ee1000 	C:\Windows\System32\ucrtbase.dll
0x00007ffc751e0000 - 0x00007ffc751fd000 	C:\Program Files\Microsoft\jdk-17.0.13.11-hotspot\bin\VCRUNTIME140.dll
0x00007ffc75200000 - 0x00007ffc75217000 	C:\Program Files\Microsoft\jdk-17.0.13.11-hotspot\bin\jli.dll
0x00007ffcea4b0000 - 0x00007ffcea661000 	C:\Windows\System32\USER32.dll
0x00007ffce9da0000 - 0x00007ffce9dc6000 	C:\Windows\System32\win32u.dll
0x00007ffcd8f80000 - 0x00007ffcd921b000 	C:\Windows\WinSxS\amd64_microsoft.windows.common-controls_6595b64144ccf1df_6.0.22621.5262_none_2712bde373830908\COMCTL32.dll
0x00007ffcea0e0000 - 0x00007ffcea109000 	C:\Windows\System32\GDI32.dll
0x00007ffcea3e0000 - 0x00007ffcea487000 	C:\Windows\System32\msvcrt.dll
0x00007ffce9ef0000 - 0x00007ffcea012000 	C:\Windows\System32\gdi32full.dll
0x00007ffce97e0000 - 0x00007ffce987a000 	C:\Windows\System32\msvcp_win.dll
0x00007ffceba30000 - 0x00007ffceba61000 	C:\Windows\System32\IMM32.DLL
0x00007ffcb3cc0000 - 0x00007ffcb3ccc000 	C:\Program Files\Microsoft\jdk-17.0.13.11-hotspot\bin\vcruntime140_1.dll
0x00007ffc75150000 - 0x00007ffc751dd000 	C:\Program Files\Microsoft\jdk-17.0.13.11-hotspot\bin\msvcp140.dll
0x00007ffc5a910000 - 0x00007ffc5b581000 	C:\Program Files\Microsoft\jdk-17.0.13.11-hotspot\bin\server\jvm.dll
0x00007ffcea6f0000 - 0x00007ffcea7a1000 	C:\Windows\System32\ADVAPI32.dll
0x00007ffcea190000 - 0x00007ffcea237000 	C:\Windows\System32\sechost.dll
0x00007ffce9640000 - 0x00007ffce9668000 	C:\Windows\System32\bcrypt.dll
0x00007ffcec2f0000 - 0x00007ffcec404000 	C:\Windows\System32\RPCRT4.dll
0x00007ffcea670000 - 0x00007ffcea6e1000 	C:\Windows\System32\WS2_32.dll
0x00007ffce9410000 - 0x00007ffce945d000 	C:\Windows\SYSTEM32\POWRPROF.dll
0x00007ffcdfbe0000 - 0x00007ffcdfbea000 	C:\Windows\SYSTEM32\VERSION.dll
0x00007ffcdf210000 - 0x00007ffcdf244000 	C:\Windows\SYSTEM32\WINMM.dll
0x00007ffce93f0000 - 0x00007ffce9403000 	C:\Windows\SYSTEM32\UMPDC.dll
0x00007ffce8580000 - 0x00007ffce8598000 	C:\Windows\SYSTEM32\kernel.appcore.dll
0x00007ffcb0650000 - 0x00007ffcb065a000 	C:\Program Files\Microsoft\jdk-17.0.13.11-hotspot\bin\jimage.dll
0x00007ffce7080000 - 0x00007ffce72b2000 	C:\Windows\SYSTEM32\DBGHELP.DLL
0x00007ffcebad0000 - 0x00007ffcebe63000 	C:\Windows\System32\combase.dll
0x00007ffcea250000 - 0x00007ffcea327000 	C:\Windows\System32\OLEAUT32.dll
0x00007ffce1670000 - 0x00007ffce16a2000 	C:\Windows\SYSTEM32\dbgcore.DLL
0x00007ffce95c0000 - 0x00007ffce963b000 	C:\Windows\System32\bcryptPrimitives.dll
0x00007ffcaf6c0000 - 0x00007ffcaf6ce000 	C:\Program Files\Microsoft\jdk-17.0.13.11-hotspot\bin\instrument.dll
0x00007ffc75120000 - 0x00007ffc75145000 	C:\Program Files\Microsoft\jdk-17.0.13.11-hotspot\bin\java.dll
0x00007ffc747f0000 - 0x00007ffc748c7000 	C:\Program Files\Microsoft\jdk-17.0.13.11-hotspot\bin\jsvml.dll
0x00007ffceaf00000 - 0x00007ffceb79d000 	C:\Windows\System32\SHELL32.dll
0x00007ffce9c60000 - 0x00007ffce9d9f000 	C:\Windows\System32\wintypes.dll
0x00007ffce7480000 - 0x00007ffce7d9d000 	C:\Windows\SYSTEM32\windows.storage.dll
0x00007ffceb7c0000 - 0x00007ffceb8cb000 	C:\Windows\System32\SHCORE.dll
0x00007ffcea990000 - 0x00007ffcea9f6000 	C:\Windows\System32\shlwapi.dll
0x00007ffce9470000 - 0x00007ffce949b000 	C:\Windows\SYSTEM32\profapi.dll
0x00007ffc75100000 - 0x00007ffc75118000 	C:\Program Files\Microsoft\jdk-17.0.13.11-hotspot\bin\zip.dll
0x00007ffc747d0000 - 0x00007ffc747ea000 	C:\Program Files\Microsoft\jdk-17.0.13.11-hotspot\bin\net.dll
0x00007ffce4670000 - 0x00007ffce479c000 	C:\Windows\SYSTEM32\WINHTTP.dll
0x00007ffce8a00000 - 0x00007ffce8a6a000 	C:\Windows\system32\mswsock.dll
0x00007ffc747b0000 - 0x00007ffc747c6000 	C:\Program Files\Microsoft\jdk-17.0.13.11-hotspot\bin\nio.dll
0x00007ffcad240000 - 0x00007ffcad250000 	C:\Program Files\Microsoft\jdk-17.0.13.11-hotspot\bin\verify.dll
0x00007ffc828d0000 - 0x00007ffc828f7000 	C:\Users\laxman\.gradle\native\1def1411415f61bf3af743bc5b6707747c0891f09f0c88961ee8f79bc544acac\windows-amd64\native-platform.dll
0x00007ffc74730000 - 0x00007ffc747a8000 	C:\Users\laxman\.gradle\native\0.2.7\x86_64-windows-gnu\gradle-fileevents.dll
0x00007ffca6df0000 - 0x00007ffca6dfa000 	C:\Program Files\Microsoft\jdk-17.0.13.11-hotspot\bin\management.dll
0x00007ffca1d50000 - 0x00007ffca1d5b000 	C:\Program Files\Microsoft\jdk-17.0.13.11-hotspot\bin\management_ext.dll
0x00007ffcea4a0000 - 0x00007ffcea4a8000 	C:\Windows\System32\PSAPI.DLL
0x00007ffce8000000 - 0x00007ffce802d000 	C:\Windows\SYSTEM32\IPHLPAPI.DLL
0x00007ffcea490000 - 0x00007ffcea499000 	C:\Windows\System32\NSI.dll
0x00007ffce4610000 - 0x00007ffce4629000 	C:\Windows\SYSTEM32\dhcpcsvc6.DLL
0x00007ffce45f0000 - 0x00007ffce460f000 	C:\Windows\SYSTEM32\dhcpcsvc.DLL
0x00007ffce8070000 - 0x00007ffce8168000 	C:\Windows\SYSTEM32\DNSAPI.dll
0x00007ffca1b50000 - 0x00007ffca1b59000 	C:\Program Files\Microsoft\jdk-17.0.13.11-hotspot\bin\extnet.dll
0x00007ffce8c60000 - 0x00007ffce8c7b000 	C:\Windows\SYSTEM32\CRYPTSP.dll
0x00007ffce84e0000 - 0x00007ffce8517000 	C:\Windows\system32\rsaenh.dll
0x00007ffce8af0000 - 0x00007ffce8b18000 	C:\Windows\SYSTEM32\USERENV.dll
0x00007ffce8c50000 - 0x00007ffce8c5c000 	C:\Windows\SYSTEM32\CRYPTBASE.dll
0x00007ffca1a80000 - 0x00007ffca1a8e000 	C:\Program Files\Microsoft\jdk-17.0.13.11-hotspot\bin\sunmscapi.dll
0x00007ffce9670000 - 0x00007ffce97d7000 	C:\Windows\System32\CRYPT32.dll
0x00007ffce8e10000 - 0x00007ffce8e3d000 	C:\Windows\SYSTEM32\ncrypt.dll
0x00007ffce8dd0000 - 0x00007ffce8e07000 	C:\Windows\SYSTEM32\NTASN1.dll
0x00007ffcb54f0000 - 0x00007ffcb54f8000 	C:\Windows\system32\wshunix.dll
0x00007ffcdbe30000 - 0x00007ffcdbe3a000 	C:\Windows\System32\rasadhlp.dll
0x00007ffce1bc0000 - 0x00007ffce1c43000 	C:\Windows\System32\fwpuclnt.dll
0x00007ffc95a30000 - 0x00007ffc95a47000 	C:\Windows\system32\napinsp.dll
0x00007ffc95a10000 - 0x00007ffc95a2b000 	C:\Windows\system32\pnrpnsp.dll
0x00007ffc959f0000 - 0x00007ffc95a01000 	C:\Windows\System32\winrnr.dll
0x00007ffce4f20000 - 0x00007ffce4f3f000 	C:\Windows\system32\wshbth.dll
0x00007ffc96790000 - 0x00007ffc967b1000 	C:\Windows\system32\nlansp_c.dll
0x00007ffce8690000 - 0x00007ffce86c4000 	C:\Windows\SYSTEM32\ntmarta.dll
0x00007ffce1d20000 - 0x00007ffce1d27000 	C:\Program Files\Microsoft\jdk-17.0.13.11-hotspot\bin\rmi.dll

dbghelp: loaded successfully - version: 4.0.5 - missing functions: none
symbol engine: initialized successfully - sym options: 0x614 - pdb path: .;C:\Program Files\Microsoft\jdk-17.0.13.11-hotspot\bin;C:\Windows\SYSTEM32;C:\Windows\WinSxS\amd64_microsoft.windows.common-controls_6595b64144ccf1df_6.0.22621.5262_none_2712bde373830908;C:\Program Files\Microsoft\jdk-17.0.13.11-hotspot\bin\server;C:\Users\laxman\.gradle\native\1def1411415f61bf3af743bc5b6707747c0891f09f0c88961ee8f79bc544acac\windows-amd64;C:\Users\laxman\.gradle\native\0.2.7\x86_64-windows-gnu

VM Arguments:
jvm_args: --add-opens=java.base/java.lang=ALL-UNNAMED --add-opens=java.base/java.lang.invoke=ALL-UNNAMED --add-opens=java.base/java.util=ALL-UNNAMED --add-opens=java.prefs/java.util.prefs=ALL-UNNAMED --add-exports=jdk.compiler/com.sun.tools.javac.api=ALL-UNNAMED --add-exports=jdk.compiler/com.sun.tools.javac.util=ALL-UNNAMED --add-opens=java.base/java.util=ALL-UNNAMED --add-opens=java.prefs/java.util.prefs=ALL-UNNAMED --add-opens=java.base/java.nio.charset=ALL-UNNAMED --add-opens=java.base/java.net=ALL-UNNAMED --add-opens=java.base/java.util.concurrent.atomic=ALL-UNNAMED --add-opens=java.xml/javax.xml.namespace=ALL-UNNAMED -XX:MaxMetaspaceSize=1024m -Xmx4096m -Dfile.encoding=windows-1252 -Duser.country=IN -Duser.language=en -Duser.variant -javaagent:C:\Users\laxman\.gradle\wrapper\dists\gradle-8.13-bin\5xuhj0ry160q40clulazy9h7d\gradle-8.13\lib\agents\gradle-instrumentation-agent-8.13.jar 
java_command: org.gradle.launcher.daemon.bootstrap.GradleDaemon 8.13
java_class_path (initial): C:\Users\laxman\.gradle\wrapper\dists\gradle-8.13-bin\5xuhj0ry160q40clulazy9h7d\gradle-8.13\lib\gradle-daemon-main-8.13.jar
Launcher Type: SUN_STANDARD

[Global flags]
     intx CICompilerCount                          = 4                                         {product} {ergonomic}
   size_t CompressedClassSpaceSize                 = 872415232                                 {product} {ergonomic}
     uint ConcGCThreads                            = 3                                         {product} {ergonomic}
     uint G1ConcRefinementThreads                  = 10                                        {product} {ergonomic}
   size_t G1HeapRegionSize                         = 2097152                                   {product} {ergonomic}
    uintx GCDrainStackTargetSize                   = 64                                        {product} {ergonomic}
   size_t InitialHeapSize                          = 98566144                                  {product} {ergonomic}
   size_t MarkStackSize                            = 4194304                                   {product} {ergonomic}
   size_t MaxHeapSize                              = 4294967296                                {product} {command line}
   size_t MaxMetaspaceSize                         = 1073741824                                {product} {command line}
   size_t MaxNewSize                               = 2575302656                                {product} {ergonomic}
   size_t MinHeapDeltaBytes                        = 2097152                                   {product} {ergonomic}
   size_t MinHeapSize                              = 8388608                                   {product} {ergonomic}
    uintx NonNMethodCodeHeapSize                   = 5839372                                {pd product} {ergonomic}
    uintx NonProfiledCodeHeapSize                  = 122909434                              {pd product} {ergonomic}
    uintx ProfiledCodeHeapSize                     = 122909434                              {pd product} {ergonomic}
    uintx ReservedCodeCacheSize                    = 251658240                              {pd product} {ergonomic}
     bool SegmentedCodeCache                       = true                                      {product} {ergonomic}
   size_t SoftMaxHeapSize                          = 4294967296                             {manageable} {ergonomic}
     bool UseCompressedClassPointers               = true                           {product lp64_product} {ergonomic}
     bool UseCompressedOops                        = true                           {product lp64_product} {ergonomic}
     bool UseG1GC                                  = true                                      {product} {ergonomic}
     bool UseLargePagesIndividualAllocation        = false                                  {pd product} {ergonomic}

Logging:
Log output configuration:
 #0: stdout all=warning uptime,level,tags
 #1: stderr all=off uptime,level,tags

Environment Variables:
JAVA_HOME=C:\Program Files\Microsoft\jdk-17.0.13.11-hotspot
CLASSPATH=C:\InternshipTask\oxfan\android\\gradle\wrapper\gradle-wrapper.jar
PATH=C:\InternshipTask\oxfan\node_modules\.bin;C:\InternshipTask\node_modules\.bin;C:\node_modules\.bin;C:\Users\laxman\AppData\Roaming\npm\node_modules\npm\node_modules\@npmcli\run-script\lib\node-gyp-bin;C:\Users\laxman\bin;C:\Program Files\Git\mingw64\bin;C:\Program Files\Git\usr\local\bin;C:\Program Files\Git\usr\bin;C:\Program Files\Git\usr\bin;C:\Program Files\Git\mingw64\bin;C:\Program Files\Git\usr\bin;C:\Users\laxman\bin;C:\Windows\system32;C:\Windows;C:\Windows\System32\Wbem;C:\Windows\System32\WindowsPowerShell\v1.0;C:\Windows\System32\OpenSSH;C:\Program Files\Git\cmd;C:\ProgramData\chocolatey\bin;C:\Users\laxman\AppData\Local\Android\Sdk\platforms;C:\Users\laxman\AppData\Local\Android\Sdk;C:\Users\laxman\AppData\Local\Android\Sdk\platform-tools;C:\Users\laxman\AppData\Local\Android\Sdk\build-tools;C:\Users\laxman\AppData\Local\Android\Sdk\emulator;C:\Program Files\Microsoft\jdk-17.0.13.11-hotspot\bin;C:\Program Files\nodejs;C:\Users\laxman\AppData\Local\Android\Sdk\tools;C:\Users\laxman\AppData\Local\Microsoft\WindowsApps;C:\Users\laxman\AppData\Local\Programs\Microsoft VS Code\bin;C:\jdk-20\bin;C:\Users\laxman\AppData\Local\Android\Sdk;C:\Users\laxman\AppData\Local\Android\Sdk\platform-tools;C:\Users\laxman\AppData\Local\Android\Sdk\emulator;C:\Users\laxman\AppData\Local\Android\Sdk\build-tools;C:\Users\laxman\AppData\Local\Android\Sdk\platforms;C:\Program Files\Microsoft\jdk-17.0.13.11-hotspot\bin;C:\Users\laxman\AppData\Roaming\npm;C:\Users\laxman\AppData\Roaming\Code\User\globalStorage\github.copilot-chat\debugCommand;C:\Program Files\Git\usr\bin\vendor_perl;C:\Program Files\Git\usr\bin\core_perl
USERNAME=laxman
SHELL=C:\Program Files\Git\usr\bin\bash.exe
DISPLAY=needs-to-be-defined
LANG=en_US.UTF-8
TERM=xterm-256color
TMPDIR=C:\Users\laxman\AppData\Local\Temp
OS=Windows_NT
PROCESSOR_IDENTIFIER=AMD64 Family 23 Model 104 Stepping 1, AuthenticAMD
TMP=C:\Users\laxman\AppData\Local\Temp
TEMP=C:\Users\laxman\AppData\Local\Temp



Periodic native trim disabled


---------------  S Y S T E M  ---------------

OS:
 Windows 11 , 64 bit Build 22621 (10.0.22621.5262)
OS uptime: 0 days 12:14 hours

CPU: total 12 (initial active 12) (12 cores per cpu, 2 threads per core) family 23 model 104 stepping 1 microcode 0x0, cx8, cmov, fxsr, ht, mmx, 3dnowpref, sse, sse2, sse3, ssse3, sse4a, sse4.1, sse4.2, popcnt, lzcnt, tsc, tscinvbit, avx, avx2, aes, clmul, bmi1, bmi2, adx, sha, fma, vzeroupper, clflush, clflushopt
Processor Information for the first 12 processors :
  Max Mhz: 2100, Current Mhz: 2100, Mhz Limit: 2100

Memory: 4k page, system-wide physical 5989M (815M free)
TotalPageFile size 24421M (AvailPageFile size 1M)
current process WorkingSet (physical memory assigned to process): 423M, peak: 828M
current process commit charge ("private bytes"): 1762M, peak: 1766M

vm_info: OpenJDK 64-Bit Server VM (17.0.13+11-LTS) for windows-amd64 JRE (17.0.13+11-LTS), built on Oct 11 2024 23:25:05 by "MicrosoftCorporation" with unknown MS VC++:1939

END.
