#
# There is insufficient memory for the Java Runtime Environment to continue.
# Native memory allocation (mmap) failed to map 1235222528 bytes. Error detail: G1 virtual space
# Possible reasons:
#   The system is out of physical RAM or swap space
#   This process is running with CompressedOops enabled, and the Java Heap may be blocking the growth of the native heap
# Possible solutions:
#   Reduce memory load on the system
#   Increase physical memory or swap space
#   Check if swap backing store is full
#   Decrease Java heap size (-Xmx/-Xms)
#   Decrease number of Java threads
#   Decrease Java thread stack sizes (-Xss)
#   Set larger code cache with -XX:ReservedCodeCacheSize=
#   JVM is running with Zero Based Compressed Oops mode in which the Java heap is
#     placed in the first 32GB address space. The Java Heap base address is the
#     maximum limit for the native heap growth. Please use -XX:HeapBaseMinAddress
#     to set the Java Heap base and to place the Java Heap above 32GB virtual address.
# This output file may be truncated or incomplete.
#
#  Out of Memory Error (os_windows.cpp:3679), pid=18848, tid=7668
#
# JRE version: OpenJDK Runtime Environment Microsoft-10376486 (17.0.13+11) (build 17.0.13+11-LTS)
# Java VM: OpenJDK 64-Bit Server VM Microsoft-10376486 (17.0.13+11-LTS, mixed mode, sharing, tiered, compressed oops, compressed class ptrs, g1 gc, windows-amd64)
# No core dump will be written. Minidumps are not enabled by default on client versions of Windows
#

---------------  S U M M A R Y ------------

Command Line: --add-opens=java.base/java.lang=ALL-UNNAMED --add-opens=java.base/java.lang.invoke=ALL-UNNAMED --add-opens=java.base/java.util=ALL-UNNAMED --add-opens=java.prefs/java.util.prefs=ALL-UNNAMED --add-exports=jdk.compiler/com.sun.tools.javac.api=ALL-UNNAMED --add-exports=jdk.compiler/com.sun.tools.javac.util=ALL-UNNAMED --add-opens=java.base/java.util=ALL-UNNAMED --add-opens=java.prefs/java.util.prefs=ALL-UNNAMED --add-opens=java.base/java.nio.charset=ALL-UNNAMED --add-opens=java.base/java.net=ALL-UNNAMED --add-opens=java.base/java.util.concurrent.atomic=ALL-UNNAMED --add-opens=java.xml/javax.xml.namespace=ALL-UNNAMED -XX:MaxMetaspaceSize=1024m -Xmx4096m -Dfile.encoding=windows-1252 -Duser.country=IN -Duser.language=en -Duser.variant -javaagent:C:\Users\laxman\.gradle\wrapper\dists\gradle-8.13-bin\5xuhj0ry160q40clulazy9h7d\gradle-8.13\lib\agents\gradle-instrumentation-agent-8.13.jar org.gradle.launcher.daemon.bootstrap.GradleDaemon 8.13

Host: AMD Ryzen 5 5500U with Radeon Graphics         , 12 cores, 5G,  Windows 11 , 64 bit Build 22621 (10.0.22621.5262)
Time: Thu Jun 19 15:40:44 2025 India Standard Time elapsed time: 105.369134 seconds (0d 0h 1m 45s)

---------------  T H R E A D  ---------------

Current thread (0x0000029e7f4a32f0):  VMThread "VM Thread" [stack: 0x000000b693e00000,0x000000b693f00000] [id=7668]

Stack: [0x000000b693e00000,0x000000b693f00000]
Native frames: (J=compiled Java code, j=interpreted, Vv=VM code, C=native code)
V  [jvm.dll+0x687fc9]
V  [jvm.dll+0x83eeb8]
V  [jvm.dll+0x840963]
V  [jvm.dll+0x840fd3]
V  [jvm.dll+0x24951f]
V  [jvm.dll+0x684f89]
V  [jvm.dll+0x6794aa]
V  [jvm.dll+0x30ad27]
V  [jvm.dll+0x312296]
V  [jvm.dll+0x362bde]
V  [jvm.dll+0x362e1d]
V  [jvm.dll+0x2e1fbc]
V  [jvm.dll+0x2e0369]
V  [jvm.dll+0x2dfacc]
V  [jvm.dll+0x32267b]
V  [jvm.dll+0x84580d]
V  [jvm.dll+0x846543]
V  [jvm.dll+0x846a6f]
V  [jvm.dll+0x846e54]
V  [jvm.dll+0x846f1e]
V  [jvm.dll+0x7eea6c]
V  [jvm.dll+0x686ea7]
C  [ucrtbase.dll+0x29333]
C  [KERNEL32.DLL+0x1259d]
C  [ntdll.dll+0x5af58]

VM_Operation (0x000000b6991f9130): G1CollectForAllocation, mode: safepoint, requested by thread 0x0000029e5f9ca550


---------------  P R O C E S S  ---------------

Threads class SMR info:
_java_thread_list=0x0000029e66647bc0, length=218, elements={
0x0000029e7cb67480, 0x0000029e7f4a8540, 0x0000029e7f4aa270, 0x0000029e7f4c1a50,
0x0000029e7f4c2610, 0x0000029e7f4c31d0, 0x0000029e7f4c7bb0, 0x0000029e7f4c88a0,
0x0000029e7f4d9d00, 0x0000029e7f4da610, 0x0000029e20b4f470, 0x0000029e20bfc100,
0x0000029e5b92b9c0, 0x0000029e5bd093b0, 0x0000029e5bd633c0, 0x0000029e5bd9c030,
0x0000029e5bda1550, 0x0000029e5bdcc1f0, 0x0000029e5bdccc10, 0x0000029e5bdca390,
0x0000029e5bdcbce0, 0x0000029e5bdcc700, 0x0000029e5bdcd120, 0x0000029e5bdc9e80,
0x0000029e5bdca8a0, 0x0000029e5bdcd630, 0x0000029e5bdcadb0, 0x0000029e5bdcb7d0,
0x0000029e5d634350, 0x0000029e5d635790, 0x0000029e5d631ad0, 0x0000029e5d635280,
0x0000029e5d631fe0, 0x0000029e5d6324f0, 0x0000029e5d638520, 0x0000029e5d6366c0,
0x0000029e5d6370e0, 0x0000029e5d6375f0, 0x0000029e5d634860, 0x0000029e5d637b00,
0x0000029e5d632a00, 0x0000029e5d638f40, 0x0000029e5d639450, 0x0000029e5d632f10,
0x0000029e5d633420, 0x0000029e5d633930, 0x0000029e5f9c4f40, 0x0000029e5f9caa60,
0x0000029e5f9cbea0, 0x0000029e5f9c5e70, 0x0000029e5f9cb480, 0x0000029e5f9cb990,
0x0000029e5f9c6890, 0x0000029e5f9c7cd0, 0x0000029e5f9cc8c0, 0x0000029e5f9c6da0,
0x0000029e5f9c9110, 0x0000029e5f9ca040, 0x0000029e5f9c6380, 0x0000029e5f9c72b0,
0x0000029e5f9c5960, 0x0000029e5f9c8c00, 0x0000029e5f9c9620, 0x0000029e5f9caf70,
0x0000029e5f9c81e0, 0x0000029e5f9cc3b0, 0x0000029e5f9c5450, 0x0000029e5f9c77c0,
0x0000029e5f9c86f0, 0x0000029e5f9c9b30, 0x0000029e5f9ca550, 0x0000029e5f8ca620,
0x0000029e5f8cb040, 0x0000029e5f8c82b0, 0x0000029e5f8c6960, 0x0000029e5f8c6450,
0x0000029e5f8c7da0, 0x0000029e5f8ca110, 0x0000029e5f8c7380, 0x0000029e5f8c9c00,
0x0000029e5f8c8cd0, 0x0000029e5f8cb550, 0x0000029e5f8cbf70, 0x0000029e5f8cc480,
0x0000029e5f8c87c0, 0x0000029e5f8c6e70, 0x0000029e5f8c91e0, 0x0000029e5f8cd3b0,
0x0000029e5f8c5f40, 0x0000029e5f77ea80, 0x0000029e5f782230, 0x0000029e5f77e060,
0x0000029e5f784ab0, 0x0000029e5f784fc0, 0x0000029e5f77fec0, 0x0000029e5f782c50,
0x0000029e5f7859e0, 0x0000029e5f7854d0, 0x0000029e5f7803d0, 0x0000029e5f783670,
0x0000029e5f780df0, 0x0000029e5f77e570, 0x0000029e5f783160, 0x0000029e5f781300,
0x0000029e5f7808e0, 0x0000029e5f781810, 0x0000029e5f77ef90, 0x0000029e5f783b80,
0x0000029e5f782740, 0x0000029e5f781d20, 0x0000029e5f784090, 0x0000029e5f7845a0,
0x0000029e5f77f4a0, 0x0000029e5f77f9b0, 0x0000029e5a1a4f30, 0x0000029e5a1a4510,
0x0000029e5a1a21a0, 0x0000029e5a1a4a20, 0x0000029e5a1a26b0, 0x0000029e5a1a4000,
0x0000029e5a1a2bc0, 0x0000029e5a1a5440, 0x0000029e5a1a30d0, 0x0000029e5a1a72a0,
0x0000029e5a1a5950, 0x0000029e5a1a5e60, 0x0000029e5a1a35e0, 0x0000029e5a1a6d90,
0x0000029e5a1a6370, 0x0000029e5a1a6880, 0x0000029e5a1a77b0, 0x0000029e5a1a7cc0,
0x0000029e5a1a81d0, 0x0000029e5a1a86e0, 0x0000029e5a1a8bf0, 0x0000029e5a1a1780,
0x0000029e5a1a9100, 0x0000029e5a1a1c90, 0x0000029e5c4ad730, 0x0000029e5c4acd10,
0x0000029e5c4b04c0, 0x0000029e5c4ad220, 0x0000029e5c4b1900, 0x0000029e5c4ae150,
0x0000029e5c4adc40, 0x0000029e5c4afaa0, 0x0000029e5c4b09d0, 0x0000029e5c4b1e10,
0x0000029e5c4ae660, 0x0000029e5c4b2320, 0x0000029e5c4aeb70, 0x0000029e5c4b2830,
0x0000029e5c4af080, 0x0000029e5c4ac800, 0x0000029e5c4b13f0, 0x0000029e5c4ab3c0,
0x0000029e5c4aaeb0, 0x0000029e5c4ab8d0, 0x0000029e5c4abde0, 0x0000029e5c4af590,
0x0000029e5c4affb0, 0x0000029e5c4b0ee0, 0x0000029e5c4ac2f0, 0x0000029e5dd3f530,
0x0000029e5dd3b360, 0x0000029e5dd3eb10, 0x0000029e5dd39f20, 0x0000029e5dd3ae50,
0x0000029e5dd3d1c0, 0x0000029e5dd3d6d0, 0x0000029e5dd3ff50, 0x0000029e5dd3b870,
0x0000029e5dd3fa40, 0x0000029e5dd40460, 0x0000029e5dd40970, 0x0000029e5dd3e600,
0x0000029e5dd3a430, 0x0000029e5dd3c290, 0x0000029e5dd40e80, 0x0000029e5dd3f020,
0x0000029e5dd3bd80, 0x0000029e5dd39a10, 0x0000029e5dd3c7a0, 0x0000029e5dd3a940,
0x0000029e5dd3e0f0, 0x0000029e5d638a30, 0x0000029e5b003440, 0x0000029e5b004d90,
0x0000029e5b0057b0, 0x0000029e5b003950, 0x0000029e5b003e60, 0x0000029e5b004880,
0x0000029e5b0006b0, 0x0000029e5b0061d0, 0x0000029e5dd3dbe0, 0x0000029e5e67dd60,
0x0000029e5e67bf00, 0x0000029e5e67aac0, 0x0000029e5e67e780, 0x0000029e5e6800d0,
0x0000029e5e678c60, 0x0000029e5e6856e0, 0x0000029e5e6847b0, 0x0000029e5e687540,
0x0000029e5e681a20, 0x0000029e5e681000, 0x0000029e5c7985c0, 0x0000029e5e681f30,
0x0000029e5e6805e0, 0x0000029e5e685bf0, 0x0000029e5e683880, 0x0000029e5e683d90,
0x0000029e5e684cc0, 0x0000029e5e6842a0, 0x0000029e5e686610, 0x0000029e5e682950,
0x0000029e5e680af0, 0x0000029e67879ae0
}

Java Threads: ( => current thread )
  0x0000029e7cb67480 JavaThread "main" [_thread_blocked, id=7760, stack(0x000000b693800000,0x000000b693900000)]
  0x0000029e7f4a8540 JavaThread "Reference Handler" daemon [_thread_blocked, id=25640, stack(0x000000b693f00000,0x000000b694000000)]
  0x0000029e7f4aa270 JavaThread "Finalizer" daemon [_thread_blocked, id=17992, stack(0x000000b694000000,0x000000b694100000)]
  0x0000029e7f4c1a50 JavaThread "Signal Dispatcher" daemon [_thread_blocked, id=26360, stack(0x000000b694100000,0x000000b694200000)]
  0x0000029e7f4c2610 JavaThread "Attach Listener" daemon [_thread_blocked, id=17216, stack(0x000000b694200000,0x000000b694300000)]
  0x0000029e7f4c31d0 JavaThread "Service Thread" daemon [_thread_blocked, id=4340, stack(0x000000b694300000,0x000000b694400000)]
  0x0000029e7f4c7bb0 JavaThread "Monitor Deflation Thread" daemon [_thread_blocked, id=25844, stack(0x000000b694400000,0x000000b694500000)]
  0x0000029e7f4c88a0 JavaThread "C2 CompilerThread0" daemon [_thread_blocked, id=15492, stack(0x000000b694500000,0x000000b694600000)]
  0x0000029e7f4d9d00 JavaThread "C1 CompilerThread0" daemon [_thread_blocked, id=25524, stack(0x000000b694600000,0x000000b694700000)]
  0x0000029e7f4da610 JavaThread "Sweeper thread" daemon [_thread_blocked, id=11868, stack(0x000000b694700000,0x000000b694800000)]
  0x0000029e20b4f470 JavaThread "Common-Cleaner" daemon [_thread_blocked, id=23812, stack(0x000000b694800000,0x000000b694900000)]
  0x0000029e20bfc100 JavaThread "Notification Thread" daemon [_thread_blocked, id=25624, stack(0x000000b694900000,0x000000b694a00000)]
  0x0000029e5b92b9c0 JavaThread "Daemon health stats" [_thread_blocked, id=14188, stack(0x000000b694c00000,0x000000b694d00000)]
  0x0000029e5bd093b0 JavaThread "Incoming local TCP Connector on port 62698" [_thread_in_native, id=12280, stack(0x000000b695100000,0x000000b695200000)]
  0x0000029e5bd633c0 JavaThread "Daemon periodic checks" [_thread_blocked, id=25800, stack(0x000000b695200000,0x000000b695300000)]
  0x0000029e5bd9c030 JavaThread "Daemon" [_thread_blocked, id=16896, stack(0x000000b695300000,0x000000b695400000)]
  0x0000029e5bda1550 JavaThread "Handler for socket connection from /127.0.0.1:62698 to /127.0.0.1:62699" [_thread_in_native, id=3400, stack(0x000000b695400000,0x000000b695500000)]
  0x0000029e5bdcc1f0 JavaThread "Cancel handler" [_thread_blocked, id=5088, stack(0x000000b695500000,0x000000b695600000)]
  0x0000029e5bdccc10 JavaThread "Daemon worker" [_thread_blocked, id=26424, stack(0x000000b695600000,0x000000b695700000)]
  0x0000029e5bdca390 JavaThread "Asynchronous log dispatcher for DefaultDaemonConnection: socket connection from /127.0.0.1:62698 to /127.0.0.1:62699" [_thread_blocked, id=11544, stack(0x000000b695700000,0x000000b695800000)]
  0x0000029e5bdcbce0 JavaThread "Stdin handler" [_thread_blocked, id=15740, stack(0x000000b695800000,0x000000b695900000)]
  0x0000029e5bdcc700 JavaThread "Daemon client event forwarder" [_thread_blocked, id=22168, stack(0x000000b695900000,0x000000b695a00000)]
  0x0000029e5bdcd120 JavaThread "Cache worker for journal cache (C:\Users\laxman\.gradle\caches\journal-1)" [_thread_blocked, id=17264, stack(0x000000b695f00000,0x000000b696000000)]
  0x0000029e5bdc9e80 JavaThread "File lock request listener" [_thread_in_native, id=4564, stack(0x000000b696000000,0x000000b696100000)]
  0x0000029e5bdca8a0 JavaThread "Cache worker for file hash cache (C:\Users\laxman\.gradle\caches\8.13\fileHashes)" [_thread_blocked, id=21680, stack(0x000000b696100000,0x000000b696200000)]
  0x0000029e5bdcd630 JavaThread "Cache worker for file hash cache (C:\InternshipTask\oxfan\android\.gradle\8.13\fileHashes)" [_thread_blocked, id=20604, stack(0x000000b696200000,0x000000b696300000)]
  0x0000029e5bdcadb0 JavaThread "Cache worker for Build Output Cleanup Cache (C:\InternshipTask\oxfan\android\.gradle\buildOutputCleanup)" [_thread_blocked, id=24624, stack(0x000000b696300000,0x000000b696400000)]
  0x0000029e5bdcb7d0 JavaThread "File watcher server" daemon [_thread_blocked, id=10900, stack(0x000000b696600000,0x000000b696700000)]
  0x0000029e5d634350 JavaThread "File watcher consumer" daemon [_thread_blocked, id=1712, stack(0x000000b696700000,0x000000b696800000)]
  0x0000029e5d635790 JavaThread "jar transforms" [_thread_blocked, id=15060, stack(0x000000b696800000,0x000000b696900000)]
  0x0000029e5d631ad0 JavaThread "Cache worker for checksums cache (C:\InternshipTask\oxfan\android\.gradle\8.13\checksums)" [_thread_blocked, id=21080, stack(0x000000b696900000,0x000000b696a00000)]
  0x0000029e5d635280 JavaThread "Cache worker for file content cache (C:\Users\laxman\.gradle\caches\8.13\fileContent)" [_thread_blocked, id=26536, stack(0x000000b696a00000,0x000000b696b00000)]
  0x0000029e5d631fe0 JavaThread "Cache worker for cache directory md-supplier (C:\Users\laxman\.gradle\caches\8.13\md-supplier)" [_thread_blocked, id=25252, stack(0x000000b696b00000,0x000000b696c00000)]
  0x0000029e5d6324f0 JavaThread "Cache worker for cache directory md-rule (C:\Users\laxman\.gradle\caches\8.13\md-rule)" [_thread_blocked, id=11748, stack(0x000000b696c00000,0x000000b696d00000)]
  0x0000029e5d638520 JavaThread "Cache worker for Build Output Cleanup Cache (C:\InternshipTask\oxfan\node_modules\@react-native\gradle-plugin\.gradle\buildOutputCleanup)" [_thread_blocked, id=18792, stack(0x000000b696d00000,0x000000b696e00000)]
  0x0000029e5d6366c0 JavaThread "Unconstrained build operations" [_thread_blocked, id=13556, stack(0x000000b696e00000,0x000000b696f00000)]
  0x0000029e5d6370e0 JavaThread "Unconstrained build operations Thread 2" [_thread_blocked, id=23872, stack(0x000000b696f00000,0x000000b697000000)]
  0x0000029e5d6375f0 JavaThread "Unconstrained build operations Thread 3" [_thread_blocked, id=10936, stack(0x000000b697000000,0x000000b697100000)]
  0x0000029e5d634860 JavaThread "Unconstrained build operations Thread 4" [_thread_blocked, id=8372, stack(0x000000b697100000,0x000000b697200000)]
  0x0000029e5d637b00 JavaThread "Unconstrained build operations Thread 5" [_thread_blocked, id=6668, stack(0x000000b697200000,0x000000b697300000)]
  0x0000029e5d632a00 JavaThread "Unconstrained build operations Thread 6" [_thread_blocked, id=9952, stack(0x000000b697300000,0x000000b697400000)]
  0x0000029e5d638f40 JavaThread "Unconstrained build operations Thread 7" [_thread_blocked, id=18640, stack(0x000000b697400000,0x000000b697500000)]
  0x0000029e5d639450 JavaThread "Unconstrained build operations Thread 8" [_thread_blocked, id=4048, stack(0x000000b697500000,0x000000b697600000)]
  0x0000029e5d632f10 JavaThread "Unconstrained build operations Thread 9" [_thread_blocked, id=19064, stack(0x000000b697600000,0x000000b697700000)]
  0x0000029e5d633420 JavaThread "Unconstrained build operations Thread 10" [_thread_blocked, id=24204, stack(0x000000b697700000,0x000000b697800000)]
  0x0000029e5d633930 JavaThread "Unconstrained build operations Thread 11" [_thread_blocked, id=25756, stack(0x000000b697800000,0x000000b697900000)]
  0x0000029e5f9c4f40 JavaThread "Unconstrained build operations Thread 12" [_thread_blocked, id=20196, stack(0x000000b697900000,0x000000b697a00000)]
  0x0000029e5f9caa60 JavaThread "Unconstrained build operations Thread 13" [_thread_blocked, id=24568, stack(0x000000b697a00000,0x000000b697b00000)]
  0x0000029e5f9cbea0 JavaThread "Unconstrained build operations Thread 14" [_thread_blocked, id=12068, stack(0x000000b697b00000,0x000000b697c00000)]
  0x0000029e5f9c5e70 JavaThread "Unconstrained build operations Thread 15" [_thread_blocked, id=8936, stack(0x000000b697c00000,0x000000b697d00000)]
  0x0000029e5f9cb480 JavaThread "Unconstrained build operations Thread 16" [_thread_blocked, id=23772, stack(0x000000b697d00000,0x000000b697e00000)]
  0x0000029e5f9cb990 JavaThread "Unconstrained build operations Thread 17" [_thread_blocked, id=10708, stack(0x000000b697e00000,0x000000b697f00000)]
  0x0000029e5f9c6890 JavaThread "Unconstrained build operations Thread 18" [_thread_blocked, id=16468, stack(0x000000b697f00000,0x000000b698000000)]
  0x0000029e5f9c7cd0 JavaThread "Unconstrained build operations Thread 19" [_thread_blocked, id=17296, stack(0x000000b698000000,0x000000b698100000)]
  0x0000029e5f9cc8c0 JavaThread "Unconstrained build operations Thread 20" [_thread_blocked, id=14220, stack(0x000000b698100000,0x000000b698200000)]
  0x0000029e5f9c6da0 JavaThread "Unconstrained build operations Thread 21" [_thread_blocked, id=18112, stack(0x000000b698200000,0x000000b698300000)]
  0x0000029e5f9c9110 JavaThread "Unconstrained build operations Thread 22" [_thread_blocked, id=16260, stack(0x000000b698300000,0x000000b698400000)]
  0x0000029e5f9ca040 JavaThread "Unconstrained build operations Thread 23" [_thread_blocked, id=23656, stack(0x000000b698400000,0x000000b698500000)]
  0x0000029e5f9c6380 JavaThread "Unconstrained build operations Thread 24" [_thread_blocked, id=17708, stack(0x000000b698500000,0x000000b698600000)]
  0x0000029e5f9c72b0 JavaThread "Unconstrained build operations Thread 25" [_thread_blocked, id=19460, stack(0x000000b698600000,0x000000b698700000)]
  0x0000029e5f9c5960 JavaThread "Unconstrained build operations Thread 26" [_thread_blocked, id=9196, stack(0x000000b698700000,0x000000b698800000)]
  0x0000029e5f9c8c00 JavaThread "Unconstrained build operations Thread 27" [_thread_blocked, id=22764, stack(0x000000b698800000,0x000000b698900000)]
  0x0000029e5f9c9620 JavaThread "Unconstrained build operations Thread 28" [_thread_blocked, id=13200, stack(0x000000b698900000,0x000000b698a00000)]
  0x0000029e5f9caf70 JavaThread "Unconstrained build operations Thread 29" [_thread_blocked, id=25540, stack(0x000000b698a00000,0x000000b698b00000)]
  0x0000029e5f9c81e0 JavaThread "Unconstrained build operations Thread 30" [_thread_blocked, id=22184, stack(0x000000b698b00000,0x000000b698c00000)]
  0x0000029e5f9cc3b0 JavaThread "Unconstrained build operations Thread 31" [_thread_blocked, id=4888, stack(0x000000b698c00000,0x000000b698d00000)]
  0x0000029e5f9c5450 JavaThread "Unconstrained build operations Thread 32" [_thread_blocked, id=16288, stack(0x000000b698d00000,0x000000b698e00000)]
  0x0000029e5f9c77c0 JavaThread "Unconstrained build operations Thread 33" [_thread_blocked, id=24384, stack(0x000000b698e00000,0x000000b698f00000)]
  0x0000029e5f9c86f0 JavaThread "Unconstrained build operations Thread 34" [_thread_blocked, id=18104, stack(0x000000b698f00000,0x000000b699000000)]
  0x0000029e5f9c9b30 JavaThread "Unconstrained build operations Thread 35" [_thread_blocked, id=12128, stack(0x000000b699000000,0x000000b699100000)]
  0x0000029e5f9ca550 JavaThread "Unconstrained build operations Thread 36" [_thread_blocked, id=14472, stack(0x000000b699100000,0x000000b699200000)]
  0x0000029e5f8ca620 JavaThread "Unconstrained build operations Thread 37" [_thread_blocked, id=3244, stack(0x000000b699200000,0x000000b699300000)]
  0x0000029e5f8cb040 JavaThread "Unconstrained build operations Thread 38" [_thread_blocked, id=10524, stack(0x000000b699300000,0x000000b699400000)]
  0x0000029e5f8c82b0 JavaThread "Unconstrained build operations Thread 39" [_thread_blocked, id=5300, stack(0x000000b699400000,0x000000b699500000)]
  0x0000029e5f8c6960 JavaThread "build event listener" [_thread_blocked, id=19088, stack(0x000000b699500000,0x000000b699600000)]
  0x0000029e5f8c6450 JavaThread "Memory manager" [_thread_blocked, id=23884, stack(0x000000b694b00000,0x000000b694c00000)]
  0x0000029e5f8c7da0 JavaThread "ForkJoinPool.commonPool-worker-1" daemon [_thread_blocked, id=23460, stack(0x000000b699700000,0x000000b699800000)]
  0x0000029e5f8ca110 JavaThread "ForkJoinPool.commonPool-worker-2" daemon [_thread_blocked, id=26092, stack(0x000000b699800000,0x000000b699900000)]
  0x0000029e5f8c7380 JavaThread "ForkJoinPool.commonPool-worker-3" daemon [_thread_blocked, id=20004, stack(0x000000b699900000,0x000000b699a00000)]
  0x0000029e5f8c9c00 JavaThread "ForkJoinPool.commonPool-worker-4" daemon [_thread_blocked, id=13804, stack(0x000000b699a00000,0x000000b699b00000)]
  0x0000029e5f8c8cd0 JavaThread "ForkJoinPool.commonPool-worker-5" daemon [_thread_blocked, id=14076, stack(0x000000b699b00000,0x000000b699c00000)]
  0x0000029e5f8cb550 JavaThread "ForkJoinPool.commonPool-worker-6" daemon [_thread_blocked, id=25788, stack(0x000000b699c00000,0x000000b699d00000)]
  0x0000029e5f8cbf70 JavaThread "ForkJoinPool.commonPool-worker-7" daemon [_thread_blocked, id=5332, stack(0x000000b699d00000,0x000000b699e00000)]
  0x0000029e5f8cc480 JavaThread "ForkJoinPool.commonPool-worker-8" daemon [_thread_blocked, id=26292, stack(0x000000b699e00000,0x000000b699f00000)]
  0x0000029e5f8c87c0 JavaThread "ForkJoinPool.commonPool-worker-9" daemon [_thread_blocked, id=24388, stack(0x000000b699f00000,0x000000b69a000000)]
  0x0000029e5f8c6e70 JavaThread "ForkJoinPool.commonPool-worker-10" daemon [_thread_blocked, id=26348, stack(0x000000b69a000000,0x000000b69a100000)]
  0x0000029e5f8c91e0 JavaThread "ForkJoinPool.commonPool-worker-11" daemon [_thread_blocked, id=24768, stack(0x000000b69a100000,0x000000b69a200000)]
  0x0000029e5f8cd3b0 JavaThread "included builds" [_thread_blocked, id=4608, stack(0x000000b69a500000,0x000000b69a600000)]
  0x0000029e5f8c5f40 JavaThread "Execution worker" [_thread_blocked, id=17924, stack(0x000000b69a600000,0x000000b69a700000)]
  0x0000029e5f77ea80 JavaThread "Execution worker Thread 2" [_thread_blocked, id=9608, stack(0x000000b69a700000,0x000000b69a800000)]
  0x0000029e5f782230 JavaThread "Execution worker Thread 3" [_thread_blocked, id=14624, stack(0x000000b69a800000,0x000000b69a900000)]
  0x0000029e5f77e060 JavaThread "Execution worker Thread 4" [_thread_blocked, id=13892, stack(0x000000b69a900000,0x000000b69aa00000)]
  0x0000029e5f784ab0 JavaThread "Execution worker Thread 5" [_thread_blocked, id=17272, stack(0x000000b69aa00000,0x000000b69ab00000)]
  0x0000029e5f784fc0 JavaThread "Execution worker Thread 6" [_thread_blocked, id=15096, stack(0x000000b69ab00000,0x000000b69ac00000)]
  0x0000029e5f77fec0 JavaThread "Execution worker Thread 7" [_thread_blocked, id=2964, stack(0x000000b69ac00000,0x000000b69ad00000)]
  0x0000029e5f782c50 JavaThread "Execution worker Thread 8" [_thread_blocked, id=23152, stack(0x000000b69ad00000,0x000000b69ae00000)]
  0x0000029e5f7859e0 JavaThread "Execution worker Thread 9" [_thread_blocked, id=19716, stack(0x000000b69ae00000,0x000000b69af00000)]
  0x0000029e5f7854d0 JavaThread "Execution worker Thread 10" [_thread_blocked, id=11420, stack(0x000000b69af00000,0x000000b69b000000)]
  0x0000029e5f7803d0 JavaThread "Execution worker Thread 11" [_thread_blocked, id=17152, stack(0x000000b69b000000,0x000000b69b100000)]
  0x0000029e5f783670 JavaThread "Cache worker for execution history cache (C:\InternshipTask\oxfan\node_modules\@react-native\gradle-plugin\.gradle\8.13\executionHistory)" [_thread_blocked, id=10348, stack(0x000000b69b100000,0x000000b69b200000)]
  0x0000029e5f780df0 JavaThread "Unconstrained build operations Thread 40" [_thread_blocked, id=22712, stack(0x000000b69b200000,0x000000b69b300000)]
  0x0000029e5f77e570 JavaThread "Unconstrained build operations Thread 41" [_thread_blocked, id=15712, stack(0x000000b69b300000,0x000000b69b400000)]
  0x0000029e5f783160 JavaThread "Unconstrained build operations Thread 42" [_thread_blocked, id=25896, stack(0x000000b69b400000,0x000000b69b500000)]
  0x0000029e5f781300 JavaThread "Unconstrained build operations Thread 43" [_thread_blocked, id=11624, stack(0x000000b69b500000,0x000000b69b600000)]
  0x0000029e5f7808e0 JavaThread "Unconstrained build operations Thread 44" [_thread_blocked, id=17644, stack(0x000000b69b600000,0x000000b69b700000)]
  0x0000029e5f781810 JavaThread "Unconstrained build operations Thread 45" [_thread_blocked, id=25080, stack(0x000000b69b700000,0x000000b69b800000)]
  0x0000029e5f77ef90 JavaThread "Unconstrained build operations Thread 46" [_thread_blocked, id=22156, stack(0x000000b69b800000,0x000000b69b900000)]
  0x0000029e5f783b80 JavaThread "Unconstrained build operations Thread 47" [_thread_blocked, id=22204, stack(0x000000b69b900000,0x000000b69ba00000)]
  0x0000029e5f782740 JavaThread "Unconstrained build operations Thread 48" [_thread_blocked, id=2248, stack(0x000000b69ba00000,0x000000b69bb00000)]
  0x0000029e5f781d20 JavaThread "Unconstrained build operations Thread 49" [_thread_blocked, id=9696, stack(0x000000b69bb00000,0x000000b69bc00000)]
  0x0000029e5f784090 JavaThread "Unconstrained build operations Thread 50" [_thread_blocked, id=15980, stack(0x000000b69bc00000,0x000000b69bd00000)]
  0x0000029e5f7845a0 JavaThread "Unconstrained build operations Thread 51" [_thread_blocked, id=13532, stack(0x000000b69bd00000,0x000000b69be00000)]
  0x0000029e5f77f4a0 JavaThread "Unconstrained build operations Thread 52" [_thread_blocked, id=14912, stack(0x000000b69be00000,0x000000b69bf00000)]
  0x0000029e5f77f9b0 JavaThread "Unconstrained build operations Thread 53" [_thread_blocked, id=12916, stack(0x000000b69bf00000,0x000000b69c000000)]
  0x0000029e5a1a4f30 JavaThread "Unconstrained build operations Thread 54" [_thread_blocked, id=2528, stack(0x000000b69c000000,0x000000b69c100000)]
  0x0000029e5a1a4510 JavaThread "Unconstrained build operations Thread 55" [_thread_blocked, id=21840, stack(0x000000b69c100000,0x000000b69c200000)]
  0x0000029e5a1a21a0 JavaThread "Unconstrained build operations Thread 56" [_thread_blocked, id=19484, stack(0x000000b69c200000,0x000000b69c300000)]
  0x0000029e5a1a4a20 JavaThread "Unconstrained build operations Thread 57" [_thread_blocked, id=23448, stack(0x000000b69c300000,0x000000b69c400000)]
  0x0000029e5a1a26b0 JavaThread "Unconstrained build operations Thread 58" [_thread_blocked, id=8780, stack(0x000000b69c400000,0x000000b69c500000)]
  0x0000029e5a1a4000 JavaThread "Unconstrained build operations Thread 59" [_thread_blocked, id=12208, stack(0x000000b69c500000,0x000000b69c600000)]
  0x0000029e5a1a2bc0 JavaThread "Unconstrained build operations Thread 60" [_thread_blocked, id=25148, stack(0x000000b69c600000,0x000000b69c700000)]
  0x0000029e5a1a5440 JavaThread "Unconstrained build operations Thread 61" [_thread_blocked, id=4084, stack(0x000000b69c700000,0x000000b69c800000)]
  0x0000029e5a1a30d0 JavaThread "Unconstrained build operations Thread 62" [_thread_blocked, id=25208, stack(0x000000b69c800000,0x000000b69c900000)]
  0x0000029e5a1a72a0 JavaThread "Unconstrained build operations Thread 63" [_thread_blocked, id=23180, stack(0x000000b69c900000,0x000000b69ca00000)]
  0x0000029e5a1a5950 JavaThread "Unconstrained build operations Thread 64" [_thread_blocked, id=24876, stack(0x000000b69ca00000,0x000000b69cb00000)]
  0x0000029e5a1a5e60 JavaThread "Unconstrained build operations Thread 65" [_thread_blocked, id=26164, stack(0x000000b69cb00000,0x000000b69cc00000)]
  0x0000029e5a1a35e0 JavaThread "Unconstrained build operations Thread 66" [_thread_blocked, id=25740, stack(0x000000b69cc00000,0x000000b69cd00000)]
  0x0000029e5a1a6d90 JavaThread "Unconstrained build operations Thread 67" [_thread_blocked, id=5236, stack(0x000000b69cd00000,0x000000b69ce00000)]
  0x0000029e5a1a6370 JavaThread "Unconstrained build operations Thread 68" [_thread_blocked, id=20500, stack(0x000000b69ce00000,0x000000b69cf00000)]
  0x0000029e5a1a6880 JavaThread "Unconstrained build operations Thread 69" [_thread_blocked, id=24940, stack(0x000000b69cf00000,0x000000b69d000000)]
  0x0000029e5a1a77b0 JavaThread "Unconstrained build operations Thread 70" [_thread_blocked, id=13708, stack(0x000000b69d000000,0x000000b69d100000)]
  0x0000029e5a1a7cc0 JavaThread "Unconstrained build operations Thread 71" [_thread_blocked, id=17380, stack(0x000000b69d100000,0x000000b69d200000)]
  0x0000029e5a1a81d0 JavaThread "Unconstrained build operations Thread 72" [_thread_blocked, id=20752, stack(0x000000b69d200000,0x000000b69d300000)]
  0x0000029e5a1a86e0 JavaThread "Unconstrained build operations Thread 73" [_thread_blocked, id=16096, stack(0x000000b69d300000,0x000000b69d400000)]
  0x0000029e5a1a8bf0 JavaThread "Unconstrained build operations Thread 74" [_thread_blocked, id=9840, stack(0x000000b69d400000,0x000000b69d500000)]
  0x0000029e5a1a1780 JavaThread "Unconstrained build operations Thread 75" [_thread_blocked, id=16524, stack(0x000000b69d500000,0x000000b69d600000)]
  0x0000029e5a1a9100 JavaThread "Unconstrained build operations Thread 76" [_thread_blocked, id=22008, stack(0x000000b69d600000,0x000000b69d700000)]
  0x0000029e5a1a1c90 JavaThread "Unconstrained build operations Thread 77" [_thread_blocked, id=3992, stack(0x000000b69d700000,0x000000b69d800000)]
  0x0000029e5c4ad730 JavaThread "Unconstrained build operations Thread 78" [_thread_blocked, id=24832, stack(0x000000b69d800000,0x000000b69d900000)]
  0x0000029e5c4acd10 JavaThread "Unconstrained build operations Thread 79" [_thread_blocked, id=24812, stack(0x000000b69d900000,0x000000b69da00000)]
  0x0000029e5c4b04c0 JavaThread "Unconstrained build operations Thread 80" [_thread_blocked, id=9368, stack(0x000000b69da00000,0x000000b69db00000)]
  0x0000029e5c4ad220 JavaThread "Unconstrained build operations Thread 81" [_thread_blocked, id=3800, stack(0x000000b69db00000,0x000000b69dc00000)]
  0x0000029e5c4b1900 JavaThread "Unconstrained build operations Thread 82" [_thread_blocked, id=26128, stack(0x000000b69dc00000,0x000000b69dd00000)]
  0x0000029e5c4ae150 JavaThread "Unconstrained build operations Thread 83" [_thread_blocked, id=7368, stack(0x000000b69dd00000,0x000000b69de00000)]
  0x0000029e5c4adc40 JavaThread "Unconstrained build operations Thread 84" [_thread_blocked, id=25672, stack(0x000000b69de00000,0x000000b69df00000)]
  0x0000029e5c4afaa0 JavaThread "Unconstrained build operations Thread 85" [_thread_blocked, id=25388, stack(0x000000b69df00000,0x000000b69e000000)]
  0x0000029e5c4b09d0 JavaThread "Unconstrained build operations Thread 86" [_thread_blocked, id=19764, stack(0x000000b69e000000,0x000000b69e100000)]
  0x0000029e5c4b1e10 JavaThread "Unconstrained build operations Thread 87" [_thread_blocked, id=8528, stack(0x000000b69e100000,0x000000b69e200000)]
  0x0000029e5c4ae660 JavaThread "Unconstrained build operations Thread 88" [_thread_blocked, id=10808, stack(0x000000b69e200000,0x000000b69e300000)]
  0x0000029e5c4b2320 JavaThread "Unconstrained build operations Thread 89" [_thread_blocked, id=2736, stack(0x000000b69e300000,0x000000b69e400000)]
  0x0000029e5c4aeb70 JavaThread "Unconstrained build operations Thread 90" [_thread_blocked, id=18968, stack(0x000000b69e400000,0x000000b69e500000)]
  0x0000029e5c4b2830 JavaThread "Unconstrained build operations Thread 91" [_thread_blocked, id=26376, stack(0x000000b69e500000,0x000000b69e600000)]
  0x0000029e5c4af080 JavaThread "Unconstrained build operations Thread 92" [_thread_blocked, id=16644, stack(0x000000b69e600000,0x000000b69e700000)]
  0x0000029e5c4ac800 JavaThread "Unconstrained build operations Thread 93" [_thread_blocked, id=20880, stack(0x000000b69e700000,0x000000b69e800000)]
  0x0000029e5c4b13f0 JavaThread "Unconstrained build operations Thread 94" [_thread_blocked, id=23788, stack(0x000000b69e800000,0x000000b69e900000)]
  0x0000029e5c4ab3c0 JavaThread "Unconstrained build operations Thread 95" [_thread_blocked, id=22924, stack(0x000000b69e900000,0x000000b69ea00000)]
  0x0000029e5c4aaeb0 JavaThread "Unconstrained build operations Thread 96" [_thread_blocked, id=26240, stack(0x000000b69ea00000,0x000000b69eb00000)]
  0x0000029e5c4ab8d0 JavaThread "Unconstrained build operations Thread 97" [_thread_blocked, id=15260, stack(0x000000b69eb00000,0x000000b69ec00000)]
  0x0000029e5c4abde0 JavaThread "Unconstrained build operations Thread 98" [_thread_blocked, id=25424, stack(0x000000b69ec00000,0x000000b69ed00000)]
  0x0000029e5c4af590 JavaThread "Unconstrained build operations Thread 99" [_thread_blocked, id=16932, stack(0x000000b69ed00000,0x000000b69ee00000)]
  0x0000029e5c4affb0 JavaThread "Unconstrained build operations Thread 100" [_thread_blocked, id=21104, stack(0x000000b69ee00000,0x000000b69ef00000)]
  0x0000029e5c4b0ee0 JavaThread "Unconstrained build operations Thread 101" [_thread_blocked, id=19036, stack(0x000000b69ef00000,0x000000b69f000000)]
  0x0000029e5c4ac2f0 JavaThread "Unconstrained build operations Thread 102" [_thread_blocked, id=14236, stack(0x000000b69f000000,0x000000b69f100000)]
  0x0000029e5dd3f530 JavaThread "Unconstrained build operations Thread 103" [_thread_blocked, id=24680, stack(0x000000b69f100000,0x000000b69f200000)]
  0x0000029e5dd3b360 JavaThread "Unconstrained build operations Thread 104" [_thread_blocked, id=25560, stack(0x000000b69f200000,0x000000b69f300000)]
  0x0000029e5dd3eb10 JavaThread "Unconstrained build operations Thread 105" [_thread_blocked, id=25696, stack(0x000000b69f300000,0x000000b69f400000)]
  0x0000029e5dd39f20 JavaThread "Unconstrained build operations Thread 106" [_thread_blocked, id=9684, stack(0x000000b69f400000,0x000000b69f500000)]
  0x0000029e5dd3ae50 JavaThread "Unconstrained build operations Thread 107" [_thread_blocked, id=26600, stack(0x000000b69f500000,0x000000b69f600000)]
  0x0000029e5dd3d1c0 JavaThread "Unconstrained build operations Thread 108" [_thread_blocked, id=12564, stack(0x000000b69f600000,0x000000b69f700000)]
  0x0000029e5dd3d6d0 JavaThread "Unconstrained build operations Thread 109" [_thread_blocked, id=25096, stack(0x000000b69f700000,0x000000b69f800000)]
  0x0000029e5dd3ff50 JavaThread "Unconstrained build operations Thread 110" [_thread_blocked, id=1808, stack(0x000000b69f800000,0x000000b69f900000)]
  0x0000029e5dd3b870 JavaThread "jar transforms Thread 2" [_thread_blocked, id=22412, stack(0x000000b69f900000,0x000000b69fa00000)]
  0x0000029e5dd3fa40 JavaThread "jar transforms Thread 3" [_thread_blocked, id=25432, stack(0x000000b69fa00000,0x000000b69fb00000)]
  0x0000029e5dd40460 JavaThread "Unconstrained build operations Thread 111" [_thread_blocked, id=14448, stack(0x000000b69fb00000,0x000000b69fc00000)]
  0x0000029e5dd40970 JavaThread "Unconstrained build operations Thread 112" [_thread_blocked, id=11284, stack(0x000000b69fc00000,0x000000b69fd00000)]
  0x0000029e5dd3e600 JavaThread "Unconstrained build operations Thread 113" [_thread_blocked, id=22436, stack(0x000000b69fd00000,0x000000b69fe00000)]
  0x0000029e5dd3a430 JavaThread "Unconstrained build operations Thread 114" [_thread_blocked, id=23128, stack(0x000000b69fe00000,0x000000b69ff00000)]
  0x0000029e5dd3c290 JavaThread "Unconstrained build operations Thread 115" [_thread_blocked, id=13240, stack(0x000000b69ff00000,0x000000b6a0000000)]
  0x0000029e5dd40e80 JavaThread "Unconstrained build operations Thread 116" [_thread_blocked, id=17232, stack(0x000000b6a0000000,0x000000b6a0100000)]
  0x0000029e5dd3f020 JavaThread "Unconstrained build operations Thread 117" [_thread_blocked, id=11728, stack(0x000000b6a0100000,0x000000b6a0200000)]
  0x0000029e5dd3bd80 JavaThread "Unconstrained build operations Thread 118" [_thread_blocked, id=20924, stack(0x000000b6a0200000,0x000000b6a0300000)]
  0x0000029e5dd39a10 JavaThread "Unconstrained build operations Thread 119" [_thread_blocked, id=26016, stack(0x000000b6a0300000,0x000000b6a0400000)]
  0x0000029e5dd3c7a0 JavaThread "Unconstrained build operations Thread 120" [_thread_blocked, id=22992, stack(0x000000b6a0400000,0x000000b6a0500000)]
  0x0000029e5dd3a940 JavaThread "jar transforms Thread 4" [_thread_blocked, id=15080, stack(0x000000b6a0500000,0x000000b6a0600000)]
  0x0000029e5dd3e0f0 JavaThread "jar transforms Thread 5" [_thread_blocked, id=15056, stack(0x000000b6a0600000,0x000000b6a0700000)]
  0x0000029e5d638a30 JavaThread "jar transforms Thread 6" [_thread_blocked, id=19192, stack(0x000000b6a0700000,0x000000b6a0800000)]
  0x0000029e5b003440 JavaThread "Problems report writer" [_thread_blocked, id=12768, stack(0x000000b699600000,0x000000b699700000)]
  0x0000029e5b004d90 JavaThread "build event listener" [_thread_blocked, id=25932, stack(0x000000b6a0800000,0x000000b6a0900000)]
  0x0000029e5b0057b0 JavaThread "jar transforms Thread 7" [_thread_blocked, id=23696, stack(0x000000b6a0900000,0x000000b6a0a00000)]
  0x0000029e5b003950 JavaThread "jar transforms Thread 8" [_thread_blocked, id=25284, stack(0x000000b6a0a00000,0x000000b6a0b00000)]
  0x0000029e5b003e60 JavaThread "jar transforms Thread 9" [_thread_blocked, id=18780, stack(0x000000b6a0b00000,0x000000b6a0c00000)]
  0x0000029e5b004880 JavaThread "jar transforms Thread 10" [_thread_blocked, id=10696, stack(0x000000b6a0c00000,0x000000b6a0d00000)]
  0x0000029e5b0006b0 JavaThread "jar transforms Thread 11" [_thread_blocked, id=20252, stack(0x000000b6a0d00000,0x000000b6a0e00000)]
  0x0000029e5b0061d0 JavaThread "jar transforms Thread 12" [_thread_blocked, id=24152, stack(0x000000b6a0e00000,0x000000b6a0f00000)]
  0x0000029e5dd3dbe0 JavaThread "Exec process" [_thread_blocked, id=20532, stack(0x000000b6a1900000,0x000000b6a1a00000)]
  0x0000029e5e67dd60 JavaThread "pool-3-thread-1" [_thread_blocked, id=10352, stack(0x000000b6a1c00000,0x000000b6a1d00000)]
  0x0000029e5e67bf00 JavaThread "build event listener" [_thread_blocked, id=12096, stack(0x000000b6a1d00000,0x000000b6a1e00000)]
  0x0000029e5e67aac0 JavaThread "Cache worker for execution history cache (C:\InternshipTask\oxfan\android\.gradle\8.13\executionHistory)" [_thread_blocked, id=21968, stack(0x000000b6a1e00000,0x000000b6a1f00000)]
  0x0000029e5e67e780 JavaThread "WorkerExecutor Queue" [_thread_in_native, id=26120, stack(0x000000b6a2000000,0x000000b6a2100000)]
  0x0000029e5e6800d0 JavaThread "RMI Scheduler(0)" daemon [_thread_blocked, id=14592, stack(0x000000b6a1f00000,0x000000b6a2000000)]
  0x0000029e5e678c60 JavaThread "RMI RenewClean-[127.0.0.1:17087,org.jetbrains.kotlin.daemon.common.LoopbackNetworkInterface$ClientLoopbackSocketFactory@710dcfc2]" daemon [_thread_blocked, id=16004, stack(0x000000b6a2100000,0x000000b6a2200000)]
  0x0000029e5e6856e0 JavaThread "RMI GC Daemon" daemon [_thread_blocked, id=12908, stack(0x000000b6a2200000,0x000000b6a2300000)]
  0x0000029e5e6847b0 JavaThread "WorkerExecutor Queue Thread 2" [_thread_in_native, id=4712, stack(0x000000b6a2300000,0x000000b6a2400000)]
  0x0000029e5e687540 JavaThread "RMI TCP Accept-0" daemon [_thread_in_native, id=25396, stack(0x000000b6a2400000,0x000000b6a2500000)]
  0x0000029e5e681a20 JavaThread "RMI Reaper" [_thread_blocked, id=23784, stack(0x000000b6a2500000,0x000000b6a2600000)]
  0x0000029e5e681000 JavaThread "RMI RenewClean-[127.0.0.1:17087,org.jetbrains.kotlin.daemon.common.LoopbackNetworkInterface$ClientLoopbackSocketFactory@1ed603e4]" daemon [_thread_blocked, id=18736, stack(0x000000b6a2600000,0x000000b6a2700000)]
  0x0000029e5c7985c0 JavaThread "C2 CompilerThread1" daemon [_thread_blocked, id=20608, stack(0x000000b6a2700000,0x000000b6a2800000)]
  0x0000029e5e681f30 JavaThread "RMI TCP Connection(idle)" daemon [_thread_blocked, id=24488, stack(0x000000b6a2800000,0x000000b6a2900000)]
  0x0000029e5e6805e0 JavaThread "RMI TCP Connection(idle)" daemon [_thread_blocked, id=17372, stack(0x000000b6a2900000,0x000000b6a2a00000)]
  0x0000029e5e685bf0 JavaThread "WorkerExecutor Queue Thread 3" [_thread_in_native, id=24600, stack(0x000000b6a2a00000,0x000000b6a2b00000)]
  0x0000029e5e683880 JavaThread "RMI RenewClean-[127.0.0.1:17087,org.jetbrains.kotlin.daemon.common.LoopbackNetworkInterface$ClientLoopbackSocketFactory@7113fddc]" daemon [_thread_blocked, id=25584, stack(0x000000b6a2b00000,0x000000b6a2c00000)]
  0x0000029e5e683d90 JavaThread "RMI TCP Connection(idle)" daemon [_thread_blocked, id=9236, stack(0x000000b6a2c00000,0x000000b6a2d00000)]
  0x0000029e5e684cc0 JavaThread "WorkerExecutor Queue Thread 4" [_thread_in_native, id=18568, stack(0x000000b6a2d00000,0x000000b6a2e00000)]
  0x0000029e5e6842a0 JavaThread "RMI RenewClean-[127.0.0.1:17087,org.jetbrains.kotlin.daemon.common.LoopbackNetworkInterface$ClientLoopbackSocketFactory@32a1c27b]" daemon [_thread_blocked, id=22368, stack(0x000000b6a2e00000,0x000000b6a2f00000)]
  0x0000029e5e686610 JavaThread "RMI TCP Connection(idle)" daemon [_thread_blocked, id=26608, stack(0x000000b6a2f00000,0x000000b6a3000000)]
  0x0000029e5e682950 JavaThread "WorkerExecutor Queue Thread 5" [_thread_blocked, id=18224, stack(0x000000b6a3000000,0x000000b6a3100000)]
  0x0000029e5e680af0 JavaThread "WorkerExecutor Queue Thread 6" [_thread_blocked, id=25728, stack(0x000000b6a3100000,0x000000b6a3200000)]
  0x0000029e67879ae0 JavaThread "C2 CompilerThread2" daemon [_thread_blocked, id=15036, stack(0x000000b693500000,0x000000b693600000)]

Other Threads:
=>0x0000029e7f4a32f0 VMThread "VM Thread" [stack: 0x000000b693e00000,0x000000b693f00000] [id=7668]
  0x0000029e20ca1b10 WatcherThread [stack: 0x000000b694a00000,0x000000b694b00000] [id=11368]
  0x0000029e7cbd5980 GCTaskThread "GC Thread#0" [stack: 0x000000b693900000,0x000000b693a00000] [id=25908]
  0x0000029e5a129050 GCTaskThread "GC Thread#1" [stack: 0x000000b694d00000,0x000000b694e00000] [id=10956]
  0x0000029e20e44100 GCTaskThread "GC Thread#2" [stack: 0x000000b694e00000,0x000000b694f00000] [id=23844]
  0x0000029e5b2b27c0 GCTaskThread "GC Thread#3" [stack: 0x000000b694f00000,0x000000b695000000] [id=15252]
  0x0000029e5b7d0c50 GCTaskThread "GC Thread#4" [stack: 0x000000b695000000,0x000000b695100000] [id=16084]
  0x0000029e5bca4380 GCTaskThread "GC Thread#5" [stack: 0x000000b695a00000,0x000000b695b00000] [id=25636]
  0x0000029e5c11e2a0 GCTaskThread "GC Thread#6" [stack: 0x000000b695b00000,0x000000b695c00000] [id=25516]
  0x0000029e5c07f060 GCTaskThread "GC Thread#7" [stack: 0x000000b695c00000,0x000000b695d00000] [id=16780]
  0x0000029e5c0c3230 GCTaskThread "GC Thread#8" [stack: 0x000000b695d00000,0x000000b695e00000] [id=23368]
  0x0000029e5bf3d180 GCTaskThread "GC Thread#9" [stack: 0x000000b695e00000,0x000000b695f00000] [id=26136]
  0x0000029e7cbe7070 ConcurrentGCThread "G1 Main Marker" [stack: 0x000000b693a00000,0x000000b693b00000] [id=23136]
  0x0000029e7cbe7a90 ConcurrentGCThread "G1 Conc#0" [stack: 0x000000b693b00000,0x000000b693c00000] [id=17556]
  0x0000029e5c12c9e0 ConcurrentGCThread "G1 Conc#1" [stack: 0x000000b696400000,0x000000b696500000] [id=11788]
  0x0000029e5c12bee0 ConcurrentGCThread "G1 Conc#2" [stack: 0x000000b696500000,0x000000b696600000] [id=23392]
  0x0000029e7f35ae30 ConcurrentGCThread "G1 Refine#0" [stack: 0x000000b693c00000,0x000000b693d00000] [id=25428]
  0x0000029e5ec88450 ConcurrentGCThread "G1 Refine#1" [stack: 0x000000b6a0f00000,0x000000b6a1000000] [id=21348]
  0x0000029e6136ed50 ConcurrentGCThread "G1 Refine#2" [stack: 0x000000b6a1000000,0x000000b6a1100000] [id=1204]
  0x0000029e5ff865e0 ConcurrentGCThread "G1 Refine#3" [stack: 0x000000b6a1100000,0x000000b6a1200000] [id=4932]
  0x0000029e66559560 ConcurrentGCThread "G1 Refine#4" [stack: 0x000000b6a1200000,0x000000b6a1300000] [id=24104]
  0x0000029e5e5320c0 ConcurrentGCThread "G1 Refine#5" [stack: 0x000000b6a1300000,0x000000b6a1400000] [id=14732]
  0x0000029e5ebf93b0 ConcurrentGCThread "G1 Refine#6" [stack: 0x000000b6a1400000,0x000000b6a1500000] [id=12584]
  0x0000029e5e5466d0 ConcurrentGCThread "G1 Refine#7" [stack: 0x000000b6a1500000,0x000000b6a1600000] [id=9772]
  0x0000029e5d74fc20 ConcurrentGCThread "G1 Refine#8" [stack: 0x000000b6a1600000,0x000000b6a1700000] [id=6540]
  0x0000029e7f35b670 ConcurrentGCThread "G1 Service" [stack: 0x000000b693d00000,0x000000b693e00000] [id=3924]

Threads with active compile tasks:
C2 CompilerThread0   120020 29553 %     4       com.android.tools.r8.internal.bR::a @ 78 (975 bytes)
C2 CompilerThread1   120020 29505       4       com.android.tools.r8.internal.bR::a (3153 bytes)
C2 CompilerThread2   120020 29374 %     4       com.android.tools.r8.internal.fn::b @ 695 (3613 bytes)

VM state: at safepoint (normal execution)

VM Mutex/Monitor currently owned by a thread:  ([mutex/lock_event])
[0x0000029e7cb64170] Threads_lock - owner thread: 0x0000029e7f4a32f0
[0x0000029e7cb63e10] Heap_lock - owner thread: 0x0000029e5f9ca550

Heap address: 0x0000000700000000, size: 4096 MB, Compressed Oops mode: Zero based, Oop shift amount: 3

CDS archive(s) mapped at: [0x0000029e21000000-0x0000029e21bb0000-0x0000029e21bb0000), size 12255232, SharedBaseAddress: 0x0000029e21000000, ArchiveRelocationMode: 1.
Compressed class space mapped at: 0x0000029e22000000-0x0000029e56000000, reserved size: 872415232
Narrow klass base: 0x0000029e21000000, Narrow klass shift: 0, Narrow klass range: 0x100000000

GC Precious Log:
 CPUs: 12 total, 12 available
 Memory: 5989M
 Large Page Support: Disabled
 NUMA Support: Disabled
 Compressed Oops: Enabled (Zero based)
 Heap Region Size: 2M
 Heap Min Capacity: 8M
 Heap Initial Capacity: 94M
 Heap Max Capacity: 4G
 Pre-touch: Disabled
 Parallel Workers: 10
 Concurrent Workers: 3
 Concurrent Refinement Workers: 10
 Periodic GC: Disabled

Heap:
 garbage-first heap   total 1179648K, used 398210K [0x0000000700000000, 0x0000000800000000)
  region size 2048K, 2 young (4096K), 2 survivors (4096K)
 Metaspace       used 148919K, committed 150784K, reserved 983040K
  class space    used 20754K, committed 21632K, reserved 851968K

Heap Regions: E=young(eden), S=young(survivor), O=old, HS=humongous(starts), HC=humongous(continues), CS=collection set, F=free, OA=open archive, CA=closed archive, TAMS=top-at-mark-start (previous, next)
|   0|0x0000000700000000, 0x0000000700200000, 0x0000000700200000|100%|HS|  |TAMS 0x0000000700200000, 0x0000000700000000| Complete 
|   1|0x0000000700200000, 0x0000000700400000, 0x0000000700400000|100%|HC|  |TAMS 0x0000000700400000, 0x0000000700200000| Complete 
|   2|0x0000000700400000, 0x0000000700600000, 0x0000000700600000|100%| O|  |TAMS 0x0000000700600000, 0x0000000700400000| Untracked 
|   3|0x0000000700600000, 0x0000000700800000, 0x0000000700800000|100%| O|  |TAMS 0x0000000700800000, 0x0000000700600000| Untracked 
|   4|0x0000000700800000, 0x0000000700a00000, 0x0000000700a00000|100%| O|  |TAMS 0x0000000700a00000, 0x0000000700800000| Untracked 
|   5|0x0000000700a00000, 0x0000000700c00000, 0x0000000700c00000|100%| O|  |TAMS 0x0000000700c00000, 0x0000000700a00000| Untracked 
|   6|0x0000000700c00000, 0x0000000700e00000, 0x0000000700e00000|100%| O|  |TAMS 0x0000000700e00000, 0x0000000700c00000| Untracked 
|   7|0x0000000700e00000, 0x0000000701000000, 0x0000000701000000|100%| O|  |TAMS 0x0000000701000000, 0x0000000700e00000| Untracked 
|   8|0x0000000701000000, 0x0000000701200000, 0x0000000701200000|100%| O|  |TAMS 0x0000000701200000, 0x0000000701000000| Untracked 
|   9|0x0000000701200000, 0x0000000701400000, 0x0000000701400000|100%| O|  |TAMS 0x0000000701400000, 0x0000000701200000| Untracked 
|  10|0x0000000701400000, 0x0000000701600000, 0x0000000701600000|100%| O|  |TAMS 0x0000000701600000, 0x0000000701400000| Untracked 
|  11|0x0000000701600000, 0x0000000701800000, 0x0000000701800000|100%| O|  |TAMS 0x0000000701800000, 0x0000000701600000| Untracked 
|  12|0x0000000701800000, 0x0000000701a00000, 0x0000000701a00000|100%| O|  |TAMS 0x0000000701a00000, 0x0000000701800000| Untracked 
|  13|0x0000000701a00000, 0x0000000701c00000, 0x0000000701c00000|100%| O|  |TAMS 0x0000000701c00000, 0x0000000701a00000| Untracked 
|  14|0x0000000701c00000, 0x0000000701e00000, 0x0000000701e00000|100%| O|  |TAMS 0x0000000701e00000, 0x0000000701c00000| Untracked 
|  15|0x0000000701e00000, 0x0000000702000000, 0x0000000702000000|100%| O|  |TAMS 0x0000000702000000, 0x0000000701e00000| Untracked 
|  16|0x0000000702000000, 0x0000000702200000, 0x0000000702200000|100%| O|  |TAMS 0x0000000702200000, 0x0000000702000000| Untracked 
|  17|0x0000000702200000, 0x0000000702400000, 0x0000000702400000|100%| O|  |TAMS 0x0000000702400000, 0x0000000702200000| Untracked 
|  18|0x0000000702400000, 0x0000000702600000, 0x0000000702600000|100%|HS|  |TAMS 0x0000000702600000, 0x0000000702400000| Complete 
|  19|0x0000000702600000, 0x0000000702800000, 0x0000000702800000|100%|HS|  |TAMS 0x0000000702800000, 0x0000000702600000| Complete 
|  20|0x0000000702800000, 0x0000000702a00000, 0x0000000702a00000|100%|HC|  |TAMS 0x0000000702a00000, 0x0000000702800000| Complete 
|  21|0x0000000702a00000, 0x0000000702c00000, 0x0000000702c00000|100%|HS|  |TAMS 0x0000000702c00000, 0x0000000702a00000| Complete 
|  22|0x0000000702c00000, 0x0000000702e00000, 0x0000000702e00000|100%| O|  |TAMS 0x0000000702e00000, 0x0000000702c00000| Untracked 
|  23|0x0000000702e00000, 0x0000000703000000, 0x0000000703000000|100%| O|  |TAMS 0x0000000703000000, 0x0000000702e00000| Untracked 
|  24|0x0000000703000000, 0x0000000703200000, 0x0000000703200000|100%| O|  |TAMS 0x0000000703200000, 0x0000000703000000| Untracked 
|  25|0x0000000703200000, 0x0000000703400000, 0x0000000703400000|100%|HS|  |TAMS 0x0000000703400000, 0x0000000703200000| Complete 
|  26|0x0000000703400000, 0x0000000703600000, 0x0000000703600000|100%| O|  |TAMS 0x0000000703600000, 0x0000000703400000| Untracked 
|  27|0x0000000703600000, 0x0000000703800000, 0x0000000703800000|100%| O|  |TAMS 0x0000000703800000, 0x0000000703600000| Untracked 
|  28|0x0000000703800000, 0x0000000703a00000, 0x0000000703a00000|100%|HS|  |TAMS 0x0000000703a00000, 0x0000000703800000| Complete 
|  29|0x0000000703a00000, 0x0000000703c00000, 0x0000000703c00000|100%|HC|  |TAMS 0x0000000703c00000, 0x0000000703a00000| Complete 
|  30|0x0000000703c00000, 0x0000000703e00000, 0x0000000703e00000|100%| O|  |TAMS 0x0000000703e00000, 0x0000000703c00000| Untracked 
|  31|0x0000000703e00000, 0x0000000704000000, 0x0000000704000000|100%| O|  |TAMS 0x0000000704000000, 0x0000000703e00000| Untracked 
|  32|0x0000000704000000, 0x0000000704200000, 0x0000000704200000|100%| O|  |TAMS 0x0000000704000000, 0x0000000704000000| Untracked 
|  33|0x0000000704200000, 0x0000000704400000, 0x0000000704400000|100%| O|  |TAMS 0x0000000704200000, 0x0000000704200000| Untracked 
|  34|0x0000000704400000, 0x0000000704600000, 0x0000000704600000|100%| O|  |TAMS 0x0000000704600000, 0x0000000704400000| Untracked 
|  35|0x0000000704600000, 0x0000000704800000, 0x0000000704800000|100%| O|  |TAMS 0x0000000704800000, 0x0000000704600000| Untracked 
|  36|0x0000000704800000, 0x0000000704a00000, 0x0000000704a00000|100%| O|  |TAMS 0x0000000704a00000, 0x0000000704800000| Untracked 
|  37|0x0000000704a00000, 0x0000000704c00000, 0x0000000704c00000|100%| O|  |TAMS 0x0000000704c00000, 0x0000000704a00000| Untracked 
|  38|0x0000000704c00000, 0x0000000704e00000, 0x0000000704e00000|100%| O|  |TAMS 0x0000000704e00000, 0x0000000704c00000| Untracked 
|  39|0x0000000704e00000, 0x0000000705000000, 0x0000000705000000|100%| O|  |TAMS 0x0000000705000000, 0x0000000704e00000| Untracked 
|  40|0x0000000705000000, 0x0000000705200000, 0x0000000705200000|100%| O|  |TAMS 0x0000000705200000, 0x0000000705000000| Untracked 
|  41|0x0000000705200000, 0x0000000705400000, 0x0000000705400000|100%| O|  |TAMS 0x0000000705400000, 0x0000000705200000| Untracked 
|  42|0x0000000705400000, 0x0000000705600000, 0x0000000705600000|100%|HS|  |TAMS 0x0000000705600000, 0x0000000705400000| Complete 
|  43|0x0000000705600000, 0x0000000705800000, 0x0000000705800000|100%| O|  |TAMS 0x0000000705800000, 0x0000000705600000| Untracked 
|  44|0x0000000705800000, 0x0000000705a00000, 0x0000000705a00000|100%| O|  |TAMS 0x0000000705a00000, 0x0000000705800000| Untracked 
|  45|0x0000000705a00000, 0x0000000705c00000, 0x0000000705c00000|100%| O|  |TAMS 0x0000000705c00000, 0x0000000705a00000| Untracked 
|  46|0x0000000705c00000, 0x0000000705e00000, 0x0000000705e00000|100%| O|  |TAMS 0x0000000705e00000, 0x0000000705c00000| Untracked 
|  47|0x0000000705e00000, 0x0000000706000000, 0x0000000706000000|100%| O|  |TAMS 0x0000000706000000, 0x0000000705e00000| Untracked 
|  48|0x0000000706000000, 0x0000000706200000, 0x0000000706200000|100%| O|  |TAMS 0x0000000706200000, 0x0000000706000000| Untracked 
|  49|0x0000000706200000, 0x0000000706400000, 0x0000000706400000|100%| O|  |TAMS 0x0000000706200000, 0x0000000706200000| Untracked 
|  50|0x0000000706400000, 0x0000000706600000, 0x0000000706600000|100%| O|  |TAMS 0x0000000706600000, 0x0000000706400000| Untracked 
|  51|0x0000000706600000, 0x0000000706800000, 0x0000000706800000|100%| O|  |TAMS 0x0000000706800000, 0x0000000706600000| Untracked 
|  52|0x0000000706800000, 0x0000000706a00000, 0x0000000706a00000|100%| O|  |TAMS 0x0000000706a00000, 0x0000000706800000| Untracked 
|  53|0x0000000706a00000, 0x0000000706c00000, 0x0000000706c00000|100%| O|  |TAMS 0x0000000706c00000, 0x0000000706a00000| Untracked 
|  54|0x0000000706c00000, 0x0000000706e00000, 0x0000000706e00000|100%| O|  |TAMS 0x0000000706e00000, 0x0000000706c00000| Untracked 
|  55|0x0000000706e00000, 0x0000000707000000, 0x0000000707000000|100%| O|  |TAMS 0x0000000707000000, 0x0000000706e00000| Untracked 
|  56|0x0000000707000000, 0x0000000707200000, 0x0000000707200000|100%|HS|  |TAMS 0x0000000707200000, 0x0000000707000000| Complete 
|  57|0x0000000707200000, 0x0000000707400000, 0x0000000707400000|100%| O|  |TAMS 0x0000000707400000, 0x0000000707200000| Untracked 
|  58|0x0000000707400000, 0x0000000707600000, 0x0000000707600000|100%| O|  |TAMS 0x0000000707600000, 0x0000000707400000| Untracked 
|  59|0x0000000707600000, 0x0000000707800000, 0x0000000707800000|100%| O|  |TAMS 0x0000000707800000, 0x0000000707600000| Untracked 
|  60|0x0000000707800000, 0x0000000707a00000, 0x0000000707a00000|100%|HS|  |TAMS 0x0000000707a00000, 0x0000000707800000| Complete 
|  61|0x0000000707a00000, 0x0000000707c00000, 0x0000000707c00000|100%| O|  |TAMS 0x0000000707c00000, 0x0000000707a00000| Untracked 
|  62|0x0000000707c00000, 0x0000000707e00000, 0x0000000707e00000|100%| O|  |TAMS 0x0000000707e00000, 0x0000000707c00000| Untracked 
|  63|0x0000000707e00000, 0x0000000708000000, 0x0000000708000000|100%| O|  |TAMS 0x0000000708000000, 0x0000000707e00000| Untracked 
|  64|0x0000000708000000, 0x0000000708200000, 0x0000000708200000|100%| O|  |TAMS 0x0000000708200000, 0x0000000708000000| Untracked 
|  65|0x0000000708200000, 0x0000000708400000, 0x0000000708400000|100%| O|  |TAMS 0x0000000708400000, 0x0000000708200000| Untracked 
|  66|0x0000000708400000, 0x0000000708600000, 0x0000000708600000|100%| O|  |TAMS 0x0000000708600000, 0x0000000708400000| Untracked 
|  67|0x0000000708600000, 0x0000000708800000, 0x0000000708800000|100%| O|  |TAMS 0x0000000708800000, 0x0000000708600000| Untracked 
|  68|0x0000000708800000, 0x0000000708a00000, 0x0000000708a00000|100%| O|  |TAMS 0x0000000708a00000, 0x0000000708800000| Untracked 
|  69|0x0000000708a00000, 0x0000000708c00000, 0x0000000708c00000|100%| O|  |TAMS 0x0000000708c00000, 0x0000000708a00000| Untracked 
|  70|0x0000000708c00000, 0x0000000708e00000, 0x0000000708e00000|100%| O|  |TAMS 0x0000000708e00000, 0x0000000708c00000| Untracked 
|  71|0x0000000708e00000, 0x0000000709000000, 0x0000000709000000|100%| O|  |TAMS 0x0000000709000000, 0x0000000708e00000| Untracked 
|  72|0x0000000709000000, 0x0000000709200000, 0x0000000709200000|100%| O|  |TAMS 0x0000000709200000, 0x0000000709000000| Untracked 
|  73|0x0000000709200000, 0x0000000709400000, 0x0000000709400000|100%| O|  |TAMS 0x0000000709400000, 0x0000000709200000| Untracked 
|  74|0x0000000709400000, 0x0000000709600000, 0x0000000709600000|100%| O|  |TAMS 0x0000000709600000, 0x0000000709400000| Untracked 
|  75|0x0000000709600000, 0x0000000709800000, 0x0000000709800000|100%| O|  |TAMS 0x0000000709800000, 0x0000000709600000| Untracked 
|  76|0x0000000709800000, 0x0000000709a00000, 0x0000000709a00000|100%| O|  |TAMS 0x0000000709a00000, 0x0000000709800000| Untracked 
|  77|0x0000000709a00000, 0x0000000709c00000, 0x0000000709c00000|100%| O|  |TAMS 0x0000000709c00000, 0x0000000709a00000| Untracked 
|  78|0x0000000709c00000, 0x0000000709e00000, 0x0000000709e00000|100%| O|  |TAMS 0x0000000709e00000, 0x0000000709c00000| Untracked 
|  79|0x0000000709e00000, 0x000000070a000000, 0x000000070a000000|100%| O|  |TAMS 0x000000070a000000, 0x0000000709e00000| Untracked 
|  80|0x000000070a000000, 0x000000070a200000, 0x000000070a200000|100%| O|  |TAMS 0x000000070a000000, 0x000000070a000000| Untracked 
|  81|0x000000070a200000, 0x000000070a400000, 0x000000070a400000|100%| O|  |TAMS 0x000000070a400000, 0x000000070a200000| Untracked 
|  82|0x000000070a400000, 0x000000070a600000, 0x000000070a600000|100%| O|  |TAMS 0x000000070a600000, 0x000000070a400000| Untracked 
|  83|0x000000070a600000, 0x000000070a800000, 0x000000070a800000|100%| O|  |TAMS 0x000000070a800000, 0x000000070a600000| Untracked 
|  84|0x000000070a800000, 0x000000070aa00000, 0x000000070aa00000|100%| O|  |TAMS 0x000000070a800000, 0x000000070a800000| Untracked 
|  85|0x000000070aa00000, 0x000000070ac00000, 0x000000070ac00000|100%| O|  |TAMS 0x000000070ac00000, 0x000000070aa00000| Untracked 
|  86|0x000000070ac00000, 0x000000070ae00000, 0x000000070ae00000|100%| O|  |TAMS 0x000000070ae00000, 0x000000070ac00000| Untracked 
|  87|0x000000070ae00000, 0x000000070b000000, 0x000000070b000000|100%| O|  |TAMS 0x000000070b000000, 0x000000070ae00000| Untracked 
|  88|0x000000070b000000, 0x000000070b200000, 0x000000070b200000|100%| O|  |TAMS 0x000000070b200000, 0x000000070b000000| Untracked 
|  89|0x000000070b200000, 0x000000070b400000, 0x000000070b400000|100%| O|  |TAMS 0x000000070b400000, 0x000000070b200000| Untracked 
|  90|0x000000070b400000, 0x000000070b600000, 0x000000070b600000|100%| O|  |TAMS 0x000000070b600000, 0x000000070b400000| Untracked 
|  91|0x000000070b600000, 0x000000070b800000, 0x000000070b800000|100%| O|  |TAMS 0x000000070b800000, 0x000000070b600000| Untracked 
|  92|0x000000070b800000, 0x000000070ba00000, 0x000000070ba00000|100%| O|  |TAMS 0x000000070ba00000, 0x000000070b800000| Untracked 
|  93|0x000000070ba00000, 0x000000070bc00000, 0x000000070bc00000|100%| O|  |TAMS 0x000000070bc00000, 0x000000070ba00000| Untracked 
|  94|0x000000070bc00000, 0x000000070be00000, 0x000000070be00000|100%| O|  |TAMS 0x000000070be00000, 0x000000070bc00000| Untracked 
|  95|0x000000070be00000, 0x000000070c000000, 0x000000070c000000|100%| O|  |TAMS 0x000000070c000000, 0x000000070be00000| Untracked 
|  96|0x000000070c000000, 0x000000070c200000, 0x000000070c200000|100%| O|  |TAMS 0x000000070c200000, 0x000000070c000000| Untracked 
|  97|0x000000070c200000, 0x000000070c400000, 0x000000070c400000|100%| O|  |TAMS 0x000000070c400000, 0x000000070c200000| Untracked 
|  98|0x000000070c400000, 0x000000070c600000, 0x000000070c600000|100%| O|  |TAMS 0x000000070c600000, 0x000000070c400000| Untracked 
|  99|0x000000070c600000, 0x000000070c800000, 0x000000070c800000|100%| O|  |TAMS 0x000000070c800000, 0x000000070c600000| Untracked 
| 100|0x000000070c800000, 0x000000070ca00000, 0x000000070ca00000|100%| O|  |TAMS 0x000000070ca00000, 0x000000070c800000| Untracked 
| 101|0x000000070ca00000, 0x000000070cc00000, 0x000000070cc00000|100%| O|  |TAMS 0x000000070cc00000, 0x000000070ca00000| Untracked 
| 102|0x000000070cc00000, 0x000000070ce00000, 0x000000070ce00000|100%| O|  |TAMS 0x000000070ce00000, 0x000000070cc00000| Untracked 
| 103|0x000000070ce00000, 0x000000070d000000, 0x000000070d000000|100%| O|  |TAMS 0x000000070d000000, 0x000000070ce00000| Untracked 
| 104|0x000000070d000000, 0x000000070d200000, 0x000000070d200000|100%| O|  |TAMS 0x000000070d000000, 0x000000070d000000| Untracked 
| 105|0x000000070d200000, 0x000000070d400000, 0x000000070d400000|100%| O|  |TAMS 0x000000070d400000, 0x000000070d200000| Untracked 
| 106|0x000000070d400000, 0x000000070d600000, 0x000000070d600000|100%| O|  |TAMS 0x000000070d600000, 0x000000070d400000| Untracked 
| 107|0x000000070d600000, 0x000000070d800000, 0x000000070d800000|100%| O|  |TAMS 0x000000070d800000, 0x000000070d600000| Untracked 
| 108|0x000000070d800000, 0x000000070da00000, 0x000000070da00000|100%| O|  |TAMS 0x000000070da00000, 0x000000070d800000| Untracked 
| 109|0x000000070da00000, 0x000000070dc00000, 0x000000070dc00000|100%| O|  |TAMS 0x000000070dc00000, 0x000000070da00000| Untracked 
| 110|0x000000070dc00000, 0x000000070de00000, 0x000000070de00000|100%| O|  |TAMS 0x000000070dc00000, 0x000000070dc00000| Untracked 
| 111|0x000000070de00000, 0x000000070e000000, 0x000000070e000000|100%| O|  |TAMS 0x000000070e000000, 0x000000070de00000| Untracked 
| 112|0x000000070e000000, 0x000000070e200000, 0x000000070e200000|100%| O|  |TAMS 0x000000070e200000, 0x000000070e000000| Untracked 
| 113|0x000000070e200000, 0x000000070e400000, 0x000000070e400000|100%| O|  |TAMS 0x000000070e400000, 0x000000070e200000| Untracked 
| 114|0x000000070e400000, 0x000000070e600000, 0x000000070e600000|100%| O|  |TAMS 0x000000070e600000, 0x000000070e400000| Untracked 
| 115|0x000000070e600000, 0x000000070e800000, 0x000000070e800000|100%| O|  |TAMS 0x000000070e800000, 0x000000070e600000| Untracked 
| 116|0x000000070e800000, 0x000000070ea00000, 0x000000070ea00000|100%| O|  |TAMS 0x000000070ea00000, 0x000000070e800000| Untracked 
| 117|0x000000070ea00000, 0x000000070ec00000, 0x000000070ec00000|100%| O|  |TAMS 0x000000070ec00000, 0x000000070ea00000| Untracked 
| 118|0x000000070ec00000, 0x000000070ee00000, 0x000000070ee00000|100%| O|  |TAMS 0x000000070ee00000, 0x000000070ec00000| Untracked 
| 119|0x000000070ee00000, 0x000000070f000000, 0x000000070f000000|100%| O|  |TAMS 0x000000070f000000, 0x000000070ee00000| Untracked 
| 120|0x000000070f000000, 0x000000070f200000, 0x000000070f200000|100%| O|  |TAMS 0x000000070f200000, 0x000000070f000000| Untracked 
| 121|0x000000070f200000, 0x000000070f400000, 0x000000070f400000|100%| O|  |TAMS 0x000000070f400000, 0x000000070f200000| Untracked 
| 122|0x000000070f400000, 0x000000070f600000, 0x000000070f600000|100%| O|  |TAMS 0x000000070f600000, 0x000000070f400000| Untracked 
| 123|0x000000070f600000, 0x000000070f800000, 0x000000070f800000|100%| O|  |TAMS 0x000000070f800000, 0x000000070f600000| Untracked 
| 124|0x000000070f800000, 0x000000070fa00000, 0x000000070fa00000|100%| O|  |TAMS 0x000000070fa00000, 0x000000070f800000| Untracked 
| 125|0x000000070fa00000, 0x000000070fc00000, 0x000000070fc00000|100%| O|  |TAMS 0x000000070fc00000, 0x000000070fa00000| Untracked 
| 126|0x000000070fc00000, 0x000000070fe00000, 0x000000070fe00000|100%| O|  |TAMS 0x000000070fe00000, 0x000000070fc00000| Untracked 
| 127|0x000000070fe00000, 0x0000000710000000, 0x0000000710000000|100%| O|  |TAMS 0x0000000710000000, 0x000000070fe00000| Untracked 
| 128|0x0000000710000000, 0x0000000710200000, 0x0000000710200000|100%| O|  |TAMS 0x0000000710200000, 0x0000000710000000| Untracked 
| 129|0x0000000710200000, 0x0000000710400000, 0x0000000710400000|100%| O|  |TAMS 0x0000000710400000, 0x0000000710200000| Untracked 
| 130|0x0000000710400000, 0x0000000710600000, 0x0000000710600000|100%| O|  |TAMS 0x0000000710600000, 0x0000000710400000| Untracked 
| 131|0x0000000710600000, 0x0000000710800000, 0x0000000710800000|100%| O|  |TAMS 0x0000000710600000, 0x0000000710600000| Untracked 
| 132|0x0000000710800000, 0x0000000710a00000, 0x0000000710a00000|100%| O|  |TAMS 0x0000000710800000, 0x0000000710800000| Untracked 
| 133|0x0000000710a00000, 0x0000000710c00000, 0x0000000710c00000|100%| O|  |TAMS 0x0000000710c00000, 0x0000000710a00000| Untracked 
| 134|0x0000000710c00000, 0x0000000710e00000, 0x0000000710e00000|100%| O|  |TAMS 0x0000000710e00000, 0x0000000710c00000| Untracked 
| 135|0x0000000710e00000, 0x0000000711000000, 0x0000000711000000|100%| O|  |TAMS 0x0000000711000000, 0x0000000710e00000| Untracked 
| 136|0x0000000711000000, 0x0000000711200000, 0x0000000711200000|100%| O|  |TAMS 0x0000000711200000, 0x0000000711000000| Untracked 
| 137|0x0000000711200000, 0x0000000711400000, 0x0000000711400000|100%| O|  |TAMS 0x0000000711400000, 0x0000000711200000| Untracked 
| 138|0x0000000711400000, 0x0000000711600000, 0x0000000711600000|100%| O|  |TAMS 0x0000000711600000, 0x0000000711400000| Untracked 
| 139|0x0000000711600000, 0x0000000711800000, 0x0000000711800000|100%| O|  |TAMS 0x0000000711800000, 0x0000000711600000| Untracked 
| 140|0x0000000711800000, 0x0000000711a00000, 0x0000000711a00000|100%| O|  |TAMS 0x0000000711a00000, 0x0000000711800000| Untracked 
| 141|0x0000000711a00000, 0x0000000711c00000, 0x0000000711c00000|100%| O|  |TAMS 0x0000000711c00000, 0x0000000711a00000| Untracked 
| 142|0x0000000711c00000, 0x0000000711e00000, 0x0000000711e00000|100%| O|  |TAMS 0x0000000711e00000, 0x0000000711c00000| Untracked 
| 143|0x0000000711e00000, 0x0000000712000000, 0x0000000712000000|100%| O|  |TAMS 0x0000000712000000, 0x0000000711e00000| Untracked 
| 144|0x0000000712000000, 0x0000000712200000, 0x0000000712200000|100%| O|  |TAMS 0x0000000712200000, 0x0000000712000000| Untracked 
| 145|0x0000000712200000, 0x0000000712400000, 0x0000000712400000|100%| O|  |TAMS 0x0000000712400000, 0x0000000712200000| Untracked 
| 146|0x0000000712400000, 0x0000000712600000, 0x0000000712600000|100%| O|  |TAMS 0x0000000712600000, 0x0000000712400000| Untracked 
| 147|0x0000000712600000, 0x0000000712800000, 0x0000000712800000|100%| O|  |TAMS 0x0000000712800000, 0x0000000712600000| Untracked 
| 148|0x0000000712800000, 0x0000000712a00000, 0x0000000712a00000|100%| O|  |TAMS 0x0000000712a00000, 0x0000000712800000| Untracked 
| 149|0x0000000712a00000, 0x0000000712c00000, 0x0000000712c00000|100%| O|  |TAMS 0x0000000712c00000, 0x0000000712a00000| Untracked 
| 150|0x0000000712c00000, 0x0000000712e00000, 0x0000000712e00000|100%| O|  |TAMS 0x0000000712e00000, 0x0000000712c00000| Untracked 
| 151|0x0000000712e00000, 0x0000000713000000, 0x0000000713000000|100%| O|  |TAMS 0x0000000713000000, 0x0000000712e00000| Untracked 
| 152|0x0000000713000000, 0x0000000713200000, 0x0000000713200000|100%| O|  |TAMS 0x0000000713200000, 0x0000000713000000| Untracked 
| 153|0x0000000713200000, 0x0000000713400000, 0x0000000713400000|100%| O|  |TAMS 0x0000000713400000, 0x0000000713200000| Untracked 
| 154|0x0000000713400000, 0x0000000713600000, 0x0000000713600000|100%| O|  |TAMS 0x0000000713600000, 0x0000000713400000| Untracked 
| 155|0x0000000713600000, 0x0000000713800000, 0x0000000713800000|100%| O|  |TAMS 0x0000000713800000, 0x0000000713600000| Untracked 
| 156|0x0000000713800000, 0x0000000713a00000, 0x0000000713a00000|100%| O|  |TAMS 0x0000000713a00000, 0x0000000713800000| Untracked 
| 157|0x0000000713a00000, 0x0000000713c00000, 0x0000000713c00000|100%| O|  |TAMS 0x0000000713c00000, 0x0000000713a00000| Untracked 
| 158|0x0000000713c00000, 0x0000000713e00000, 0x0000000713e00000|100%| O|  |TAMS 0x0000000713e00000, 0x0000000713c00000| Untracked 
| 159|0x0000000713e00000, 0x0000000714000000, 0x0000000714000000|100%| O|  |TAMS 0x0000000713e00000, 0x0000000713e00000| Untracked 
| 160|0x0000000714000000, 0x0000000714200000, 0x0000000714200000|100%| O|  |TAMS 0x0000000714200000, 0x0000000714000000| Untracked 
| 161|0x0000000714200000, 0x0000000714400000, 0x0000000714400000|100%| O|  |TAMS 0x0000000714400000, 0x0000000714200000| Untracked 
| 162|0x0000000714400000, 0x0000000714600000, 0x0000000714600000|100%| O|  |TAMS 0x0000000714600000, 0x0000000714400000| Untracked 
| 163|0x0000000714600000, 0x0000000714800000, 0x0000000714800000|100%| O|  |TAMS 0x0000000714800000, 0x0000000714600000| Untracked 
| 164|0x0000000714800000, 0x0000000714a00000, 0x0000000714a00000|100%| O|  |TAMS 0x0000000714a00000, 0x0000000714800000| Untracked 
| 165|0x0000000714a00000, 0x0000000714c00000, 0x0000000714c00000|100%| O|  |TAMS 0x0000000714c00000, 0x0000000714a00000| Untracked 
| 166|0x0000000714c00000, 0x0000000714e00000, 0x0000000714e00000|100%| O|  |TAMS 0x0000000714e00000, 0x0000000714c00000| Untracked 
| 167|0x0000000714e00000, 0x0000000715000000, 0x0000000715000000|100%| O|  |TAMS 0x0000000715000000, 0x0000000714e00000| Untracked 
| 168|0x0000000715000000, 0x0000000715200000, 0x0000000715200000|100%| O|  |TAMS 0x0000000715200000, 0x0000000715000000| Untracked 
| 169|0x0000000715200000, 0x0000000715400000, 0x0000000715400000|100%| O|  |TAMS 0x0000000715400000, 0x0000000715200000| Untracked 
| 170|0x0000000715400000, 0x0000000715600000, 0x0000000715600000|100%| O|  |TAMS 0x0000000715600000, 0x0000000715400000| Untracked 
| 171|0x0000000715600000, 0x0000000715800000, 0x0000000715800000|100%| O|  |TAMS 0x0000000715800000, 0x0000000715600000| Untracked 
| 172|0x0000000715800000, 0x0000000715a00000, 0x0000000715a00000|100%| O|  |TAMS 0x0000000715a00000, 0x0000000715800000| Untracked 
| 173|0x0000000715a00000, 0x0000000715c00000, 0x0000000715c00000|100%| O|  |TAMS 0x0000000715c00000, 0x0000000715a00000| Untracked 
| 174|0x0000000715c00000, 0x0000000715e00000, 0x0000000715e00000|100%| O|  |TAMS 0x0000000715e00000, 0x0000000715c00000| Untracked 
| 175|0x0000000715e00000, 0x0000000716000000, 0x0000000716000000|100%| O|  |TAMS 0x0000000716000000, 0x0000000715e00000| Untracked 
| 176|0x0000000716000000, 0x0000000716200000, 0x0000000716200000|100%| O|  |TAMS 0x0000000716200000, 0x0000000716000000| Untracked 
| 177|0x0000000716200000, 0x0000000716400000, 0x0000000716400000|100%| O|  |TAMS 0x0000000716242e00, 0x0000000716200000| Untracked 
| 178|0x0000000716400000, 0x0000000716600000, 0x0000000716600000|100%| O|  |TAMS 0x0000000716400000, 0x0000000716400000| Untracked 
| 179|0x0000000716600000, 0x0000000716800000, 0x0000000716800000|100%| O|  |TAMS 0x0000000716600000, 0x0000000716600000| Untracked 
| 180|0x0000000716800000, 0x0000000716a00000, 0x0000000716a00000|100%| O|  |TAMS 0x0000000716800000, 0x0000000716800000| Untracked 
| 181|0x0000000716a00000, 0x0000000716c00000, 0x0000000716c00000|100%| O|  |TAMS 0x0000000716a00000, 0x0000000716a00000| Untracked 
| 182|0x0000000716c00000, 0x0000000716e00000, 0x0000000716e00000|100%| O|  |TAMS 0x0000000716c00000, 0x0000000716c00000| Untracked 
| 183|0x0000000716e00000, 0x0000000717000000, 0x0000000717000000|100%| O|  |TAMS 0x0000000716e00000, 0x0000000716e00000| Untracked 
| 184|0x0000000717000000, 0x0000000717200000, 0x0000000717200000|100%| O|  |TAMS 0x0000000717000000, 0x0000000717000000| Untracked 
| 185|0x0000000717200000, 0x0000000717400000, 0x0000000717400000|100%| O|  |TAMS 0x0000000717200000, 0x0000000717200000| Untracked 
| 186|0x0000000717400000, 0x0000000717600000, 0x0000000717600000|100%| O|  |TAMS 0x0000000717400000, 0x0000000717400000| Untracked 
| 187|0x0000000717600000, 0x0000000717800000, 0x0000000717800000|100%| O|  |TAMS 0x0000000717600000, 0x0000000717600000| Untracked 
| 188|0x0000000717800000, 0x0000000717a00000, 0x0000000717a00000|100%| O|  |TAMS 0x0000000717800000, 0x0000000717800000| Untracked 
| 189|0x0000000717a00000, 0x0000000717c00000, 0x0000000717c00000|100%| O|  |TAMS 0x0000000717a00000, 0x0000000717a00000| Untracked 
| 190|0x0000000717c00000, 0x0000000717e00000, 0x0000000717e00000|100%| O|  |TAMS 0x0000000717c00000, 0x0000000717c00000| Untracked 
| 191|0x0000000717e00000, 0x0000000718000000, 0x0000000718000000|100%| O|  |TAMS 0x0000000717e00000, 0x0000000717e00000| Untracked 
| 192|0x0000000718000000, 0x00000007181dba00, 0x0000000718200000| 92%| O|  |TAMS 0x0000000718000000, 0x0000000718000000| Untracked 
| 193|0x0000000718200000, 0x0000000718200000, 0x0000000718400000|  0%| F|  |TAMS 0x0000000718200000, 0x0000000718200000| Untracked 
| 194|0x0000000718400000, 0x0000000718400000, 0x0000000718600000|  0%| F|  |TAMS 0x0000000718400000, 0x0000000718400000| Untracked 
| 195|0x0000000718600000, 0x0000000718600000, 0x0000000718800000|  0%| F|  |TAMS 0x0000000718600000, 0x0000000718600000| Untracked 
| 196|0x0000000718800000, 0x0000000718800000, 0x0000000718a00000|  0%| F|  |TAMS 0x0000000718800000, 0x0000000718800000| Untracked 
| 197|0x0000000718a00000, 0x0000000718a00000, 0x0000000718c00000|  0%| F|  |TAMS 0x0000000718a00000, 0x0000000718a00000| Untracked 
| 198|0x0000000718c00000, 0x0000000718c00000, 0x0000000718e00000|  0%| F|  |TAMS 0x0000000718c00000, 0x0000000718c00000| Untracked 
| 199|0x0000000718e00000, 0x0000000718e00000, 0x0000000719000000|  0%| F|  |TAMS 0x0000000718e00000, 0x0000000718e00000| Untracked 
| 200|0x0000000719000000, 0x0000000719000000, 0x0000000719200000|  0%| F|  |TAMS 0x0000000719000000, 0x0000000719000000| Untracked 
| 201|0x0000000719200000, 0x0000000719200000, 0x0000000719400000|  0%| F|  |TAMS 0x0000000719200000, 0x0000000719200000| Untracked 
| 202|0x0000000719400000, 0x0000000719400000, 0x0000000719600000|  0%| F|  |TAMS 0x0000000719400000, 0x0000000719400000| Untracked 
| 203|0x0000000719600000, 0x0000000719600000, 0x0000000719800000|  0%| F|  |TAMS 0x0000000719600000, 0x0000000719600000| Untracked 
| 204|0x0000000719800000, 0x0000000719800000, 0x0000000719a00000|  0%| F|  |TAMS 0x0000000719800000, 0x0000000719800000| Untracked 
| 205|0x0000000719a00000, 0x0000000719a00000, 0x0000000719c00000|  0%| F|  |TAMS 0x0000000719a00000, 0x0000000719a00000| Untracked 
| 206|0x0000000719c00000, 0x0000000719c00000, 0x0000000719e00000|  0%| F|  |TAMS 0x0000000719c00000, 0x0000000719c00000| Untracked 
| 207|0x0000000719e00000, 0x0000000719e00000, 0x000000071a000000|  0%| F|  |TAMS 0x0000000719e00000, 0x0000000719e00000| Untracked 
| 208|0x000000071a000000, 0x000000071a000000, 0x000000071a200000|  0%| F|  |TAMS 0x000000071a000000, 0x000000071a000000| Untracked 
| 209|0x000000071a200000, 0x000000071a200000, 0x000000071a400000|  0%| F|  |TAMS 0x000000071a200000, 0x000000071a200000| Untracked 
| 210|0x000000071a400000, 0x000000071a400000, 0x000000071a600000|  0%| F|  |TAMS 0x000000071a400000, 0x000000071a400000| Untracked 
| 211|0x000000071a600000, 0x000000071a600000, 0x000000071a800000|  0%| F|  |TAMS 0x000000071a600000, 0x000000071a600000| Untracked 
| 212|0x000000071a800000, 0x000000071a800000, 0x000000071aa00000|  0%| F|  |TAMS 0x000000071a800000, 0x000000071a800000| Untracked 
| 213|0x000000071aa00000, 0x000000071aa00000, 0x000000071ac00000|  0%| F|  |TAMS 0x000000071aa00000, 0x000000071aa00000| Untracked 
| 214|0x000000071ac00000, 0x000000071ac00000, 0x000000071ae00000|  0%| F|  |TAMS 0x000000071ac00000, 0x000000071ac00000| Untracked 
| 215|0x000000071ae00000, 0x000000071ae00000, 0x000000071b000000|  0%| F|  |TAMS 0x000000071ae00000, 0x000000071ae00000| Untracked 
| 216|0x000000071b000000, 0x000000071b000000, 0x000000071b200000|  0%| F|  |TAMS 0x000000071b000000, 0x000000071b000000| Untracked 
| 217|0x000000071b200000, 0x000000071b200000, 0x000000071b400000|  0%| F|  |TAMS 0x000000071b200000, 0x000000071b200000| Untracked 
| 218|0x000000071b400000, 0x000000071b400000, 0x000000071b600000|  0%| F|  |TAMS 0x000000071b400000, 0x000000071b400000| Untracked 
| 219|0x000000071b600000, 0x000000071b600000, 0x000000071b800000|  0%| F|  |TAMS 0x000000071b600000, 0x000000071b600000| Untracked 
| 220|0x000000071b800000, 0x000000071b800000, 0x000000071ba00000|  0%| F|  |TAMS 0x000000071b800000, 0x000000071b800000| Untracked 
| 221|0x000000071ba00000, 0x000000071ba00000, 0x000000071bc00000|  0%| F|  |TAMS 0x000000071ba00000, 0x000000071ba00000| Untracked 
| 222|0x000000071bc00000, 0x000000071bc00000, 0x000000071be00000|  0%| F|  |TAMS 0x000000071bc00000, 0x000000071bc00000| Untracked 
| 223|0x000000071be00000, 0x000000071be00000, 0x000000071c000000|  0%| F|  |TAMS 0x000000071be00000, 0x000000071be00000| Untracked 
| 224|0x000000071c000000, 0x000000071c000000, 0x000000071c200000|  0%| F|  |TAMS 0x000000071c000000, 0x000000071c000000| Untracked 
| 225|0x000000071c200000, 0x000000071c200000, 0x000000071c400000|  0%| F|  |TAMS 0x000000071c200000, 0x000000071c200000| Untracked 
| 226|0x000000071c400000, 0x000000071c400000, 0x000000071c600000|  0%| F|  |TAMS 0x000000071c400000, 0x000000071c400000| Untracked 
| 227|0x000000071c600000, 0x000000071c600000, 0x000000071c800000|  0%| F|  |TAMS 0x000000071c600000, 0x000000071c600000| Untracked 
| 228|0x000000071c800000, 0x000000071c800000, 0x000000071ca00000|  0%| F|  |TAMS 0x000000071c800000, 0x000000071c800000| Untracked 
| 229|0x000000071ca00000, 0x000000071ca00000, 0x000000071cc00000|  0%| F|  |TAMS 0x000000071ca00000, 0x000000071ca00000| Untracked 
| 230|0x000000071cc00000, 0x000000071cc00000, 0x000000071ce00000|  0%| F|  |TAMS 0x000000071cc00000, 0x000000071cc00000| Untracked 
| 231|0x000000071ce00000, 0x000000071ce00000, 0x000000071d000000|  0%| F|  |TAMS 0x000000071ce00000, 0x000000071ce00000| Untracked 
| 232|0x000000071d000000, 0x000000071d000000, 0x000000071d200000|  0%| F|  |TAMS 0x000000071d000000, 0x000000071d000000| Untracked 
| 233|0x000000071d200000, 0x000000071d200000, 0x000000071d400000|  0%| F|  |TAMS 0x000000071d200000, 0x000000071d200000| Untracked 
| 234|0x000000071d400000, 0x000000071d400000, 0x000000071d600000|  0%| F|  |TAMS 0x000000071d400000, 0x000000071d400000| Untracked 
| 235|0x000000071d600000, 0x000000071d600000, 0x000000071d800000|  0%| F|  |TAMS 0x000000071d600000, 0x000000071d600000| Untracked 
| 236|0x000000071d800000, 0x000000071d800000, 0x000000071da00000|  0%| F|  |TAMS 0x000000071d800000, 0x000000071d800000| Untracked 
| 237|0x000000071da00000, 0x000000071da00000, 0x000000071dc00000|  0%| F|  |TAMS 0x000000071da00000, 0x000000071da00000| Untracked 
| 238|0x000000071dc00000, 0x000000071dc00000, 0x000000071de00000|  0%| F|  |TAMS 0x000000071dc00000, 0x000000071dc00000| Untracked 
| 239|0x000000071de00000, 0x000000071de00000, 0x000000071e000000|  0%| F|  |TAMS 0x000000071de00000, 0x000000071de00000| Untracked 
| 240|0x000000071e000000, 0x000000071e000000, 0x000000071e200000|  0%| F|  |TAMS 0x000000071e000000, 0x000000071e000000| Untracked 
| 241|0x000000071e200000, 0x000000071e200000, 0x000000071e400000|  0%| F|  |TAMS 0x000000071e200000, 0x000000071e200000| Untracked 
| 242|0x000000071e400000, 0x000000071e400000, 0x000000071e600000|  0%| F|  |TAMS 0x000000071e400000, 0x000000071e400000| Untracked 
| 243|0x000000071e600000, 0x000000071e600000, 0x000000071e800000|  0%| F|  |TAMS 0x000000071e600000, 0x000000071e600000| Untracked 
| 244|0x000000071e800000, 0x000000071e800000, 0x000000071ea00000|  0%| F|  |TAMS 0x000000071e800000, 0x000000071e800000| Untracked 
| 245|0x000000071ea00000, 0x000000071ea00000, 0x000000071ec00000|  0%| F|  |TAMS 0x000000071ea00000, 0x000000071ea00000| Untracked 
| 246|0x000000071ec00000, 0x000000071ec00000, 0x000000071ee00000|  0%| F|  |TAMS 0x000000071ec00000, 0x000000071ec00000| Untracked 
| 247|0x000000071ee00000, 0x000000071ee00000, 0x000000071f000000|  0%| F|  |TAMS 0x000000071ee00000, 0x000000071ee00000| Untracked 
| 248|0x000000071f000000, 0x000000071f000000, 0x000000071f200000|  0%| F|  |TAMS 0x000000071f000000, 0x000000071f000000| Untracked 
| 249|0x000000071f200000, 0x000000071f200000, 0x000000071f400000|  0%| F|  |TAMS 0x000000071f200000, 0x000000071f200000| Untracked 
| 250|0x000000071f400000, 0x000000071f400000, 0x000000071f600000|  0%| F|  |TAMS 0x000000071f400000, 0x000000071f400000| Untracked 
| 251|0x000000071f600000, 0x000000071f600000, 0x000000071f800000|  0%| F|  |TAMS 0x000000071f600000, 0x000000071f600000| Untracked 
| 252|0x000000071f800000, 0x000000071f800000, 0x000000071fa00000|  0%| F|  |TAMS 0x000000071f800000, 0x000000071f800000| Untracked 
| 253|0x000000071fa00000, 0x000000071fa00000, 0x000000071fc00000|  0%| F|  |TAMS 0x000000071fa00000, 0x000000071fa00000| Untracked 
| 254|0x000000071fc00000, 0x000000071fc00000, 0x000000071fe00000|  0%| F|  |TAMS 0x000000071fc00000, 0x000000071fc00000| Untracked 
| 255|0x000000071fe00000, 0x000000071fe00000, 0x0000000720000000|  0%| F|  |TAMS 0x000000071fe00000, 0x000000071fe00000| Untracked 
| 256|0x0000000720000000, 0x0000000720000000, 0x0000000720200000|  0%| F|  |TAMS 0x0000000720000000, 0x0000000720000000| Untracked 
| 257|0x0000000720200000, 0x0000000720200000, 0x0000000720400000|  0%| F|  |TAMS 0x0000000720200000, 0x0000000720200000| Untracked 
| 258|0x0000000720400000, 0x0000000720400000, 0x0000000720600000|  0%| F|  |TAMS 0x0000000720400000, 0x0000000720400000| Untracked 
| 259|0x0000000720600000, 0x0000000720600000, 0x0000000720800000|  0%| F|  |TAMS 0x0000000720600000, 0x0000000720600000| Untracked 
| 260|0x0000000720800000, 0x0000000720800000, 0x0000000720a00000|  0%| F|  |TAMS 0x0000000720800000, 0x0000000720800000| Untracked 
| 261|0x0000000720a00000, 0x0000000720a00000, 0x0000000720c00000|  0%| F|  |TAMS 0x0000000720a00000, 0x0000000720a00000| Untracked 
| 262|0x0000000720c00000, 0x0000000720c00000, 0x0000000720e00000|  0%| F|  |TAMS 0x0000000720c00000, 0x0000000720c00000| Untracked 
| 263|0x0000000720e00000, 0x0000000720e00000, 0x0000000721000000|  0%| F|  |TAMS 0x0000000720e00000, 0x0000000720e00000| Untracked 
| 264|0x0000000721000000, 0x0000000721000000, 0x0000000721200000|  0%| F|  |TAMS 0x0000000721000000, 0x0000000721000000| Untracked 
| 265|0x0000000721200000, 0x0000000721200000, 0x0000000721400000|  0%| F|  |TAMS 0x0000000721200000, 0x0000000721200000| Untracked 
| 266|0x0000000721400000, 0x0000000721400000, 0x0000000721600000|  0%| F|  |TAMS 0x0000000721400000, 0x0000000721400000| Untracked 
| 267|0x0000000721600000, 0x0000000721600000, 0x0000000721800000|  0%| F|  |TAMS 0x0000000721600000, 0x0000000721600000| Untracked 
| 268|0x0000000721800000, 0x0000000721800000, 0x0000000721a00000|  0%| F|  |TAMS 0x0000000721800000, 0x0000000721800000| Untracked 
| 269|0x0000000721a00000, 0x0000000721a00000, 0x0000000721c00000|  0%| F|  |TAMS 0x0000000721a00000, 0x0000000721a00000| Untracked 
| 270|0x0000000721c00000, 0x0000000721c00000, 0x0000000721e00000|  0%| F|  |TAMS 0x0000000721c00000, 0x0000000721c00000| Untracked 
| 271|0x0000000721e00000, 0x0000000721e00000, 0x0000000722000000|  0%| F|  |TAMS 0x0000000721e00000, 0x0000000721e00000| Untracked 
| 272|0x0000000722000000, 0x0000000722000000, 0x0000000722200000|  0%| F|  |TAMS 0x0000000722000000, 0x0000000722000000| Untracked 
| 273|0x0000000722200000, 0x0000000722200000, 0x0000000722400000|  0%| F|  |TAMS 0x0000000722200000, 0x0000000722200000| Untracked 
| 274|0x0000000722400000, 0x0000000722400000, 0x0000000722600000|  0%| F|  |TAMS 0x0000000722400000, 0x0000000722400000| Untracked 
| 275|0x0000000722600000, 0x0000000722600000, 0x0000000722800000|  0%| F|  |TAMS 0x0000000722600000, 0x0000000722600000| Untracked 
| 276|0x0000000722800000, 0x0000000722800000, 0x0000000722a00000|  0%| F|  |TAMS 0x0000000722800000, 0x0000000722800000| Untracked 
| 277|0x0000000722a00000, 0x0000000722a00000, 0x0000000722c00000|  0%| F|  |TAMS 0x0000000722a00000, 0x0000000722a00000| Untracked 
| 278|0x0000000722c00000, 0x0000000722c00000, 0x0000000722e00000|  0%| F|  |TAMS 0x0000000722c00000, 0x0000000722c00000| Untracked 
| 279|0x0000000722e00000, 0x0000000722e00000, 0x0000000723000000|  0%| F|  |TAMS 0x0000000722e00000, 0x0000000722e00000| Untracked 
| 280|0x0000000723000000, 0x0000000723000000, 0x0000000723200000|  0%| F|  |TAMS 0x0000000723000000, 0x0000000723000000| Untracked 
| 281|0x0000000723200000, 0x0000000723200000, 0x0000000723400000|  0%| F|  |TAMS 0x0000000723200000, 0x0000000723200000| Untracked 
| 282|0x0000000723400000, 0x0000000723400000, 0x0000000723600000|  0%| F|  |TAMS 0x0000000723400000, 0x0000000723400000| Untracked 
| 283|0x0000000723600000, 0x0000000723600000, 0x0000000723800000|  0%| F|  |TAMS 0x0000000723600000, 0x0000000723600000| Untracked 
| 284|0x0000000723800000, 0x0000000723800000, 0x0000000723a00000|  0%| F|  |TAMS 0x0000000723800000, 0x0000000723800000| Untracked 
| 285|0x0000000723a00000, 0x0000000723a00000, 0x0000000723c00000|  0%| F|  |TAMS 0x0000000723a00000, 0x0000000723a00000| Untracked 
| 286|0x0000000723c00000, 0x0000000723c00000, 0x0000000723e00000|  0%| F|  |TAMS 0x0000000723c00000, 0x0000000723c00000| Untracked 
| 287|0x0000000723e00000, 0x0000000723e00000, 0x0000000724000000|  0%| F|  |TAMS 0x0000000723e00000, 0x0000000723e00000| Untracked 
| 288|0x0000000724000000, 0x0000000724000000, 0x0000000724200000|  0%| F|  |TAMS 0x0000000724000000, 0x0000000724000000| Untracked 
| 289|0x0000000724200000, 0x0000000724200000, 0x0000000724400000|  0%| F|  |TAMS 0x0000000724200000, 0x0000000724200000| Untracked 
| 290|0x0000000724400000, 0x0000000724400000, 0x0000000724600000|  0%| F|  |TAMS 0x0000000724400000, 0x0000000724400000| Untracked 
| 291|0x0000000724600000, 0x0000000724600000, 0x0000000724800000|  0%| F|  |TAMS 0x0000000724600000, 0x0000000724600000| Untracked 
| 292|0x0000000724800000, 0x0000000724800000, 0x0000000724a00000|  0%| F|  |TAMS 0x0000000724800000, 0x0000000724800000| Untracked 
| 293|0x0000000724a00000, 0x0000000724a00000, 0x0000000724c00000|  0%| F|  |TAMS 0x0000000724a00000, 0x0000000724a00000| Untracked 
| 294|0x0000000724c00000, 0x0000000724c00000, 0x0000000724e00000|  0%| F|  |TAMS 0x0000000724c00000, 0x0000000724c00000| Untracked 
| 295|0x0000000724e00000, 0x0000000724e00000, 0x0000000725000000|  0%| F|  |TAMS 0x0000000724e00000, 0x0000000724e00000| Untracked 
| 296|0x0000000725000000, 0x0000000725000000, 0x0000000725200000|  0%| F|  |TAMS 0x0000000725000000, 0x0000000725000000| Untracked 
| 297|0x0000000725200000, 0x0000000725200000, 0x0000000725400000|  0%| F|  |TAMS 0x0000000725200000, 0x0000000725200000| Untracked 
| 298|0x0000000725400000, 0x0000000725400000, 0x0000000725600000|  0%| F|  |TAMS 0x0000000725400000, 0x0000000725400000| Untracked 
| 299|0x0000000725600000, 0x0000000725600000, 0x0000000725800000|  0%| F|  |TAMS 0x0000000725600000, 0x0000000725600000| Untracked 
| 300|0x0000000725800000, 0x0000000725800000, 0x0000000725a00000|  0%| F|  |TAMS 0x0000000725800000, 0x0000000725800000| Untracked 
| 301|0x0000000725a00000, 0x0000000725a00000, 0x0000000725c00000|  0%| F|  |TAMS 0x0000000725a00000, 0x0000000725a00000| Untracked 
| 302|0x0000000725c00000, 0x0000000725c00000, 0x0000000725e00000|  0%| F|  |TAMS 0x0000000725c00000, 0x0000000725c00000| Untracked 
| 303|0x0000000725e00000, 0x0000000725e00000, 0x0000000726000000|  0%| F|  |TAMS 0x0000000725e00000, 0x0000000725e00000| Untracked 
| 304|0x0000000726000000, 0x0000000726000000, 0x0000000726200000|  0%| F|  |TAMS 0x0000000726000000, 0x0000000726000000| Untracked 
| 305|0x0000000726200000, 0x0000000726200000, 0x0000000726400000|  0%| F|  |TAMS 0x0000000726200000, 0x0000000726200000| Untracked 
| 306|0x0000000726400000, 0x0000000726400000, 0x0000000726600000|  0%| F|  |TAMS 0x0000000726400000, 0x0000000726400000| Untracked 
| 307|0x0000000726600000, 0x0000000726600000, 0x0000000726800000|  0%| F|  |TAMS 0x0000000726600000, 0x0000000726600000| Untracked 
| 308|0x0000000726800000, 0x0000000726800000, 0x0000000726a00000|  0%| F|  |TAMS 0x0000000726800000, 0x0000000726800000| Untracked 
| 309|0x0000000726a00000, 0x0000000726a00000, 0x0000000726c00000|  0%| F|  |TAMS 0x0000000726a00000, 0x0000000726a00000| Untracked 
| 310|0x0000000726c00000, 0x0000000726c00000, 0x0000000726e00000|  0%| F|  |TAMS 0x0000000726c00000, 0x0000000726c00000| Untracked 
| 311|0x0000000726e00000, 0x0000000726e00000, 0x0000000727000000|  0%| F|  |TAMS 0x0000000726e00000, 0x0000000726e00000| Untracked 
| 312|0x0000000727000000, 0x0000000727000000, 0x0000000727200000|  0%| F|  |TAMS 0x0000000727000000, 0x0000000727000000| Untracked 
| 313|0x0000000727200000, 0x0000000727200000, 0x0000000727400000|  0%| F|  |TAMS 0x0000000727200000, 0x0000000727200000| Untracked 
| 314|0x0000000727400000, 0x0000000727400000, 0x0000000727600000|  0%| F|  |TAMS 0x0000000727400000, 0x0000000727400000| Untracked 
| 315|0x0000000727600000, 0x0000000727600000, 0x0000000727800000|  0%| F|  |TAMS 0x0000000727600000, 0x0000000727600000| Untracked 
| 316|0x0000000727800000, 0x0000000727800000, 0x0000000727a00000|  0%| F|  |TAMS 0x0000000727800000, 0x0000000727800000| Untracked 
| 317|0x0000000727a00000, 0x0000000727a00000, 0x0000000727c00000|  0%| F|  |TAMS 0x0000000727a00000, 0x0000000727a00000| Untracked 
| 318|0x0000000727c00000, 0x0000000727c00000, 0x0000000727e00000|  0%| F|  |TAMS 0x0000000727c00000, 0x0000000727c00000| Untracked 
| 319|0x0000000727e00000, 0x0000000727e00000, 0x0000000728000000|  0%| F|  |TAMS 0x0000000727e00000, 0x0000000727e00000| Untracked 
| 320|0x0000000728000000, 0x0000000728000000, 0x0000000728200000|  0%| F|  |TAMS 0x0000000728000000, 0x0000000728000000| Untracked 
| 321|0x0000000728200000, 0x0000000728200000, 0x0000000728400000|  0%| F|  |TAMS 0x0000000728200000, 0x0000000728200000| Untracked 
| 322|0x0000000728400000, 0x0000000728400000, 0x0000000728600000|  0%| F|  |TAMS 0x0000000728400000, 0x0000000728400000| Untracked 
| 323|0x0000000728600000, 0x0000000728600000, 0x0000000728800000|  0%| F|  |TAMS 0x0000000728600000, 0x0000000728600000| Untracked 
| 324|0x0000000728800000, 0x0000000728800000, 0x0000000728a00000|  0%| F|  |TAMS 0x0000000728800000, 0x0000000728800000| Untracked 
| 325|0x0000000728a00000, 0x0000000728a00000, 0x0000000728c00000|  0%| F|  |TAMS 0x0000000728a00000, 0x0000000728a00000| Untracked 
| 326|0x0000000728c00000, 0x0000000728c00000, 0x0000000728e00000|  0%| F|  |TAMS 0x0000000728c00000, 0x0000000728c00000| Untracked 
| 327|0x0000000728e00000, 0x0000000728e00000, 0x0000000729000000|  0%| F|  |TAMS 0x0000000728e00000, 0x0000000728e00000| Untracked 
| 328|0x0000000729000000, 0x0000000729000000, 0x0000000729200000|  0%| F|  |TAMS 0x0000000729000000, 0x0000000729000000| Untracked 
| 329|0x0000000729200000, 0x0000000729200000, 0x0000000729400000|  0%| F|  |TAMS 0x0000000729200000, 0x0000000729200000| Untracked 
| 330|0x0000000729400000, 0x0000000729400000, 0x0000000729600000|  0%| F|  |TAMS 0x0000000729400000, 0x0000000729400000| Untracked 
| 331|0x0000000729600000, 0x0000000729600000, 0x0000000729800000|  0%| F|  |TAMS 0x0000000729600000, 0x0000000729600000| Untracked 
| 332|0x0000000729800000, 0x0000000729800000, 0x0000000729a00000|  0%| F|  |TAMS 0x0000000729800000, 0x0000000729800000| Untracked 
| 333|0x0000000729a00000, 0x0000000729a00000, 0x0000000729c00000|  0%| F|  |TAMS 0x0000000729a00000, 0x0000000729a00000| Untracked 
| 334|0x0000000729c00000, 0x0000000729c00000, 0x0000000729e00000|  0%| F|  |TAMS 0x0000000729c00000, 0x0000000729c00000| Untracked 
| 335|0x0000000729e00000, 0x0000000729e00000, 0x000000072a000000|  0%| F|  |TAMS 0x0000000729e00000, 0x0000000729e00000| Untracked 
| 336|0x000000072a000000, 0x000000072a000000, 0x000000072a200000|  0%| F|  |TAMS 0x000000072a000000, 0x000000072a000000| Untracked 
| 337|0x000000072a200000, 0x000000072a200000, 0x000000072a400000|  0%| F|  |TAMS 0x000000072a200000, 0x000000072a200000| Untracked 
| 338|0x000000072a400000, 0x000000072a400000, 0x000000072a600000|  0%| F|  |TAMS 0x000000072a400000, 0x000000072a400000| Untracked 
| 339|0x000000072a600000, 0x000000072a600000, 0x000000072a800000|  0%| F|  |TAMS 0x000000072a600000, 0x000000072a600000| Untracked 
| 340|0x000000072a800000, 0x000000072a800000, 0x000000072aa00000|  0%| F|  |TAMS 0x000000072a800000, 0x000000072a800000| Untracked 
| 341|0x000000072aa00000, 0x000000072aa00000, 0x000000072ac00000|  0%| F|  |TAMS 0x000000072aa00000, 0x000000072aa00000| Untracked 
| 342|0x000000072ac00000, 0x000000072ac00000, 0x000000072ae00000|  0%| F|  |TAMS 0x000000072ac00000, 0x000000072ac00000| Untracked 
| 343|0x000000072ae00000, 0x000000072ae00000, 0x000000072b000000|  0%| F|  |TAMS 0x000000072ae00000, 0x000000072ae00000| Untracked 
| 344|0x000000072b000000, 0x000000072b000000, 0x000000072b200000|  0%| F|  |TAMS 0x000000072b000000, 0x000000072b000000| Untracked 
| 345|0x000000072b200000, 0x000000072b200000, 0x000000072b400000|  0%| F|  |TAMS 0x000000072b200000, 0x000000072b200000| Untracked 
| 346|0x000000072b400000, 0x000000072b400000, 0x000000072b600000|  0%| F|  |TAMS 0x000000072b400000, 0x000000072b400000| Untracked 
| 347|0x000000072b600000, 0x000000072b600000, 0x000000072b800000|  0%| F|  |TAMS 0x000000072b600000, 0x000000072b600000| Untracked 
| 348|0x000000072b800000, 0x000000072b800000, 0x000000072ba00000|  0%| F|  |TAMS 0x000000072b800000, 0x000000072b800000| Untracked 
| 349|0x000000072ba00000, 0x000000072ba00000, 0x000000072bc00000|  0%| F|  |TAMS 0x000000072ba00000, 0x000000072ba00000| Untracked 
| 350|0x000000072bc00000, 0x000000072bc00000, 0x000000072be00000|  0%| F|  |TAMS 0x000000072bc00000, 0x000000072bc00000| Untracked 
| 351|0x000000072be00000, 0x000000072be00000, 0x000000072c000000|  0%| F|  |TAMS 0x000000072be00000, 0x000000072be00000| Untracked 
| 352|0x000000072c000000, 0x000000072c000000, 0x000000072c200000|  0%| F|  |TAMS 0x000000072c000000, 0x000000072c000000| Untracked 
| 353|0x000000072c200000, 0x000000072c200000, 0x000000072c400000|  0%| F|  |TAMS 0x000000072c200000, 0x000000072c200000| Untracked 
| 354|0x000000072c400000, 0x000000072c400000, 0x000000072c600000|  0%| F|  |TAMS 0x000000072c400000, 0x000000072c400000| Untracked 
| 355|0x000000072c600000, 0x000000072c600000, 0x000000072c800000|  0%| F|  |TAMS 0x000000072c600000, 0x000000072c600000| Untracked 
| 356|0x000000072c800000, 0x000000072c800000, 0x000000072ca00000|  0%| F|  |TAMS 0x000000072c800000, 0x000000072c800000| Untracked 
| 357|0x000000072ca00000, 0x000000072ca00000, 0x000000072cc00000|  0%| F|  |TAMS 0x000000072ca00000, 0x000000072ca00000| Untracked 
| 358|0x000000072cc00000, 0x000000072cc00000, 0x000000072ce00000|  0%| F|  |TAMS 0x000000072cc00000, 0x000000072cc00000| Untracked 
| 359|0x000000072ce00000, 0x000000072ce00000, 0x000000072d000000|  0%| F|  |TAMS 0x000000072ce00000, 0x000000072ce00000| Untracked 
| 360|0x000000072d000000, 0x000000072d000000, 0x000000072d200000|  0%| F|  |TAMS 0x000000072d000000, 0x000000072d000000| Untracked 
| 361|0x000000072d200000, 0x000000072d200000, 0x000000072d400000|  0%| F|  |TAMS 0x000000072d200000, 0x000000072d200000| Untracked 
| 362|0x000000072d400000, 0x000000072d400000, 0x000000072d600000|  0%| F|  |TAMS 0x000000072d400000, 0x000000072d400000| Untracked 
| 363|0x000000072d600000, 0x000000072d600000, 0x000000072d800000|  0%| F|  |TAMS 0x000000072d600000, 0x000000072d600000| Untracked 
| 364|0x000000072d800000, 0x000000072d800000, 0x000000072da00000|  0%| F|  |TAMS 0x000000072d800000, 0x000000072d800000| Untracked 
| 365|0x000000072da00000, 0x000000072da00000, 0x000000072dc00000|  0%| F|  |TAMS 0x000000072da00000, 0x000000072da00000| Untracked 
| 366|0x000000072dc00000, 0x000000072dc00000, 0x000000072de00000|  0%| F|  |TAMS 0x000000072dc00000, 0x000000072dc00000| Untracked 
| 367|0x000000072de00000, 0x000000072de00000, 0x000000072e000000|  0%| F|  |TAMS 0x000000072de00000, 0x000000072de00000| Untracked 
| 368|0x000000072e000000, 0x000000072e000000, 0x000000072e200000|  0%| F|  |TAMS 0x000000072e000000, 0x000000072e000000| Untracked 
| 369|0x000000072e200000, 0x000000072e200000, 0x000000072e400000|  0%| F|  |TAMS 0x000000072e200000, 0x000000072e200000| Untracked 
| 370|0x000000072e400000, 0x000000072e400000, 0x000000072e600000|  0%| F|  |TAMS 0x000000072e400000, 0x000000072e400000| Untracked 
| 371|0x000000072e600000, 0x000000072e600000, 0x000000072e800000|  0%| F|  |TAMS 0x000000072e600000, 0x000000072e600000| Untracked 
| 372|0x000000072e800000, 0x000000072e800000, 0x000000072ea00000|  0%| F|  |TAMS 0x000000072e800000, 0x000000072e800000| Untracked 
| 373|0x000000072ea00000, 0x000000072ea00000, 0x000000072ec00000|  0%| F|  |TAMS 0x000000072ea00000, 0x000000072ea00000| Untracked 
| 374|0x000000072ec00000, 0x000000072ec00000, 0x000000072ee00000|  0%| F|  |TAMS 0x000000072ec00000, 0x000000072ec00000| Untracked 
| 375|0x000000072ee00000, 0x000000072ee00000, 0x000000072f000000|  0%| F|  |TAMS 0x000000072ee00000, 0x000000072ee00000| Untracked 
| 376|0x000000072f000000, 0x000000072f000000, 0x000000072f200000|  0%| F|  |TAMS 0x000000072f000000, 0x000000072f000000| Untracked 
| 377|0x000000072f200000, 0x000000072f200000, 0x000000072f400000|  0%| F|  |TAMS 0x000000072f200000, 0x000000072f200000| Untracked 
| 378|0x000000072f400000, 0x000000072f400000, 0x000000072f600000|  0%| F|  |TAMS 0x000000072f400000, 0x000000072f400000| Untracked 
| 379|0x000000072f600000, 0x000000072f600000, 0x000000072f800000|  0%| F|  |TAMS 0x000000072f600000, 0x000000072f600000| Untracked 
| 380|0x000000072f800000, 0x000000072f800000, 0x000000072fa00000|  0%| F|  |TAMS 0x000000072f800000, 0x000000072f800000| Untracked 
| 381|0x000000072fa00000, 0x000000072fa00000, 0x000000072fc00000|  0%| F|  |TAMS 0x000000072fa00000, 0x000000072fa00000| Untracked 
| 382|0x000000072fc00000, 0x000000072fc00000, 0x000000072fe00000|  0%| F|  |TAMS 0x000000072fc00000, 0x000000072fc00000| Untracked 
| 383|0x000000072fe00000, 0x000000072fe00000, 0x0000000730000000|  0%| F|  |TAMS 0x000000072fe00000, 0x000000072fe00000| Untracked 
| 384|0x0000000730000000, 0x0000000730000000, 0x0000000730200000|  0%| F|  |TAMS 0x0000000730000000, 0x0000000730000000| Untracked 
| 385|0x0000000730200000, 0x0000000730200000, 0x0000000730400000|  0%| F|  |TAMS 0x0000000730200000, 0x0000000730200000| Untracked 
| 386|0x0000000730400000, 0x0000000730400000, 0x0000000730600000|  0%| F|  |TAMS 0x0000000730400000, 0x0000000730400000| Untracked 
| 387|0x0000000730600000, 0x0000000730600000, 0x0000000730800000|  0%| F|  |TAMS 0x0000000730600000, 0x0000000730600000| Untracked 
| 388|0x0000000730800000, 0x0000000730800000, 0x0000000730a00000|  0%| F|  |TAMS 0x0000000730800000, 0x0000000730800000| Untracked 
| 389|0x0000000730a00000, 0x0000000730a00000, 0x0000000730c00000|  0%| F|  |TAMS 0x0000000730a00000, 0x0000000730a00000| Untracked 
| 390|0x0000000730c00000, 0x0000000730c00000, 0x0000000730e00000|  0%| F|  |TAMS 0x0000000730c00000, 0x0000000730c00000| Untracked 
| 391|0x0000000730e00000, 0x0000000730e00000, 0x0000000731000000|  0%| F|  |TAMS 0x0000000730e00000, 0x0000000730e00000| Untracked 
| 392|0x0000000731000000, 0x0000000731000000, 0x0000000731200000|  0%| F|  |TAMS 0x0000000731000000, 0x0000000731000000| Untracked 
| 393|0x0000000731200000, 0x0000000731200000, 0x0000000731400000|  0%| F|  |TAMS 0x0000000731200000, 0x0000000731200000| Untracked 
| 394|0x0000000731400000, 0x0000000731400000, 0x0000000731600000|  0%| F|  |TAMS 0x0000000731400000, 0x0000000731400000| Untracked 
| 395|0x0000000731600000, 0x0000000731600000, 0x0000000731800000|  0%| F|  |TAMS 0x0000000731600000, 0x0000000731600000| Untracked 
| 396|0x0000000731800000, 0x0000000731800000, 0x0000000731a00000|  0%| F|  |TAMS 0x0000000731800000, 0x0000000731800000| Untracked 
| 397|0x0000000731a00000, 0x0000000731a00000, 0x0000000731c00000|  0%| F|  |TAMS 0x0000000731a00000, 0x0000000731a00000| Untracked 
| 398|0x0000000731c00000, 0x0000000731c00000, 0x0000000731e00000|  0%| F|  |TAMS 0x0000000731c00000, 0x0000000731c00000| Untracked 
| 399|0x0000000731e00000, 0x0000000731e00000, 0x0000000732000000|  0%| F|  |TAMS 0x0000000731e00000, 0x0000000731e00000| Untracked 
| 400|0x0000000732000000, 0x0000000732000000, 0x0000000732200000|  0%| F|  |TAMS 0x0000000732000000, 0x0000000732000000| Untracked 
| 401|0x0000000732200000, 0x0000000732200000, 0x0000000732400000|  0%| F|  |TAMS 0x0000000732200000, 0x0000000732200000| Untracked 
| 402|0x0000000732400000, 0x0000000732400000, 0x0000000732600000|  0%| F|  |TAMS 0x0000000732400000, 0x0000000732400000| Untracked 
| 403|0x0000000732600000, 0x0000000732600000, 0x0000000732800000|  0%| F|  |TAMS 0x0000000732600000, 0x0000000732600000| Untracked 
| 404|0x0000000732800000, 0x0000000732800000, 0x0000000732a00000|  0%| F|  |TAMS 0x0000000732800000, 0x0000000732800000| Untracked 
| 405|0x0000000732a00000, 0x0000000732a00000, 0x0000000732c00000|  0%| F|  |TAMS 0x0000000732a00000, 0x0000000732a00000| Untracked 
| 406|0x0000000732c00000, 0x0000000732c00000, 0x0000000732e00000|  0%| F|  |TAMS 0x0000000732c00000, 0x0000000732c00000| Untracked 
| 407|0x0000000732e00000, 0x0000000732e00000, 0x0000000733000000|  0%| F|  |TAMS 0x0000000732e00000, 0x0000000732e00000| Untracked 
| 408|0x0000000733000000, 0x0000000733000000, 0x0000000733200000|  0%| F|  |TAMS 0x0000000733000000, 0x0000000733000000| Untracked 
| 409|0x0000000733200000, 0x0000000733200000, 0x0000000733400000|  0%| F|  |TAMS 0x0000000733200000, 0x0000000733200000| Untracked 
| 410|0x0000000733400000, 0x0000000733400000, 0x0000000733600000|  0%| F|  |TAMS 0x0000000733400000, 0x0000000733400000| Untracked 
| 411|0x0000000733600000, 0x0000000733600000, 0x0000000733800000|  0%| F|  |TAMS 0x0000000733600000, 0x0000000733600000| Untracked 
| 412|0x0000000733800000, 0x0000000733800000, 0x0000000733a00000|  0%| F|  |TAMS 0x0000000733800000, 0x0000000733800000| Untracked 
| 413|0x0000000733a00000, 0x0000000733a00000, 0x0000000733c00000|  0%| F|  |TAMS 0x0000000733a00000, 0x0000000733a00000| Untracked 
| 414|0x0000000733c00000, 0x0000000733c00000, 0x0000000733e00000|  0%| F|  |TAMS 0x0000000733c00000, 0x0000000733c00000| Untracked 
| 415|0x0000000733e00000, 0x0000000733e00000, 0x0000000734000000|  0%| F|  |TAMS 0x0000000733e00000, 0x0000000733e00000| Untracked 
| 416|0x0000000734000000, 0x0000000734000000, 0x0000000734200000|  0%| F|  |TAMS 0x0000000734000000, 0x0000000734000000| Untracked 
| 417|0x0000000734200000, 0x0000000734200000, 0x0000000734400000|  0%| F|  |TAMS 0x0000000734200000, 0x0000000734200000| Untracked 
| 418|0x0000000734400000, 0x0000000734400000, 0x0000000734600000|  0%| F|  |TAMS 0x0000000734400000, 0x0000000734400000| Untracked 
| 419|0x0000000734600000, 0x0000000734600000, 0x0000000734800000|  0%| F|  |TAMS 0x0000000734600000, 0x0000000734600000| Untracked 
| 420|0x0000000734800000, 0x0000000734800000, 0x0000000734a00000|  0%| F|  |TAMS 0x0000000734800000, 0x0000000734800000| Untracked 
| 421|0x0000000734a00000, 0x0000000734a00000, 0x0000000734c00000|  0%| F|  |TAMS 0x0000000734a00000, 0x0000000734a00000| Untracked 
| 422|0x0000000734c00000, 0x0000000734c00000, 0x0000000734e00000|  0%| F|  |TAMS 0x0000000734c00000, 0x0000000734c00000| Untracked 
| 423|0x0000000734e00000, 0x0000000734e00000, 0x0000000735000000|  0%| F|  |TAMS 0x0000000734e00000, 0x0000000734e00000| Untracked 
| 424|0x0000000735000000, 0x0000000735000000, 0x0000000735200000|  0%| F|  |TAMS 0x0000000735000000, 0x0000000735000000| Untracked 
| 425|0x0000000735200000, 0x0000000735200000, 0x0000000735400000|  0%| F|  |TAMS 0x0000000735200000, 0x0000000735200000| Untracked 
| 426|0x0000000735400000, 0x0000000735400000, 0x0000000735600000|  0%| F|  |TAMS 0x0000000735400000, 0x0000000735400000| Untracked 
| 427|0x0000000735600000, 0x0000000735600000, 0x0000000735800000|  0%| F|  |TAMS 0x0000000735600000, 0x0000000735600000| Untracked 
| 428|0x0000000735800000, 0x0000000735800000, 0x0000000735a00000|  0%| F|  |TAMS 0x0000000735800000, 0x0000000735800000| Untracked 
| 429|0x0000000735a00000, 0x0000000735a00000, 0x0000000735c00000|  0%| F|  |TAMS 0x0000000735a00000, 0x0000000735a00000| Untracked 
| 430|0x0000000735c00000, 0x0000000735c00000, 0x0000000735e00000|  0%| F|  |TAMS 0x0000000735c00000, 0x0000000735c00000| Untracked 
| 431|0x0000000735e00000, 0x0000000735e00000, 0x0000000736000000|  0%| F|  |TAMS 0x0000000735e00000, 0x0000000735e00000| Untracked 
| 432|0x0000000736000000, 0x0000000736000000, 0x0000000736200000|  0%| F|  |TAMS 0x0000000736000000, 0x0000000736000000| Untracked 
| 433|0x0000000736200000, 0x0000000736200000, 0x0000000736400000|  0%| F|  |TAMS 0x0000000736200000, 0x0000000736200000| Untracked 
| 434|0x0000000736400000, 0x0000000736400000, 0x0000000736600000|  0%| F|  |TAMS 0x0000000736400000, 0x0000000736400000| Untracked 
| 435|0x0000000736600000, 0x0000000736600000, 0x0000000736800000|  0%| F|  |TAMS 0x0000000736600000, 0x0000000736600000| Untracked 
| 436|0x0000000736800000, 0x0000000736800000, 0x0000000736a00000|  0%| F|  |TAMS 0x0000000736800000, 0x0000000736800000| Untracked 
| 437|0x0000000736a00000, 0x0000000736a00000, 0x0000000736c00000|  0%| F|  |TAMS 0x0000000736a00000, 0x0000000736a00000| Untracked 
| 438|0x0000000736c00000, 0x0000000736c00000, 0x0000000736e00000|  0%| F|  |TAMS 0x0000000736c00000, 0x0000000736c00000| Untracked 
| 439|0x0000000736e00000, 0x0000000736e00000, 0x0000000737000000|  0%| F|  |TAMS 0x0000000736e00000, 0x0000000736e00000| Untracked 
| 440|0x0000000737000000, 0x0000000737000000, 0x0000000737200000|  0%| F|  |TAMS 0x0000000737000000, 0x0000000737000000| Untracked 
| 441|0x0000000737200000, 0x0000000737200000, 0x0000000737400000|  0%| F|  |TAMS 0x0000000737200000, 0x0000000737200000| Untracked 
| 442|0x0000000737400000, 0x0000000737400000, 0x0000000737600000|  0%| F|  |TAMS 0x0000000737400000, 0x0000000737400000| Untracked 
| 443|0x0000000737600000, 0x0000000737600000, 0x0000000737800000|  0%| F|  |TAMS 0x0000000737600000, 0x0000000737600000| Untracked 
| 444|0x0000000737800000, 0x0000000737800000, 0x0000000737a00000|  0%| F|  |TAMS 0x0000000737800000, 0x0000000737800000| Untracked 
| 445|0x0000000737a00000, 0x0000000737a00000, 0x0000000737c00000|  0%| F|  |TAMS 0x0000000737a00000, 0x0000000737a00000| Untracked 
| 446|0x0000000737c00000, 0x0000000737c00000, 0x0000000737e00000|  0%| F|  |TAMS 0x0000000737c00000, 0x0000000737c00000| Untracked 
| 447|0x0000000737e00000, 0x0000000737e00000, 0x0000000738000000|  0%| F|  |TAMS 0x0000000737e00000, 0x0000000737e00000| Untracked 
| 448|0x0000000738000000, 0x0000000738000000, 0x0000000738200000|  0%| F|  |TAMS 0x0000000738000000, 0x0000000738000000| Untracked 
| 449|0x0000000738200000, 0x0000000738200000, 0x0000000738400000|  0%| F|  |TAMS 0x0000000738200000, 0x0000000738200000| Untracked 
| 450|0x0000000738400000, 0x0000000738400000, 0x0000000738600000|  0%| F|  |TAMS 0x0000000738400000, 0x0000000738400000| Untracked 
| 451|0x0000000738600000, 0x0000000738600000, 0x0000000738800000|  0%| F|  |TAMS 0x0000000738600000, 0x0000000738600000| Untracked 
| 452|0x0000000738800000, 0x0000000738800000, 0x0000000738a00000|  0%| F|  |TAMS 0x0000000738800000, 0x0000000738800000| Untracked 
| 453|0x0000000738a00000, 0x0000000738a00000, 0x0000000738c00000|  0%| F|  |TAMS 0x0000000738a00000, 0x0000000738a00000| Untracked 
| 454|0x0000000738c00000, 0x0000000738c00000, 0x0000000738e00000|  0%| F|  |TAMS 0x0000000738c00000, 0x0000000738c00000| Untracked 
| 455|0x0000000738e00000, 0x0000000738e00000, 0x0000000739000000|  0%| F|  |TAMS 0x0000000738e00000, 0x0000000738e00000| Untracked 
| 456|0x0000000739000000, 0x0000000739000000, 0x0000000739200000|  0%| F|  |TAMS 0x0000000739000000, 0x0000000739000000| Untracked 
| 457|0x0000000739200000, 0x0000000739200000, 0x0000000739400000|  0%| F|  |TAMS 0x0000000739200000, 0x0000000739200000| Untracked 
| 458|0x0000000739400000, 0x0000000739400000, 0x0000000739600000|  0%| F|  |TAMS 0x0000000739400000, 0x0000000739400000| Untracked 
| 459|0x0000000739600000, 0x0000000739600000, 0x0000000739800000|  0%| F|  |TAMS 0x0000000739600000, 0x0000000739600000| Untracked 
| 460|0x0000000739800000, 0x0000000739800000, 0x0000000739a00000|  0%| F|  |TAMS 0x0000000739800000, 0x0000000739800000| Untracked 
| 461|0x0000000739a00000, 0x0000000739a00000, 0x0000000739c00000|  0%| F|  |TAMS 0x0000000739a00000, 0x0000000739a00000| Untracked 
| 462|0x0000000739c00000, 0x0000000739c00000, 0x0000000739e00000|  0%| F|  |TAMS 0x0000000739c00000, 0x0000000739c00000| Untracked 
| 463|0x0000000739e00000, 0x0000000739e00000, 0x000000073a000000|  0%| F|  |TAMS 0x0000000739e00000, 0x0000000739e00000| Untracked 
| 464|0x000000073a000000, 0x000000073a000000, 0x000000073a200000|  0%| F|  |TAMS 0x000000073a000000, 0x000000073a000000| Untracked 
| 465|0x000000073a200000, 0x000000073a200000, 0x000000073a400000|  0%| F|  |TAMS 0x000000073a200000, 0x000000073a200000| Untracked 
| 466|0x000000073a400000, 0x000000073a400000, 0x000000073a600000|  0%| F|  |TAMS 0x000000073a400000, 0x000000073a400000| Untracked 
| 467|0x000000073a600000, 0x000000073a600000, 0x000000073a800000|  0%| F|  |TAMS 0x000000073a600000, 0x000000073a600000| Untracked 
| 468|0x000000073a800000, 0x000000073a800000, 0x000000073aa00000|  0%| F|  |TAMS 0x000000073a800000, 0x000000073a800000| Untracked 
| 469|0x000000073aa00000, 0x000000073aa00000, 0x000000073ac00000|  0%| F|  |TAMS 0x000000073aa00000, 0x000000073aa00000| Untracked 
| 470|0x000000073ac00000, 0x000000073ac00000, 0x000000073ae00000|  0%| F|  |TAMS 0x000000073ac00000, 0x000000073ac00000| Untracked 
| 471|0x000000073ae00000, 0x000000073ae00000, 0x000000073b000000|  0%| F|  |TAMS 0x000000073ae00000, 0x000000073ae00000| Untracked 
| 472|0x000000073b000000, 0x000000073b000000, 0x000000073b200000|  0%| F|  |TAMS 0x000000073b000000, 0x000000073b000000| Untracked 
| 473|0x000000073b200000, 0x000000073b200000, 0x000000073b400000|  0%| F|  |TAMS 0x000000073b200000, 0x000000073b200000| Untracked 
| 474|0x000000073b400000, 0x000000073b400000, 0x000000073b600000|  0%| F|  |TAMS 0x000000073b400000, 0x000000073b400000| Untracked 
| 475|0x000000073b600000, 0x000000073b600000, 0x000000073b800000|  0%| F|  |TAMS 0x000000073b600000, 0x000000073b600000| Untracked 
| 476|0x000000073b800000, 0x000000073b800000, 0x000000073ba00000|  0%| F|  |TAMS 0x000000073b800000, 0x000000073b800000| Untracked 
| 477|0x000000073ba00000, 0x000000073ba00000, 0x000000073bc00000|  0%| F|  |TAMS 0x000000073ba00000, 0x000000073ba00000| Untracked 
| 478|0x000000073bc00000, 0x000000073bc00000, 0x000000073be00000|  0%| F|  |TAMS 0x000000073bc00000, 0x000000073bc00000| Untracked 
| 479|0x000000073be00000, 0x000000073be00000, 0x000000073c000000|  0%| F|  |TAMS 0x000000073be00000, 0x000000073be00000| Untracked 
| 480|0x000000073c000000, 0x000000073c000000, 0x000000073c200000|  0%| F|  |TAMS 0x000000073c000000, 0x000000073c000000| Untracked 
| 481|0x000000073c200000, 0x000000073c200000, 0x000000073c400000|  0%| F|  |TAMS 0x000000073c200000, 0x000000073c200000| Untracked 
| 482|0x000000073c400000, 0x000000073c400000, 0x000000073c600000|  0%| F|  |TAMS 0x000000073c400000, 0x000000073c400000| Untracked 
| 483|0x000000073c600000, 0x000000073c600000, 0x000000073c800000|  0%| F|  |TAMS 0x000000073c600000, 0x000000073c600000| Untracked 
| 484|0x000000073c800000, 0x000000073c800000, 0x000000073ca00000|  0%| F|  |TAMS 0x000000073c800000, 0x000000073c800000| Untracked 
| 485|0x000000073ca00000, 0x000000073ca00000, 0x000000073cc00000|  0%| F|  |TAMS 0x000000073ca00000, 0x000000073ca00000| Untracked 
| 486|0x000000073cc00000, 0x000000073cc00000, 0x000000073ce00000|  0%| F|  |TAMS 0x000000073cc00000, 0x000000073cc00000| Untracked 
| 487|0x000000073ce00000, 0x000000073ce00000, 0x000000073d000000|  0%| F|  |TAMS 0x000000073ce00000, 0x000000073ce00000| Untracked 
| 488|0x000000073d000000, 0x000000073d000000, 0x000000073d200000|  0%| F|  |TAMS 0x000000073d000000, 0x000000073d000000| Untracked 
| 489|0x000000073d200000, 0x000000073d200000, 0x000000073d400000|  0%| F|  |TAMS 0x000000073d200000, 0x000000073d200000| Untracked 
| 490|0x000000073d400000, 0x000000073d400000, 0x000000073d600000|  0%| F|  |TAMS 0x000000073d400000, 0x000000073d400000| Untracked 
| 491|0x000000073d600000, 0x000000073d600000, 0x000000073d800000|  0%| F|  |TAMS 0x000000073d600000, 0x000000073d600000| Untracked 
| 492|0x000000073d800000, 0x000000073d800000, 0x000000073da00000|  0%| F|  |TAMS 0x000000073d800000, 0x000000073d800000| Untracked 
| 493|0x000000073da00000, 0x000000073da00000, 0x000000073dc00000|  0%| F|  |TAMS 0x000000073da00000, 0x000000073da00000| Untracked 
| 494|0x000000073dc00000, 0x000000073dc00000, 0x000000073de00000|  0%| F|  |TAMS 0x000000073dc00000, 0x000000073dc00000| Untracked 
| 495|0x000000073de00000, 0x000000073de00000, 0x000000073e000000|  0%| F|  |TAMS 0x000000073de00000, 0x000000073de00000| Untracked 
| 496|0x000000073e000000, 0x000000073e000000, 0x000000073e200000|  0%| F|  |TAMS 0x000000073e000000, 0x000000073e000000| Untracked 
| 497|0x000000073e200000, 0x000000073e200000, 0x000000073e400000|  0%| F|  |TAMS 0x000000073e200000, 0x000000073e200000| Untracked 
| 498|0x000000073e400000, 0x000000073e400000, 0x000000073e600000|  0%| F|  |TAMS 0x000000073e400000, 0x000000073e400000| Untracked 
| 499|0x000000073e600000, 0x000000073e600000, 0x000000073e800000|  0%| F|  |TAMS 0x000000073e600000, 0x000000073e600000| Untracked 
| 500|0x000000073e800000, 0x000000073e800000, 0x000000073ea00000|  0%| F|  |TAMS 0x000000073e800000, 0x000000073e800000| Untracked 
| 501|0x000000073ea00000, 0x000000073ea00000, 0x000000073ec00000|  0%| F|  |TAMS 0x000000073ea00000, 0x000000073ea00000| Untracked 
| 502|0x000000073ec00000, 0x000000073ec00000, 0x000000073ee00000|  0%| F|  |TAMS 0x000000073ec00000, 0x000000073ec00000| Untracked 
| 503|0x000000073ee00000, 0x000000073ee00000, 0x000000073f000000|  0%| F|  |TAMS 0x000000073ee00000, 0x000000073ee00000| Untracked 
| 504|0x000000073f000000, 0x000000073f000000, 0x000000073f200000|  0%| F|  |TAMS 0x000000073f000000, 0x000000073f000000| Untracked 
| 505|0x000000073f200000, 0x000000073f200000, 0x000000073f400000|  0%| F|  |TAMS 0x000000073f200000, 0x000000073f200000| Untracked 
| 506|0x000000073f400000, 0x000000073f400000, 0x000000073f600000|  0%| F|  |TAMS 0x000000073f400000, 0x000000073f400000| Untracked 
| 507|0x000000073f600000, 0x000000073f600000, 0x000000073f800000|  0%| F|  |TAMS 0x000000073f600000, 0x000000073f600000| Untracked 
| 508|0x000000073f800000, 0x000000073f800000, 0x000000073fa00000|  0%| F|  |TAMS 0x000000073f800000, 0x000000073f800000| Untracked 
| 509|0x000000073fa00000, 0x000000073fa00000, 0x000000073fc00000|  0%| F|  |TAMS 0x000000073fa00000, 0x000000073fa00000| Untracked 
| 510|0x000000073fc00000, 0x000000073fc00000, 0x000000073fe00000|  0%| F|  |TAMS 0x000000073fc00000, 0x000000073fc00000| Untracked 
| 511|0x000000073fe00000, 0x000000073fe00000, 0x0000000740000000|  0%| F|  |TAMS 0x000000073fe00000, 0x000000073fe00000| Untracked 
| 512|0x0000000740000000, 0x0000000740000000, 0x0000000740200000|  0%| F|  |TAMS 0x0000000740000000, 0x0000000740000000| Untracked 
| 513|0x0000000740200000, 0x0000000740200000, 0x0000000740400000|  0%| F|  |TAMS 0x0000000740200000, 0x0000000740200000| Untracked 
| 514|0x0000000740400000, 0x0000000740400000, 0x0000000740600000|  0%| F|  |TAMS 0x0000000740400000, 0x0000000740400000| Untracked 
| 515|0x0000000740600000, 0x0000000740600000, 0x0000000740800000|  0%| F|  |TAMS 0x0000000740600000, 0x0000000740600000| Untracked 
| 516|0x0000000740800000, 0x0000000740800000, 0x0000000740a00000|  0%| F|  |TAMS 0x0000000740800000, 0x0000000740800000| Untracked 
| 517|0x0000000740a00000, 0x0000000740a00000, 0x0000000740c00000|  0%| F|  |TAMS 0x0000000740a00000, 0x0000000740a00000| Untracked 
| 518|0x0000000740c00000, 0x0000000740c00000, 0x0000000740e00000|  0%| F|  |TAMS 0x0000000740c00000, 0x0000000740c00000| Untracked 
| 519|0x0000000740e00000, 0x0000000740e00000, 0x0000000741000000|  0%| F|  |TAMS 0x0000000740e00000, 0x0000000740e00000| Untracked 
| 520|0x0000000741000000, 0x0000000741000000, 0x0000000741200000|  0%| F|  |TAMS 0x0000000741000000, 0x0000000741000000| Untracked 
| 521|0x0000000741200000, 0x0000000741200000, 0x0000000741400000|  0%| F|  |TAMS 0x0000000741200000, 0x0000000741200000| Untracked 
| 522|0x0000000741400000, 0x0000000741400000, 0x0000000741600000|  0%| F|  |TAMS 0x0000000741400000, 0x0000000741400000| Untracked 
| 523|0x0000000741600000, 0x0000000741600000, 0x0000000741800000|  0%| F|  |TAMS 0x0000000741600000, 0x0000000741600000| Untracked 
| 524|0x0000000741800000, 0x0000000741800000, 0x0000000741a00000|  0%| F|  |TAMS 0x0000000741800000, 0x0000000741800000| Untracked 
| 525|0x0000000741a00000, 0x0000000741a00000, 0x0000000741c00000|  0%| F|  |TAMS 0x0000000741a00000, 0x0000000741a00000| Untracked 
| 526|0x0000000741c00000, 0x0000000741c00000, 0x0000000741e00000|  0%| F|  |TAMS 0x0000000741c00000, 0x0000000741c00000| Untracked 
| 527|0x0000000741e00000, 0x0000000741e00000, 0x0000000742000000|  0%| F|  |TAMS 0x0000000741e00000, 0x0000000741e00000| Untracked 
| 528|0x0000000742000000, 0x0000000742000000, 0x0000000742200000|  0%| F|  |TAMS 0x0000000742000000, 0x0000000742000000| Untracked 
| 529|0x0000000742200000, 0x0000000742200000, 0x0000000742400000|  0%| F|  |TAMS 0x0000000742200000, 0x0000000742200000| Untracked 
| 530|0x0000000742400000, 0x0000000742400000, 0x0000000742600000|  0%| F|  |TAMS 0x0000000742400000, 0x0000000742400000| Untracked 
| 531|0x0000000742600000, 0x0000000742600000, 0x0000000742800000|  0%| F|  |TAMS 0x0000000742600000, 0x0000000742600000| Untracked 
| 532|0x0000000742800000, 0x0000000742800000, 0x0000000742a00000|  0%| F|  |TAMS 0x0000000742800000, 0x0000000742800000| Untracked 
| 533|0x0000000742a00000, 0x0000000742a00000, 0x0000000742c00000|  0%| F|  |TAMS 0x0000000742a00000, 0x0000000742a00000| Untracked 
| 534|0x0000000742c00000, 0x0000000742c00000, 0x0000000742e00000|  0%| F|  |TAMS 0x0000000742c00000, 0x0000000742c00000| Untracked 
| 535|0x0000000742e00000, 0x0000000742e00000, 0x0000000743000000|  0%| F|  |TAMS 0x0000000742e00000, 0x0000000742e00000| Untracked 
| 536|0x0000000743000000, 0x0000000743000000, 0x0000000743200000|  0%| F|  |TAMS 0x0000000743000000, 0x0000000743000000| Untracked 
| 537|0x0000000743200000, 0x0000000743200000, 0x0000000743400000|  0%| F|  |TAMS 0x0000000743200000, 0x0000000743200000| Untracked 
| 538|0x0000000743400000, 0x0000000743400000, 0x0000000743600000|  0%| F|  |TAMS 0x0000000743400000, 0x0000000743400000| Untracked 
| 539|0x0000000743600000, 0x0000000743600000, 0x0000000743800000|  0%| F|  |TAMS 0x0000000743600000, 0x0000000743600000| Untracked 
| 540|0x0000000743800000, 0x0000000743800000, 0x0000000743a00000|  0%| F|  |TAMS 0x0000000743800000, 0x0000000743800000| Untracked 
| 541|0x0000000743a00000, 0x0000000743a00000, 0x0000000743c00000|  0%| F|  |TAMS 0x0000000743a00000, 0x0000000743a00000| Untracked 
| 542|0x0000000743c00000, 0x0000000743c00000, 0x0000000743e00000|  0%| F|  |TAMS 0x0000000743c00000, 0x0000000743c00000| Untracked 
| 543|0x0000000743e00000, 0x0000000743e00000, 0x0000000744000000|  0%| F|  |TAMS 0x0000000743e00000, 0x0000000743e00000| Untracked 
| 544|0x0000000744000000, 0x0000000744000000, 0x0000000744200000|  0%| F|  |TAMS 0x0000000744000000, 0x0000000744000000| Untracked 
| 545|0x0000000744200000, 0x0000000744200000, 0x0000000744400000|  0%| F|  |TAMS 0x0000000744200000, 0x0000000744200000| Untracked 
| 546|0x0000000744400000, 0x0000000744400000, 0x0000000744600000|  0%| F|  |TAMS 0x0000000744400000, 0x0000000744400000| Untracked 
| 547|0x0000000744600000, 0x0000000744600000, 0x0000000744800000|  0%| F|  |TAMS 0x0000000744600000, 0x0000000744600000| Untracked 
| 548|0x0000000744800000, 0x0000000744800000, 0x0000000744a00000|  0%| F|  |TAMS 0x0000000744800000, 0x0000000744800000| Untracked 
| 549|0x0000000744a00000, 0x0000000744a00000, 0x0000000744c00000|  0%| F|  |TAMS 0x0000000744a00000, 0x0000000744a00000| Untracked 
| 550|0x0000000744c00000, 0x0000000744d04fc8, 0x0000000744e00000| 50%| S|CS|TAMS 0x0000000744c00000, 0x0000000744c00000| Complete 
| 551|0x0000000744e00000, 0x0000000745000000, 0x0000000745000000|100%| S|CS|TAMS 0x0000000744e00000, 0x0000000744e00000| Complete 
| 552|0x0000000745000000, 0x0000000745000000, 0x0000000745200000|  0%| F|  |TAMS 0x0000000745000000, 0x0000000745000000| Untracked 
| 553|0x0000000745200000, 0x0000000745200000, 0x0000000745400000|  0%| F|  |TAMS 0x0000000745200000, 0x0000000745200000| Untracked 
| 554|0x0000000745400000, 0x0000000745400000, 0x0000000745600000|  0%| F|  |TAMS 0x0000000745400000, 0x0000000745400000| Untracked 
| 555|0x0000000745600000, 0x0000000745600000, 0x0000000745800000|  0%| F|  |TAMS 0x0000000745600000, 0x0000000745600000| Untracked 
| 556|0x0000000745800000, 0x0000000745800000, 0x0000000745a00000|  0%| F|  |TAMS 0x0000000745800000, 0x0000000745800000| Untracked 
| 557|0x0000000745a00000, 0x0000000745a00000, 0x0000000745c00000|  0%| F|  |TAMS 0x0000000745a00000, 0x0000000745a00000| Untracked 
| 558|0x0000000745c00000, 0x0000000745c00000, 0x0000000745e00000|  0%| F|  |TAMS 0x0000000745c00000, 0x0000000745c00000| Untracked 
| 559|0x0000000745e00000, 0x0000000745e00000, 0x0000000746000000|  0%| F|  |TAMS 0x0000000745e00000, 0x0000000745e00000| Untracked 
| 560|0x0000000746000000, 0x0000000746000000, 0x0000000746200000|  0%| F|  |TAMS 0x0000000746000000, 0x0000000746000000| Untracked 
| 561|0x0000000746200000, 0x0000000746200000, 0x0000000746400000|  0%| F|  |TAMS 0x0000000746200000, 0x0000000746200000| Untracked 
| 562|0x0000000746400000, 0x0000000746400000, 0x0000000746600000|  0%| F|  |TAMS 0x0000000746400000, 0x0000000746400000| Untracked 
| 563|0x0000000746600000, 0x0000000746600000, 0x0000000746800000|  0%| F|  |TAMS 0x0000000746600000, 0x0000000746600000| Untracked 
| 564|0x0000000746800000, 0x0000000746800000, 0x0000000746a00000|  0%| F|  |TAMS 0x0000000746800000, 0x0000000746800000| Untracked 
| 565|0x0000000746a00000, 0x0000000746a00000, 0x0000000746c00000|  0%| F|  |TAMS 0x0000000746a00000, 0x0000000746a00000| Untracked 
| 566|0x0000000746c00000, 0x0000000746c00000, 0x0000000746e00000|  0%| F|  |TAMS 0x0000000746c00000, 0x0000000746c00000| Untracked 
| 567|0x0000000746e00000, 0x0000000746e00000, 0x0000000747000000|  0%| F|  |TAMS 0x0000000746e00000, 0x0000000746e00000| Untracked 
| 568|0x0000000747000000, 0x0000000747000000, 0x0000000747200000|  0%| F|  |TAMS 0x0000000747000000, 0x0000000747000000| Untracked 
| 569|0x0000000747200000, 0x0000000747200000, 0x0000000747400000|  0%| F|  |TAMS 0x0000000747200000, 0x0000000747200000| Untracked 
| 570|0x0000000747400000, 0x0000000747400000, 0x0000000747600000|  0%| F|  |TAMS 0x0000000747400000, 0x0000000747400000| Untracked 
| 571|0x0000000747600000, 0x0000000747600000, 0x0000000747800000|  0%| F|  |TAMS 0x0000000747600000, 0x0000000747600000| Untracked 
| 572|0x0000000747800000, 0x0000000747800000, 0x0000000747a00000|  0%| F|  |TAMS 0x0000000747800000, 0x0000000747800000| Untracked 
| 573|0x0000000747a00000, 0x0000000747a00000, 0x0000000747c00000|  0%| F|  |TAMS 0x0000000747a00000, 0x0000000747a00000| Untracked 
| 574|0x0000000747c00000, 0x0000000747c00000, 0x0000000747e00000|  0%| F|  |TAMS 0x0000000747c00000, 0x0000000747c00000| Untracked 
| 575|0x0000000747e00000, 0x0000000747e00000, 0x0000000748000000|  0%| F|  |TAMS 0x0000000747e00000, 0x0000000747e00000| Untracked 

Card table byte_map: [0x0000029e7d960000,0x0000029e7e160000] _byte_map_base: 0x0000029e7a160000

Marking Bits (Prev, Next): (CMBitMap*) 0x0000029e7cbd5fa0, (CMBitMap*) 0x0000029e7cbd5fe0
 Prev Bits: [0x0000029e16a80000, 0x0000029e1aa80000)
 Next Bits: [0x0000029e1aa80000, 0x0000029e1ea80000)

Polling page: 0x0000029e7c310000

Metaspace:

Usage:
  Non-class:    125.16 MB used.
      Class:     20.27 MB used.
       Both:    145.43 MB used.

Virtual space:
  Non-class space:      128.00 MB reserved,     126.12 MB ( 99%) committed,  2 nodes.
      Class space:      832.00 MB reserved,      21.12 MB (  3%) committed,  1 nodes.
             Both:      960.00 MB reserved,     147.25 MB ( 15%) committed. 

Chunk freelists:
   Non-Class:  1.36 MB
       Class:  10.89 MB
        Both:  12.25 MB

MaxMetaspaceSize: 1.00 GB
CompressedClassSpaceSize: 832.00 MB
Initial GC threshold: 21.00 MB
Current GC threshold: 244.31 MB
CDS: on
MetaspaceReclaimPolicy: balanced
 - commit_granule_bytes: 65536.
 - commit_granule_words: 8192.
 - virtual_space_node_default_size: 8388608.
 - enlarge_chunks_in_place: 1.
 - new_chunks_are_fully_committed: 0.
 - uncommit_free_chunks: 1.
 - use_allocation_guard: 0.
 - handle_deallocations: 1.


Internal statistics:

num_allocs_failed_limit: 62.
num_arena_births: 2630.
num_arena_deaths: 68.
num_vsnodes_births: 3.
num_vsnodes_deaths: 0.
num_space_committed: 2355.
num_space_uncommitted: 0.
num_chunks_returned_to_freelist: 155.
num_chunks_taken_from_freelist: 9786.
num_chunk_merges: 83.
num_chunk_splits: 6119.
num_chunks_enlarged: 3604.
num_inconsistent_stats: 0.

CodeHeap 'non-profiled nmethods': size=120000Kb used=15286Kb max_used=15286Kb free=104713Kb
 bounds [0x0000029e0f550000, 0x0000029e10450000, 0x0000029e16a80000]
CodeHeap 'profiled nmethods': size=120000Kb used=49006Kb max_used=49006Kb free=70993Kb
 bounds [0x0000029e07a80000, 0x0000029e0aaa0000, 0x0000029e0efb0000]
CodeHeap 'non-nmethods': size=5760Kb used=2578Kb max_used=2608Kb free=3181Kb
 bounds [0x0000029e0efb0000, 0x0000029e0f250000, 0x0000029e0f550000]
 total_blobs=23808 nmethods=22747 adapters=969
 compilation: enabled
              stopped_count=0, restarted_count=0
 full_count=0

Compilation events (20 events):
Event: 82.751 Thread 0x0000029e7f4d9d00 29567       3       com.android.tools.r8.graph.L4::b (64 bytes)
Event: 82.752 Thread 0x0000029e7f4d9d00 nmethod 29567 0x0000029e098a4790 code [0x0000029e098a49e0, 0x0000029e098a5488]
Event: 82.755 Thread 0x0000029e7f4d9d00 29568       3       com.android.tools.r8.internal.gn::a (18 bytes)
Event: 82.756 Thread 0x0000029e7f4d9d00 nmethod 29568 0x0000029e09e1eb10 code [0x0000029e09e1ed20, 0x0000029e09e1f3f8]
Event: 82.756 Thread 0x0000029e7f4d9d00 29569       2       com.android.tools.r8.internal.qo::a (1 bytes)
Event: 82.756 Thread 0x0000029e7f4d9d00 nmethod 29569 0x0000029e0a478d90 code [0x0000029e0a478f20, 0x0000029e0a479018]
Event: 82.768 Thread 0x0000029e7f4d9d00 29570       2       com.android.tools.r8.internal.Aq::a (21 bytes)
Event: 82.769 Thread 0x0000029e7f4d9d00 nmethod 29570 0x0000029e098a4190 code [0x0000029e098a4360, 0x0000029e098a4598]
Event: 82.775 Thread 0x0000029e7f4d9d00 29571       2       com.android.tools.r8.internal.gp::a (18 bytes)
Event: 82.776 Thread 0x0000029e7f4d9d00 nmethod 29571 0x0000029e098a3b90 code [0x0000029e098a3d60, 0x0000029e098a3f98]
Event: 82.777 Thread 0x0000029e7f4d9d00 29573       2       com.android.tools.r8.graph.Q4$$Lambda$4120/0x0000029e233d1b40::accept (24 bytes)
Event: 82.777 Thread 0x0000029e7f4d9d00 nmethod 29573 0x0000029e098a3790 code [0x0000029e098a3940, 0x0000029e098a3ac8]
Event: 82.784 Thread 0x0000029e7f4d9d00 29574       3       com.android.tools.r8.graph.O0::q0 (5 bytes)
Event: 82.784 Thread 0x0000029e7f4d9d00 nmethod 29574 0x0000029e098a3310 code [0x0000029e098a34a0, 0x0000029e098a36b8]
Event: 82.785 Thread 0x0000029e7f4d9d00 29575       2       com.android.tools.r8.internal.bR::f (16 bytes)
Event: 82.786 Thread 0x0000029e7f4d9d00 nmethod 29575 0x0000029e098a2f10 code [0x0000029e098a30c0, 0x0000029e098a3208]
Event: 82.805 Thread 0x0000029e7f4d9d00 29577       2       com.android.tools.r8.internal.so::a (1 bytes)
Event: 82.805 Thread 0x0000029e7f4d9d00 nmethod 29577 0x0000029e0a614b90 code [0x0000029e0a614d20, 0x0000029e0a614e18]
Event: 82.805 Thread 0x0000029e7f4d9d00 29578       2       com.android.tools.r8.internal.lq::a (1 bytes)
Event: 82.805 Thread 0x0000029e7f4d9d00 nmethod 29578 0x0000029e0a645a90 code [0x0000029e0a645c20, 0x0000029e0a645d18]

GC Heap History (20 events):
Event: 67.756 GC heap after
{Heap after GC invocations=69 (full 0):
 garbage-first heap   total 1179648K, used 357727K [0x0000000700000000, 0x0000000800000000)
  region size 2048K, 2 young (4096K), 2 survivors (4096K)
 Metaspace       used 147809K, committed 149696K, reserved 983040K
  class space    used 20704K, committed 21568K, reserved 851968K
}
Event: 70.397 GC heap before
{Heap before GC invocations=69 (full 0):
 garbage-first heap   total 1179648K, used 970079K [0x0000000700000000, 0x0000000800000000)
  region size 2048K, 302 young (618496K), 2 survivors (4096K)
 Metaspace       used 148187K, committed 150080K, reserved 983040K
  class space    used 20725K, committed 21632K, reserved 851968K
}
Event: 70.424 GC heap after
{Heap after GC invocations=70 (full 0):
 garbage-first heap   total 1179648K, used 375631K [0x0000000700000000, 0x0000000800000000)
  region size 2048K, 11 young (22528K), 11 survivors (22528K)
 Metaspace       used 148187K, committed 150080K, reserved 983040K
  class space    used 20725K, committed 21632K, reserved 851968K
}
Event: 72.248 GC heap before
{Heap before GC invocations=71 (full 0):
 garbage-first heap   total 1179648K, used 899919K [0x0000000700000000, 0x0000000800000000)
  region size 2048K, 268 young (548864K), 11 survivors (22528K)
 Metaspace       used 148323K, committed 150144K, reserved 983040K
  class space    used 20729K, committed 21632K, reserved 851968K
}
Event: 72.298 GC heap after
{Heap after GC invocations=72 (full 0):
 garbage-first heap   total 1179648K, used 377421K [0x0000000700000000, 0x0000000800000000)
  region size 2048K, 12 young (24576K), 12 survivors (24576K)
 Metaspace       used 148323K, committed 150144K, reserved 983040K
  class space    used 20729K, committed 21632K, reserved 851968K
}
Event: 72.434 GC heap before
{Heap before GC invocations=72 (full 0):
 garbage-first heap   total 1179648K, used 410189K [0x0000000700000000, 0x0000000800000000)
  region size 2048K, 28 young (57344K), 12 survivors (24576K)
 Metaspace       used 148332K, committed 150144K, reserved 983040K
  class space    used 20729K, committed 21632K, reserved 851968K
}
Event: 72.509 GC heap after
{Heap after GC invocations=73 (full 0):
 garbage-first heap   total 1179648K, used 372783K [0x0000000700000000, 0x0000000800000000)
  region size 2048K, 2 young (4096K), 2 survivors (4096K)
 Metaspace       used 148332K, committed 150144K, reserved 983040K
  class space    used 20729K, committed 21632K, reserved 851968K
}
Event: 74.588 GC heap before
{Heap before GC invocations=73 (full 0):
 garbage-first heap   total 1179648K, used 983087K [0x0000000700000000, 0x0000000800000000)
  region size 2048K, 301 young (616448K), 2 survivors (4096K)
 Metaspace       used 148622K, committed 150464K, reserved 983040K
  class space    used 20737K, committed 21632K, reserved 851968K
}
Event: 74.597 GC heap after
{Heap after GC invocations=74 (full 0):
 garbage-first heap   total 1179648K, used 375816K [0x0000000700000000, 0x0000000800000000)
  region size 2048K, 4 young (8192K), 4 survivors (8192K)
 Metaspace       used 148622K, committed 150464K, reserved 983040K
  class space    used 20737K, committed 21632K, reserved 851968K
}
Event: 76.648 GC heap before
{Heap before GC invocations=74 (full 0):
 garbage-first heap   total 1179648K, used 994312K [0x0000000700000000, 0x0000000800000000)
  region size 2048K, 307 young (628736K), 4 survivors (8192K)
 Metaspace       used 148749K, committed 150528K, reserved 983040K
  class space    used 20745K, committed 21632K, reserved 851968K
}
Event: 76.668 GC heap after
{Heap after GC invocations=75 (full 0):
 garbage-first heap   total 1179648K, used 385636K [0x0000000700000000, 0x0000000800000000)
  region size 2048K, 9 young (18432K), 9 survivors (18432K)
 Metaspace       used 148749K, committed 150528K, reserved 983040K
  class space    used 20745K, committed 21632K, reserved 851968K
}
Event: 78.571 GC heap before
{Heap before GC invocations=75 (full 0):
 garbage-first heap   total 1179648K, used 1002084K [0x0000000700000000, 0x0000000800000000)
  region size 2048K, 310 young (634880K), 9 survivors (18432K)
 Metaspace       used 148813K, committed 150656K, reserved 983040K
  class space    used 20747K, committed 21632K, reserved 851968K
}
Event: 78.591 GC heap after
{Heap after GC invocations=76 (full 0):
 garbage-first heap   total 1179648K, used 388778K [0x0000000700000000, 0x0000000800000000)
  region size 2048K, 10 young (20480K), 10 survivors (20480K)
 Metaspace       used 148813K, committed 150656K, reserved 983040K
  class space    used 20747K, committed 21632K, reserved 851968K
}
Event: 80.723 GC heap before
{Heap before GC invocations=76 (full 0):
 garbage-first heap   total 1179648K, used 1009322K [0x0000000700000000, 0x0000000800000000)
  region size 2048K, 313 young (641024K), 10 survivors (20480K)
 Metaspace       used 148858K, committed 150720K, reserved 983040K
  class space    used 20749K, committed 21632K, reserved 851968K
}
Event: 80.752 GC heap after
{Heap after GC invocations=77 (full 0):
 garbage-first heap   total 1179648K, used 396752K [0x0000000700000000, 0x0000000800000000)
  region size 2048K, 14 young (28672K), 14 survivors (28672K)
 Metaspace       used 148858K, committed 150720K, reserved 983040K
  class space    used 20749K, committed 21632K, reserved 851968K
}
Event: 82.105 GC heap before
{Heap before GC invocations=77 (full 0):
 garbage-first heap   total 1179648K, used 1009104K [0x0000000700000000, 0x0000000800000000)
  region size 2048K, 314 young (643072K), 14 survivors (28672K)
 Metaspace       used 148914K, committed 150784K, reserved 983040K
  class space    used 20754K, committed 21632K, reserved 851968K
}
Event: 82.712 GC heap after
{Heap after GC invocations=78 (full 0):
 garbage-first heap   total 1179648K, used 397329K [0x0000000700000000, 0x0000000800000000)
  region size 2048K, 14 young (28672K), 14 survivors (28672K)
 Metaspace       used 148914K, committed 150784K, reserved 983040K
  class space    used 20754K, committed 21632K, reserved 851968K
}
Event: 82.809 GC heap before
{Heap before GC invocations=78 (full 0):
 garbage-first heap   total 1179648K, used 473105K [0x0000000700000000, 0x0000000800000000)
  region size 2048K, 51 young (104448K), 14 survivors (28672K)
 Metaspace       used 148919K, committed 150784K, reserved 983040K
  class space    used 20754K, committed 21632K, reserved 851968K
}
Event: 101.090 GC heap after
{Heap after GC invocations=79 (full 0):
 garbage-first heap   total 1179648K, used 398078K [0x0000000700000000, 0x0000000800000000)
  region size 2048K, 4 young (8192K), 4 survivors (8192K)
 Metaspace       used 148919K, committed 150784K, reserved 983040K
  class space    used 20754K, committed 21632K, reserved 851968K
}
Event: 101.192 GC heap before
{Heap before GC invocations=79 (full 0):
 garbage-first heap   total 1179648K, used 447230K [0x0000000700000000, 0x0000000800000000)
  region size 2048K, 28 young (57344K), 4 survivors (8192K)
 Metaspace       used 148919K, committed 150784K, reserved 983040K
  class space    used 20754K, committed 21632K, reserved 851968K
}

Dll operation events (16 events):
Event: 0.013 Loaded shared library C:\Program Files\Microsoft\jdk-17.0.13.11-hotspot\bin\java.dll
Event: 0.029 Loaded shared library C:\Program Files\Microsoft\jdk-17.0.13.11-hotspot\bin\jsvml.dll
Event: 0.075 Loaded shared library C:\Program Files\Microsoft\jdk-17.0.13.11-hotspot\bin\zip.dll
Event: 0.079 Loaded shared library C:\Program Files\Microsoft\jdk-17.0.13.11-hotspot\bin\instrument.dll
Event: 0.084 Loaded shared library C:\Program Files\Microsoft\jdk-17.0.13.11-hotspot\bin\net.dll
Event: 0.086 Loaded shared library C:\Program Files\Microsoft\jdk-17.0.13.11-hotspot\bin\nio.dll
Event: 0.088 Loaded shared library C:\Program Files\Microsoft\jdk-17.0.13.11-hotspot\bin\zip.dll
Event: 0.381 Loaded shared library C:\Program Files\Microsoft\jdk-17.0.13.11-hotspot\bin\jimage.dll
Event: 0.554 Loaded shared library C:\Program Files\Microsoft\jdk-17.0.13.11-hotspot\bin\verify.dll
Event: 0.655 Loaded shared library C:\Users\laxman\.gradle\native\1def1411415f61bf3af743bc5b6707747c0891f09f0c88961ee8f79bc544acac\windows-amd64\native-platform.dll
Event: 0.674 Loaded shared library C:\Users\laxman\.gradle\native\0.2.7\x86_64-windows-gnu\gradle-fileevents.dll
Event: 1.935 Loaded shared library C:\Program Files\Microsoft\jdk-17.0.13.11-hotspot\bin\management.dll
Event: 1.937 Loaded shared library C:\Program Files\Microsoft\jdk-17.0.13.11-hotspot\bin\management_ext.dll
Event: 2.127 Loaded shared library C:\Program Files\Microsoft\jdk-17.0.13.11-hotspot\bin\extnet.dll
Event: 2.364 Loaded shared library C:\Program Files\Microsoft\jdk-17.0.13.11-hotspot\bin\sunmscapi.dll
Event: 55.112 Loaded shared library C:\Program Files\Microsoft\jdk-17.0.13.11-hotspot\bin\rmi.dll

Deoptimization events (20 events):
Event: 82.065 Thread 0x0000029e5f8ca620 DEOPT PACKING pc=0x0000029e0a3119e1 sp=0x000000b6992f9da0
Event: 82.066 Thread 0x0000029e5f8ca620 DEOPT UNPACKING pc=0x0000029e0f007143 sp=0x000000b6992f9440 mode 0
Event: 82.086 Thread 0x0000029e5f7859e0 DEOPT PACKING pc=0x0000029e0a54427a sp=0x000000b69aefa1d0
Event: 82.086 Thread 0x0000029e5f7859e0 DEOPT UNPACKING pc=0x0000029e0f007143 sp=0x000000b69aef96e0 mode 0
Event: 82.718 Thread 0x0000029e5f9c86f0 DEOPT PACKING pc=0x0000029e0a311dd2 sp=0x000000b698ff9f70
Event: 82.718 Thread 0x0000029e5f9c86f0 DEOPT UNPACKING pc=0x0000029e0f007143 sp=0x000000b698ff9608 mode 0
Event: 82.723 Thread 0x0000029e5f8ca620 DEOPT PACKING pc=0x0000029e0a0fa443 sp=0x000000b6992f96a0
Event: 82.723 Thread 0x0000029e5f8ca620 DEOPT UNPACKING pc=0x0000029e0f007143 sp=0x000000b6992f8e30 mode 0
Event: 82.739 Thread 0x0000029e5f9c86f0 DEOPT PACKING pc=0x0000029e0aa794ba sp=0x000000b698ffa3c0
Event: 82.739 Thread 0x0000029e5f9c86f0 DEOPT UNPACKING pc=0x0000029e0f007143 sp=0x000000b698ff9cc8 mode 0
Event: 82.751 Thread 0x0000029e5f7859e0 DEOPT PACKING pc=0x0000029e0a5fa852 sp=0x000000b69aefa0e0
Event: 82.751 Thread 0x0000029e5f7859e0 DEOPT UNPACKING pc=0x0000029e0f007143 sp=0x000000b69aef9578 mode 0
Event: 82.797 Thread 0x0000029e5f783160 DEOPT PACKING pc=0x0000029e0a0fa464 sp=0x000000b69b4f9ab0
Event: 82.797 Thread 0x0000029e5f783160 DEOPT UNPACKING pc=0x0000029e0f007143 sp=0x000000b69b4f9240 mode 0
Event: 101.106 Thread 0x0000029e5f781d20 DEOPT PACKING pc=0x0000029e0aa798a8 sp=0x000000b69bbf9c80
Event: 101.106 Thread 0x0000029e5f781d20 DEOPT UNPACKING pc=0x0000029e0f007143 sp=0x000000b69bbf9580 mode 0
Event: 101.141 Thread 0x0000029e5f783160 DEOPT PACKING pc=0x0000029e0aa798a8 sp=0x000000b69b4fa0a0
Event: 101.141 Thread 0x0000029e5f783160 DEOPT UNPACKING pc=0x0000029e0f007143 sp=0x000000b69b4f99a0 mode 0
Event: 101.151 Thread 0x0000029e5f8ca620 DEOPT PACKING pc=0x0000029e0a0fa464 sp=0x000000b6992f9b10
Event: 101.151 Thread 0x0000029e5f8ca620 DEOPT UNPACKING pc=0x0000029e0f007143 sp=0x000000b6992f92a0 mode 0

Classes loaded (20 events):
Event: 60.621 Loading class java/util/stream/SortedOps$RefSortingSink
Event: 60.622 Loading class java/util/stream/SortedOps$RefSortingSink done
Event: 60.673 Loading class java/util/SortedSet$1
Event: 60.673 Loading class java/util/SortedSet$1 done
Event: 60.693 Loading class java/util/stream/SliceOps
Event: 60.693 Loading class java/util/stream/SliceOps done
Event: 60.694 Loading class java/util/stream/SliceOps$1
Event: 60.695 Loading class java/util/stream/SliceOps$1 done
Event: 60.703 Loading class java/util/stream/SliceOps$1$1
Event: 60.703 Loading class java/util/stream/SliceOps$1$1 done
Event: 63.456 Loading class java/nio/ShortBuffer
Event: 63.458 Loading class java/nio/ShortBuffer done
Event: 63.478 Loading class java/util/concurrent/ConcurrentHashMap$TreeNode
Event: 63.479 Loading class java/util/concurrent/ConcurrentHashMap$TreeNode done
Event: 63.479 Loading class java/util/concurrent/ConcurrentHashMap$TreeBin
Event: 63.480 Loading class java/util/concurrent/ConcurrentHashMap$TreeBin done
Event: 63.921 Loading class java/nio/ByteBufferAsShortBufferL
Event: 63.951 Loading class java/nio/ByteBufferAsShortBufferL done
Event: 64.039 Loading class java/util/zip/Adler32
Event: 64.042 Loading class java/util/zip/Adler32 done

Classes unloaded (20 events):
Event: 64.461 Thread 0x0000029e7f4a32f0 Unloading class 0x0000029e23290800 'java/lang/invoke/LambdaForm$DMH+0x0000029e23290800'
Event: 64.475 Thread 0x0000029e7f4a32f0 Unloading class 0x0000029e231d5400 'java/lang/invoke/LambdaForm$MH+0x0000029e231d5400'
Event: 64.475 Thread 0x0000029e7f4a32f0 Unloading class 0x0000029e231d4c00 'java/lang/invoke/LambdaForm$MH+0x0000029e231d4c00'
Event: 64.475 Thread 0x0000029e7f4a32f0 Unloading class 0x0000029e231d4800 'java/lang/invoke/LambdaForm$MH+0x0000029e231d4800'
Event: 64.475 Thread 0x0000029e7f4a32f0 Unloading class 0x0000029e231d4000 'java/lang/invoke/LambdaForm$MH+0x0000029e231d4000'
Event: 64.475 Thread 0x0000029e7f4a32f0 Unloading class 0x0000029e231d3400 'java/lang/invoke/LambdaForm$MH+0x0000029e231d3400'
Event: 64.475 Thread 0x0000029e7f4a32f0 Unloading class 0x0000029e231d3000 'java/lang/invoke/LambdaForm$MH+0x0000029e231d3000'
Event: 64.475 Thread 0x0000029e7f4a32f0 Unloading class 0x0000029e231d2800 'java/lang/invoke/LambdaForm$MH+0x0000029e231d2800'
Event: 70.780 Thread 0x0000029e7f4a32f0 Unloading class 0x0000029e23491c00 'java/lang/invoke/LambdaForm$MH+0x0000029e23491c00'
Event: 70.780 Thread 0x0000029e7f4a32f0 Unloading class 0x0000029e23491000 'java/lang/invoke/LambdaForm$DMH+0x0000029e23491000'
Event: 70.780 Thread 0x0000029e7f4a32f0 Unloading class 0x0000029e23490c00 'java/lang/invoke/LambdaForm$DMH+0x0000029e23490c00'
Event: 70.780 Thread 0x0000029e7f4a32f0 Unloading class 0x0000029e23490400 'java/lang/invoke/LambdaForm$DMH+0x0000029e23490400'
Event: 70.780 Thread 0x0000029e7f4a32f0 Unloading class 0x0000029e23441400 'java/lang/invoke/LambdaForm$DMH+0x0000029e23441400'
Event: 70.780 Thread 0x0000029e7f4a32f0 Unloading class 0x0000029e23440c00 'java/lang/invoke/LambdaForm$DMH+0x0000029e23440c00'
Event: 70.780 Thread 0x0000029e7f4a32f0 Unloading class 0x0000029e23440800 'java/lang/invoke/LambdaForm$DMH+0x0000029e23440800'
Event: 70.780 Thread 0x0000029e7f4a32f0 Unloading class 0x0000029e23441000 'java/lang/invoke/LambdaForm$DMH+0x0000029e23441000'
Event: 70.780 Thread 0x0000029e7f4a32f0 Unloading class 0x0000029e23440000 'java/lang/invoke/LambdaForm$DMH+0x0000029e23440000'
Event: 70.780 Thread 0x0000029e7f4a32f0 Unloading class 0x0000029e2340cc00 'java/lang/invoke/LambdaForm$DMH+0x0000029e2340cc00'
Event: 70.780 Thread 0x0000029e7f4a32f0 Unloading class 0x0000029e2340c800 'java/lang/invoke/LambdaForm$DMH+0x0000029e2340c800'
Event: 70.780 Thread 0x0000029e7f4a32f0 Unloading class 0x0000029e2340c400 'java/lang/invoke/LambdaForm$DMH+0x0000029e2340c400'

Classes redefined (0 events):
No events

Internal exceptions (20 events):
Event: 76.294 Thread 0x0000029e5f8ca620 Exception <a 'sun/nio/fs/WindowsException'{0x00000007290e3928}> (0x00000007290e3928) 
thrown [s\src\hotspot\share\prims\jni.cpp, line 516]
Event: 76.368 Thread 0x0000029e5f781d20 Exception <a 'sun/nio/fs/WindowsException'{0x000000072754ff98}> (0x000000072754ff98) 
thrown [s\src\hotspot\share\prims\jni.cpp, line 516]
Event: 76.604 Thread 0x0000029e5f781d20 Exception <a 'sun/nio/fs/WindowsException'{0x0000000722a52a80}> (0x0000000722a52a80) 
thrown [s\src\hotspot\share\prims\jni.cpp, line 516]
Event: 76.628 Thread 0x0000029e5f8cb040 Implicit null exception at 0x0000029e1035349f to 0x0000029e10353e9c
Event: 76.818 Thread 0x0000029e5f8cb040 Exception <a 'sun/nio/fs/WindowsException'{0x000000074617a750}> (0x000000074617a750) 
thrown [s\src\hotspot\share\prims\jni.cpp, line 516]
Event: 76.840 Thread 0x0000029e5f782230 Exception <a 'sun/nio/fs/WindowsException'{0x00000007471477f0}> (0x00000007471477f0) 
thrown [s\src\hotspot\share\prims\jni.cpp, line 516]
Event: 77.026 Thread 0x0000029e5f8cb040 Exception <a 'sun/nio/fs/WindowsException'{0x0000000743ca7460}> (0x0000000743ca7460) 
thrown [s\src\hotspot\share\prims\jni.cpp, line 516]
Event: 77.273 Thread 0x0000029e5f8cb040 Exception <a 'sun/nio/fs/WindowsException'{0x000000073d2f51e8}> (0x000000073d2f51e8) 
thrown [s\src\hotspot\share\prims\jni.cpp, line 516]
Event: 77.597 Thread 0x0000029e5f8cb040 Exception <a 'sun/nio/fs/WindowsException'{0x0000000739157ca0}> (0x0000000739157ca0) 
thrown [s\src\hotspot\share\prims\jni.cpp, line 516]
Event: 77.611 Thread 0x0000029e5f782230 Exception <a 'sun/nio/fs/WindowsException'{0x000000073758f310}> (0x000000073758f310) 
thrown [s\src\hotspot\share\prims\jni.cpp, line 516]
Event: 77.621 Thread 0x0000029e5f8cb040 Exception <a 'sun/nio/fs/WindowsException'{0x0000000736d563f8}> (0x0000000736d563f8) 
thrown [s\src\hotspot\share\prims\jni.cpp, line 516]
Event: 77.863 Thread 0x0000029e5f8cb040 Exception <a 'sun/nio/fs/WindowsException'{0x0000000732049328}> (0x0000000732049328) 
thrown [s\src\hotspot\share\prims\jni.cpp, line 516]
Event: 78.248 Thread 0x0000029e5f8cb040 Exception <a 'sun/nio/fs/WindowsException'{0x00000007283dc7c8}> (0x00000007283dc7c8) 
thrown [s\src\hotspot\share\prims\jni.cpp, line 516]
Event: 78.561 Thread 0x0000029e5f8cb040 Exception <a 'sun/nio/fs/WindowsException'{0x0000000722bffa78}> (0x0000000722bffa78) 
thrown [s\src\hotspot\share\prims\jni.cpp, line 516]
Event: 79.199 Thread 0x0000029e5f781d20 Exception <a 'sun/nio/fs/WindowsException'{0x000000073ac83cf0}> (0x000000073ac83cf0) 
thrown [s\src\hotspot\share\prims\jni.cpp, line 516]
Event: 79.518 Thread 0x0000029e5f781d20 Exception <a 'sun/nio/fs/WindowsException'{0x0000000735228170}> (0x0000000735228170) 
thrown [s\src\hotspot\share\prims\jni.cpp, line 516]
Event: 79.862 Thread 0x0000029e5f781d20 Exception <a 'sun/nio/fs/WindowsException'{0x0000000730852278}> (0x0000000730852278) 
thrown [s\src\hotspot\share\prims\jni.cpp, line 516]
Event: 80.214 Thread 0x0000029e5f781d20 Exception <a 'sun/nio/fs/WindowsException'{0x000000072b49c520}> (0x000000072b49c520) 
thrown [s\src\hotspot\share\prims\jni.cpp, line 516]
Event: 80.596 Thread 0x0000029e5f782230 Exception <a 'sun/nio/fs/WindowsException'{0x0000000723cd4300}> (0x0000000723cd4300) 
thrown [s\src\hotspot\share\prims\jni.cpp, line 516]
Event: 81.249 Thread 0x0000029e5f8cb040 Exception <a 'sun/nio/fs/WindowsException'{0x000000073bcc91e8}> (0x000000073bcc91e8) 
thrown [s\src\hotspot\share\prims\jni.cpp, line 516]

VM Operations (20 events):
Event: 76.668 Executing VM operation: G1CollectForAllocation done
Event: 76.935 Executing VM operation: HandshakeAllThreads
Event: 77.024 Executing VM operation: HandshakeAllThreads done
Event: 78.025 Executing VM operation: Cleanup
Event: 78.056 Executing VM operation: Cleanup done
Event: 78.566 Executing VM operation: G1CollectForAllocation
Event: 78.591 Executing VM operation: G1CollectForAllocation done
Event: 79.591 Executing VM operation: Cleanup
Event: 79.635 Executing VM operation: Cleanup done
Event: 80.635 Executing VM operation: Cleanup
Event: 80.669 Executing VM operation: Cleanup done
Event: 80.722 Executing VM operation: G1CollectForAllocation
Event: 80.752 Executing VM operation: G1CollectForAllocation done
Event: 81.753 Executing VM operation: Cleanup
Event: 81.829 Executing VM operation: Cleanup done
Event: 82.100 Executing VM operation: G1CollectForAllocation
Event: 82.712 Executing VM operation: G1CollectForAllocation done
Event: 82.809 Executing VM operation: G1CollectForAllocation
Event: 101.090 Executing VM operation: G1CollectForAllocation done
Event: 101.151 Executing VM operation: G1CollectForAllocation

Memory protections (0 events):
No events

Nmethod flushes (20 events):
Event: 77.093 Thread 0x0000029e7f4da610 flushing  nmethod 0x0000029e0a6b1210
Event: 77.093 Thread 0x0000029e7f4da610 flushing  nmethod 0x0000029e0a6be690
Event: 77.094 Thread 0x0000029e7f4da610 flushing  nmethod 0x0000029e0a6dfb10
Event: 77.094 Thread 0x0000029e7f4da610 flushing  nmethod 0x0000029e0a6e1590
Event: 77.094 Thread 0x0000029e7f4da610 flushing  nmethod 0x0000029e0a6e9110
Event: 77.094 Thread 0x0000029e7f4da610 flushing  nmethod 0x0000029e0a737b10
Event: 77.094 Thread 0x0000029e7f4da610 flushing  nmethod 0x0000029e0a739610
Event: 77.094 Thread 0x0000029e7f4da610 flushing  nmethod 0x0000029e0a746f10
Event: 77.094 Thread 0x0000029e7f4da610 flushing  nmethod 0x0000029e0a748590
Event: 77.094 Thread 0x0000029e7f4da610 flushing  nmethod 0x0000029e0a748f90
Event: 77.094 Thread 0x0000029e7f4da610 flushing  nmethod 0x0000029e0a74b190
Event: 77.094 Thread 0x0000029e7f4da610 flushing  nmethod 0x0000029e0a74d110
Event: 77.095 Thread 0x0000029e7f4da610 flushing  nmethod 0x0000029e0a807910
Event: 77.095 Thread 0x0000029e7f4da610 flushing  nmethod 0x0000029e0a852c10
Event: 77.095 Thread 0x0000029e7f4da610 flushing  nmethod 0x0000029e0a853010
Event: 77.096 Thread 0x0000029e7f4da610 flushing  nmethod 0x0000029e0a85d690
Event: 77.096 Thread 0x0000029e7f4da610 flushing  nmethod 0x0000029e0a861e10
Event: 77.096 Thread 0x0000029e7f4da610 flushing  nmethod 0x0000029e0a86c790
Event: 77.096 Thread 0x0000029e7f4da610 flushing  nmethod 0x0000029e0a87f590
Event: 77.097 Thread 0x0000029e7f4da610 flushing  nmethod 0x0000029e0a97ab10

Events (20 events):
Event: 55.204 Thread 0x0000029e5e67e780 Thread added: 0x0000029e5e687540
Event: 55.205 Thread 0x0000029e5e67e780 Thread added: 0x0000029e5e681a20
Event: 55.214 Thread 0x0000029e5e6847b0 Thread added: 0x0000029e5e681000
Event: 55.215 Thread 0x0000029e7f4d9d00 Thread added: 0x0000029e5c7985c0
Event: 55.300 Thread 0x0000029e5e687540 Thread added: 0x0000029e5e681f30
Event: 55.300 Thread 0x0000029e5e687540 Thread added: 0x0000029e5e6805e0
Event: 55.469 Thread 0x0000029e5f77e060 Thread added: 0x0000029e5e685bf0
Event: 55.502 Thread 0x0000029e5e685bf0 Thread added: 0x0000029e5e683880
Event: 55.526 Thread 0x0000029e5e687540 Thread added: 0x0000029e5e683d90
Event: 56.259 Thread 0x0000029e5f7803d0 Thread added: 0x0000029e5e684cc0
Event: 56.291 Thread 0x0000029e5e684cc0 Thread added: 0x0000029e5e6842a0
Event: 56.315 Thread 0x0000029e5e687540 Thread added: 0x0000029e5e686610
Event: 58.772 Thread 0x0000029e5f782230 Thread added: 0x0000029e5e682950
Event: 58.855 Thread 0x0000029e5f8c5f40 Thread added: 0x0000029e5e680af0
Event: 68.092 Thread 0x0000029e7f4d9d00 Thread added: 0x0000029e67879ae0
Event: 73.324 Thread 0x0000029e5f8ccea0 Thread exited: 0x0000029e5f8ccea0
Event: 73.325 Thread 0x0000029e5f8c5a30 Thread exited: 0x0000029e5f8c5a30
Event: 73.869 Thread 0x0000029e5f8cc990 Thread exited: 0x0000029e5f8cc990
Event: 101.091 Thread 0x0000029e5e67d850 Thread exited: 0x0000029e5e67d850
Event: 101.092 Thread 0x0000029e5e679b90 Thread exited: 0x0000029e5e679b90


Dynamic libraries:
0x00007ff6e3fd0000 - 0x00007ff6e3fde000 	C:\Program Files\Microsoft\jdk-17.0.13.11-hotspot\bin\java.exe
0x00007ffcec450000 - 0x00007ffcec667000 	C:\Windows\SYSTEM32\ntdll.dll
0x00007ffceada0000 - 0x00007ffceae64000 	C:\Windows\System32\KERNEL32.DLL
0x00007ffce9880000 - 0x00007ffce9c53000 	C:\Windows\System32\KERNELBASE.dll
0x00007ffce9dd0000 - 0x00007ffce9ee1000 	C:\Windows\System32\ucrtbase.dll
0x00007ffc75200000 - 0x00007ffc75217000 	C:\Program Files\Microsoft\jdk-17.0.13.11-hotspot\bin\jli.dll
0x00007ffc751e0000 - 0x00007ffc751fd000 	C:\Program Files\Microsoft\jdk-17.0.13.11-hotspot\bin\VCRUNTIME140.dll
0x00007ffcea4b0000 - 0x00007ffcea661000 	C:\Windows\System32\USER32.dll
0x00007ffce9da0000 - 0x00007ffce9dc6000 	C:\Windows\System32\win32u.dll
0x00007ffcd8f80000 - 0x00007ffcd921b000 	C:\Windows\WinSxS\amd64_microsoft.windows.common-controls_6595b64144ccf1df_6.0.22621.5262_none_2712bde373830908\COMCTL32.dll
0x00007ffcea0e0000 - 0x00007ffcea109000 	C:\Windows\System32\GDI32.dll
0x00007ffce9ef0000 - 0x00007ffcea012000 	C:\Windows\System32\gdi32full.dll
0x00007ffcea3e0000 - 0x00007ffcea487000 	C:\Windows\System32\msvcrt.dll
0x00007ffce97e0000 - 0x00007ffce987a000 	C:\Windows\System32\msvcp_win.dll
0x00007ffceba30000 - 0x00007ffceba61000 	C:\Windows\System32\IMM32.DLL
0x00007ffcb3cc0000 - 0x00007ffcb3ccc000 	C:\Program Files\Microsoft\jdk-17.0.13.11-hotspot\bin\vcruntime140_1.dll
0x00007ffc75150000 - 0x00007ffc751dd000 	C:\Program Files\Microsoft\jdk-17.0.13.11-hotspot\bin\msvcp140.dll
0x00007ffc5a910000 - 0x00007ffc5b581000 	C:\Program Files\Microsoft\jdk-17.0.13.11-hotspot\bin\server\jvm.dll
0x00007ffcea6f0000 - 0x00007ffcea7a1000 	C:\Windows\System32\ADVAPI32.dll
0x00007ffcea190000 - 0x00007ffcea237000 	C:\Windows\System32\sechost.dll
0x00007ffce9640000 - 0x00007ffce9668000 	C:\Windows\System32\bcrypt.dll
0x00007ffcec2f0000 - 0x00007ffcec404000 	C:\Windows\System32\RPCRT4.dll
0x00007ffcea670000 - 0x00007ffcea6e1000 	C:\Windows\System32\WS2_32.dll
0x00007ffce9410000 - 0x00007ffce945d000 	C:\Windows\SYSTEM32\POWRPROF.dll
0x00007ffcdfbe0000 - 0x00007ffcdfbea000 	C:\Windows\SYSTEM32\VERSION.dll
0x00007ffcdf210000 - 0x00007ffcdf244000 	C:\Windows\SYSTEM32\WINMM.dll
0x00007ffce93f0000 - 0x00007ffce9403000 	C:\Windows\SYSTEM32\UMPDC.dll
0x00007ffce8580000 - 0x00007ffce8598000 	C:\Windows\SYSTEM32\kernel.appcore.dll
0x00007ffcb0650000 - 0x00007ffcb065a000 	C:\Program Files\Microsoft\jdk-17.0.13.11-hotspot\bin\jimage.dll
0x00007ffce7080000 - 0x00007ffce72b2000 	C:\Windows\SYSTEM32\DBGHELP.DLL
0x00007ffcebad0000 - 0x00007ffcebe63000 	C:\Windows\System32\combase.dll
0x00007ffcea250000 - 0x00007ffcea327000 	C:\Windows\System32\OLEAUT32.dll
0x00007ffce1670000 - 0x00007ffce16a2000 	C:\Windows\SYSTEM32\dbgcore.DLL
0x00007ffce95c0000 - 0x00007ffce963b000 	C:\Windows\System32\bcryptPrimitives.dll
0x00007ffcaf6c0000 - 0x00007ffcaf6ce000 	C:\Program Files\Microsoft\jdk-17.0.13.11-hotspot\bin\instrument.dll
0x00007ffc75120000 - 0x00007ffc75145000 	C:\Program Files\Microsoft\jdk-17.0.13.11-hotspot\bin\java.dll
0x00007ffc747f0000 - 0x00007ffc748c7000 	C:\Program Files\Microsoft\jdk-17.0.13.11-hotspot\bin\jsvml.dll
0x00007ffceaf00000 - 0x00007ffceb79d000 	C:\Windows\System32\SHELL32.dll
0x00007ffce9c60000 - 0x00007ffce9d9f000 	C:\Windows\System32\wintypes.dll
0x00007ffce7480000 - 0x00007ffce7d9d000 	C:\Windows\SYSTEM32\windows.storage.dll
0x00007ffceb7c0000 - 0x00007ffceb8cb000 	C:\Windows\System32\SHCORE.dll
0x00007ffcea990000 - 0x00007ffcea9f6000 	C:\Windows\System32\shlwapi.dll
0x00007ffce9470000 - 0x00007ffce949b000 	C:\Windows\SYSTEM32\profapi.dll
0x00007ffc75100000 - 0x00007ffc75118000 	C:\Program Files\Microsoft\jdk-17.0.13.11-hotspot\bin\zip.dll
0x00007ffc747d0000 - 0x00007ffc747ea000 	C:\Program Files\Microsoft\jdk-17.0.13.11-hotspot\bin\net.dll
0x00007ffce4670000 - 0x00007ffce479c000 	C:\Windows\SYSTEM32\WINHTTP.dll
0x00007ffce8a00000 - 0x00007ffce8a6a000 	C:\Windows\system32\mswsock.dll
0x00007ffc747b0000 - 0x00007ffc747c6000 	C:\Program Files\Microsoft\jdk-17.0.13.11-hotspot\bin\nio.dll
0x00007ffcad240000 - 0x00007ffcad250000 	C:\Program Files\Microsoft\jdk-17.0.13.11-hotspot\bin\verify.dll
0x00007ffc828d0000 - 0x00007ffc828f7000 	C:\Users\laxman\.gradle\native\1def1411415f61bf3af743bc5b6707747c0891f09f0c88961ee8f79bc544acac\windows-amd64\native-platform.dll
0x00007ffc74730000 - 0x00007ffc747a8000 	C:\Users\laxman\.gradle\native\0.2.7\x86_64-windows-gnu\gradle-fileevents.dll
0x00007ffca6df0000 - 0x00007ffca6dfa000 	C:\Program Files\Microsoft\jdk-17.0.13.11-hotspot\bin\management.dll
0x00007ffca1d50000 - 0x00007ffca1d5b000 	C:\Program Files\Microsoft\jdk-17.0.13.11-hotspot\bin\management_ext.dll
0x00007ffcea4a0000 - 0x00007ffcea4a8000 	C:\Windows\System32\PSAPI.DLL
0x00007ffce8000000 - 0x00007ffce802d000 	C:\Windows\SYSTEM32\IPHLPAPI.DLL
0x00007ffcea490000 - 0x00007ffcea499000 	C:\Windows\System32\NSI.dll
0x00007ffce4610000 - 0x00007ffce4629000 	C:\Windows\SYSTEM32\dhcpcsvc6.DLL
0x00007ffce45f0000 - 0x00007ffce460f000 	C:\Windows\SYSTEM32\dhcpcsvc.DLL
0x00007ffce8070000 - 0x00007ffce8168000 	C:\Windows\SYSTEM32\DNSAPI.dll
0x00007ffca1b50000 - 0x00007ffca1b59000 	C:\Program Files\Microsoft\jdk-17.0.13.11-hotspot\bin\extnet.dll
0x00007ffce8c60000 - 0x00007ffce8c7b000 	C:\Windows\SYSTEM32\CRYPTSP.dll
0x00007ffce84e0000 - 0x00007ffce8517000 	C:\Windows\system32\rsaenh.dll
0x00007ffce8af0000 - 0x00007ffce8b18000 	C:\Windows\SYSTEM32\USERENV.dll
0x00007ffce8c50000 - 0x00007ffce8c5c000 	C:\Windows\SYSTEM32\CRYPTBASE.dll
0x00007ffca1a80000 - 0x00007ffca1a8e000 	C:\Program Files\Microsoft\jdk-17.0.13.11-hotspot\bin\sunmscapi.dll
0x00007ffce9670000 - 0x00007ffce97d7000 	C:\Windows\System32\CRYPT32.dll
0x00007ffce8e10000 - 0x00007ffce8e3d000 	C:\Windows\SYSTEM32\ncrypt.dll
0x00007ffce8dd0000 - 0x00007ffce8e07000 	C:\Windows\SYSTEM32\NTASN1.dll
0x00007ffcb54f0000 - 0x00007ffcb54f8000 	C:\Windows\system32\wshunix.dll
0x00007ffc95a30000 - 0x00007ffc95a47000 	C:\Windows\system32\napinsp.dll
0x00007ffc95a10000 - 0x00007ffc95a2b000 	C:\Windows\system32\pnrpnsp.dll
0x00007ffc959f0000 - 0x00007ffc95a01000 	C:\Windows\System32\winrnr.dll
0x00007ffce4f20000 - 0x00007ffce4f3f000 	C:\Windows\system32\wshbth.dll
0x00007ffc96790000 - 0x00007ffc967b1000 	C:\Windows\system32\nlansp_c.dll
0x00007ffcdbe30000 - 0x00007ffcdbe3a000 	C:\Windows\System32\rasadhlp.dll
0x00007ffce1bc0000 - 0x00007ffce1c43000 	C:\Windows\System32\fwpuclnt.dll
0x00007ffce1d20000 - 0x00007ffce1d27000 	C:\Program Files\Microsoft\jdk-17.0.13.11-hotspot\bin\rmi.dll
0x00007ffce8690000 - 0x00007ffce86c4000 	C:\Windows\SYSTEM32\ntmarta.dll

dbghelp: loaded successfully - version: 4.0.5 - missing functions: none
symbol engine: initialized successfully - sym options: 0x614 - pdb path: .;C:\Program Files\Microsoft\jdk-17.0.13.11-hotspot\bin;C:\Windows\SYSTEM32;C:\Windows\WinSxS\amd64_microsoft.windows.common-controls_6595b64144ccf1df_6.0.22621.5262_none_2712bde373830908;C:\Program Files\Microsoft\jdk-17.0.13.11-hotspot\bin\server;C:\Users\laxman\.gradle\native\1def1411415f61bf3af743bc5b6707747c0891f09f0c88961ee8f79bc544acac\windows-amd64;C:\Users\laxman\.gradle\native\0.2.7\x86_64-windows-gnu

VM Arguments:
jvm_args: --add-opens=java.base/java.lang=ALL-UNNAMED --add-opens=java.base/java.lang.invoke=ALL-UNNAMED --add-opens=java.base/java.util=ALL-UNNAMED --add-opens=java.prefs/java.util.prefs=ALL-UNNAMED --add-exports=jdk.compiler/com.sun.tools.javac.api=ALL-UNNAMED --add-exports=jdk.compiler/com.sun.tools.javac.util=ALL-UNNAMED --add-opens=java.base/java.util=ALL-UNNAMED --add-opens=java.prefs/java.util.prefs=ALL-UNNAMED --add-opens=java.base/java.nio.charset=ALL-UNNAMED --add-opens=java.base/java.net=ALL-UNNAMED --add-opens=java.base/java.util.concurrent.atomic=ALL-UNNAMED --add-opens=java.xml/javax.xml.namespace=ALL-UNNAMED -XX:MaxMetaspaceSize=1024m -Xmx4096m -Dfile.encoding=windows-1252 -Duser.country=IN -Duser.language=en -Duser.variant -javaagent:C:\Users\laxman\.gradle\wrapper\dists\gradle-8.13-bin\5xuhj0ry160q40clulazy9h7d\gradle-8.13\lib\agents\gradle-instrumentation-agent-8.13.jar 
java_command: org.gradle.launcher.daemon.bootstrap.GradleDaemon 8.13
java_class_path (initial): C:\Users\laxman\.gradle\wrapper\dists\gradle-8.13-bin\5xuhj0ry160q40clulazy9h7d\gradle-8.13\lib\gradle-daemon-main-8.13.jar
Launcher Type: SUN_STANDARD

[Global flags]
     intx CICompilerCount                          = 4                                         {product} {ergonomic}
   size_t CompressedClassSpaceSize                 = 872415232                                 {product} {ergonomic}
     uint ConcGCThreads                            = 3                                         {product} {ergonomic}
     uint G1ConcRefinementThreads                  = 10                                        {product} {ergonomic}
   size_t G1HeapRegionSize                         = 2097152                                   {product} {ergonomic}
    uintx GCDrainStackTargetSize                   = 64                                        {product} {ergonomic}
   size_t InitialHeapSize                          = 98566144                                  {product} {ergonomic}
   size_t MarkStackSize                            = 4194304                                   {product} {ergonomic}
   size_t MaxHeapSize                              = 4294967296                                {product} {command line}
   size_t MaxMetaspaceSize                         = 1073741824                                {product} {command line}
   size_t MaxNewSize                               = 2575302656                                {product} {ergonomic}
   size_t MinHeapDeltaBytes                        = 2097152                                   {product} {ergonomic}
   size_t MinHeapSize                              = 8388608                                   {product} {ergonomic}
    uintx NonNMethodCodeHeapSize                   = 5839372                                {pd product} {ergonomic}
    uintx NonProfiledCodeHeapSize                  = 122909434                              {pd product} {ergonomic}
    uintx ProfiledCodeHeapSize                     = 122909434                              {pd product} {ergonomic}
    uintx ReservedCodeCacheSize                    = 251658240                              {pd product} {ergonomic}
     bool SegmentedCodeCache                       = true                                      {product} {ergonomic}
   size_t SoftMaxHeapSize                          = 4294967296                             {manageable} {ergonomic}
     bool UseCompressedClassPointers               = true                           {product lp64_product} {ergonomic}
     bool UseCompressedOops                        = true                           {product lp64_product} {ergonomic}
     bool UseG1GC                                  = true                                      {product} {ergonomic}
     bool UseLargePagesIndividualAllocation        = false                                  {pd product} {ergonomic}

Logging:
Log output configuration:
 #0: stdout all=warning uptime,level,tags
 #1: stderr all=off uptime,level,tags

Environment Variables:
JAVA_HOME=C:\Program Files\Microsoft\jdk-17.0.13.11-hotspot
CLASSPATH=C:\InternshipTask\oxfan\android\\gradle\wrapper\gradle-wrapper.jar
PATH=C:\InternshipTask\oxfan\node_modules\.bin;C:\InternshipTask\node_modules\.bin;C:\node_modules\.bin;C:\Users\laxman\AppData\Roaming\npm\node_modules\npm\node_modules\@npmcli\run-script\lib\node-gyp-bin;C:\Users\laxman\bin;C:\Program Files\Git\mingw64\bin;C:\Program Files\Git\usr\local\bin;C:\Program Files\Git\usr\bin;C:\Program Files\Git\usr\bin;C:\Program Files\Git\mingw64\bin;C:\Program Files\Git\usr\bin;C:\Users\laxman\bin;C:\Windows\system32;C:\Windows;C:\Windows\System32\Wbem;C:\Windows\System32\WindowsPowerShell\v1.0;C:\Windows\System32\OpenSSH;C:\Program Files\Git\cmd;C:\ProgramData\chocolatey\bin;C:\Users\laxman\AppData\Local\Android\Sdk\platforms;C:\Users\laxman\AppData\Local\Android\Sdk;C:\Users\laxman\AppData\Local\Android\Sdk\platform-tools;C:\Users\laxman\AppData\Local\Android\Sdk\build-tools;C:\Users\laxman\AppData\Local\Android\Sdk\emulator;C:\Program Files\Microsoft\jdk-17.0.13.11-hotspot\bin;C:\Program Files\nodejs;C:\Users\laxman\AppData\Local\Android\Sdk\tools;C:\Users\laxman\AppData\Local\Microsoft\WindowsApps;C:\Users\laxman\AppData\Local\Programs\Microsoft VS Code\bin;C:\jdk-20\bin;C:\Users\laxman\AppData\Local\Android\Sdk;C:\Users\laxman\AppData\Local\Android\Sdk\platform-tools;C:\Users\laxman\AppData\Local\Android\Sdk\emulator;C:\Users\laxman\AppData\Local\Android\Sdk\build-tools;C:\Users\laxman\AppData\Local\Android\Sdk\platforms;C:\Program Files\Microsoft\jdk-17.0.13.11-hotspot\bin;C:\Users\laxman\AppData\Roaming\npm;C:\Users\laxman\AppData\Roaming\Code\User\globalStorage\github.copilot-chat\debugCommand;C:\Program Files\Git\usr\bin\vendor_perl;C:\Program Files\Git\usr\bin\core_perl
USERNAME=laxman
SHELL=C:\Program Files\Git\usr\bin\bash.exe
DISPLAY=needs-to-be-defined
LANG=en_US.UTF-8
TERM=xterm-256color
TMPDIR=C:\Users\laxman\AppData\Local\Temp
OS=Windows_NT
PROCESSOR_IDENTIFIER=AMD64 Family 23 Model 104 Stepping 1, AuthenticAMD
TMP=C:\Users\laxman\AppData\Local\Temp
TEMP=C:\Users\laxman\AppData\Local\Temp



Periodic native trim disabled


---------------  S Y S T E M  ---------------

OS:
 Windows 11 , 64 bit Build 22621 (10.0.22621.5262)
OS uptime: 0 days 12:19 hours

CPU: total 12 (initial active 12) (12 cores per cpu, 2 threads per core) family 23 model 104 stepping 1 microcode 0x0, cx8, cmov, fxsr, ht, mmx, 3dnowpref, sse, sse2, sse3, ssse3, sse4a, sse4.1, sse4.2, popcnt, lzcnt, tsc, tscinvbit, avx, avx2, aes, clmul, bmi1, bmi2, adx, sha, fma, vzeroupper, clflush, clflushopt
Processor Information for processor 0
  Max Mhz: 2100, Current Mhz: 2100, Mhz Limit: 2100
Processor Information for processor 1
  Max Mhz: 2100, Current Mhz: 2100, Mhz Limit: 2100
Processor Information for processor 2
  Max Mhz: 2100, Current Mhz: 2100, Mhz Limit: 2100
Processor Information for processor 3
  Max Mhz: 2100, Current Mhz: 2100, Mhz Limit: 2100
Processor Information for processor 4
  Max Mhz: 2100, Current Mhz: 1988, Mhz Limit: 2100
Processor Information for processor 5
  Max Mhz: 2100, Current Mhz: 2100, Mhz Limit: 2100
Processor Information for processor 6
  Max Mhz: 2100, Current Mhz: 2100, Mhz Limit: 2100
Processor Information for processor 7
  Max Mhz: 2100, Current Mhz: 2100, Mhz Limit: 2100
Processor Information for processor 8
  Max Mhz: 2100, Current Mhz: 2100, Mhz Limit: 2100
Processor Information for processor 9
  Max Mhz: 2100, Current Mhz: 2100, Mhz Limit: 2100
Processor Information for processor 10
  Max Mhz: 2100, Current Mhz: 2100, Mhz Limit: 2100
Processor Information for processor 11
  Max Mhz: 2100, Current Mhz: 2100, Mhz Limit: 2100

Memory: 4k page, system-wide physical 5989M (863M free)
TotalPageFile size 24421M (AvailPageFile size 3M)
current process WorkingSet (physical memory assigned to process): 984M, peak: 1376M
current process commit charge ("private bytes"): 1699M, peak: 2877M

vm_info: OpenJDK 64-Bit Server VM (17.0.13+11-LTS) for windows-amd64 JRE (17.0.13+11-LTS), built on Oct 11 2024 23:25:05 by "MicrosoftCorporation" with unknown MS VC++:1939

END.
